customer_id,company_name,plan,mrr,start_date,status,tenure_months,seats,industry,avg_dau,login_days_30,features_used,support_tickets
cust_1,Company_1,growth,799,2023-01-13,active,24,2,Ecommerce,7.5,21,2,4
cust_2,Company_2,growth,799,2023-01-16,active,3,5,Other,0.8,6,7,1
cust_3,Company_3,growth,799,2023-05-23,active,1,2,Healthcare,3.7,4,4,2
cust_4,Company_4,starter,299,2023-07-14,active,4,3,Other,3.0,1,8,4
cust_5,Company_5,starter,299,2023-07-13,active,3,5,Finance,6.0,22,2,0
cust_6,Company_6,growth,799,2023-05-29,active,3,1,Healthcare,3.1,20,6,1
cust_7,Company_7,starter,299,2023-04-18,active,22,1,Other,6.5,17,4,1
cust_8,Company_8,growth,799,2023-05-19,active,21,2,Finance,8.5,24,1,1
cust_9,Company_9,pro,1999,2023-06-11,active,13,2,Other,8.8,10,4,5
cust_10,Company_10,growth,799,2023-11-26,active,15,2,Ecommerce,7.6,17,5,5
cust_11,Company_11,growth,799,2023-10-26,active,13,2,Other,5.2,24,1,0
cust_12,Company_12,starter,299,2023-03-23,active,22,1,Healthcare,4.1,14,5,4
cust_13,Company_13,pro,1999,2023-01-06,active,22,5,Finance,7.8,10,2,2
cust_14,Company_14,growth,799,2023-08-21,active,1,3,Other,7.7,16,2,5
cust_15,Company_15,starter,299,2023-11-24,active,17,2,Finance,7.7,17,1,4
cust_16,Company_16,starter,299,2023-01-10,active,4,3,Ecommerce,1.1,28,2,0
cust_17,Company_17,pro,1999,2023-02-05,active,18,2,Healthcare,9.5,5,5,4
cust_18,Company_18,pro,1999,2023-08-05,active,7,2,Finance,4.3,21,6,3
cust_19,Company_19,pro,1999,2023-08-20,active,4,1,Finance,0.7,17,4,4
cust_20,Company_20,starter,299,2023-02-06,active,23,2,SaaS,9.1,27,6,0
cust_21,Company_21,growth,799,2023-05-23,active,22,5,Ecommerce,7.4,28,8,1
cust_22,Company_22,pro,1999,2023-07-28,active,7,4,Finance,4.5,14,1,5
cust_23,Company_23,growth,799,2023-11-27,churned,4,3,SaaS,2.9,6,8,1
cust_24,Company_24,growth,799,2023-05-23,active,15,1,Healthcare,8.2,27,2,0
cust_25,Company_25,growth,799,2023-10-04,active,1,2,Ecommerce,4.4,15,4,3
cust_26,Company_26,enterprise,4999,2023-03-26,churned,13,25,Finance,9.3,25,8,2
cust_27,Company_27,growth,799,2023-10-12,active,22,2,Ecommerce,3.3,30,1,4
cust_28,Company_28,pro,1999,2023-02-01,active,24,1,Other,5.0,29,3,0
cust_29,Company_29,enterprise,4999,2023-02-11,active,6,5,Ecommerce,4.3,30,4,4
cust_30,Company_30,growth,799,2023-11-14,active,3,5,Other,5.5,29,5,1
cust_31,Company_31,growth,799,2023-06-10,active,8,2,Finance,4.8,29,2,0
cust_32,Company_32,growth,799,2023-10-16,churned,4,2,Other,3.0,29,6,0
cust_33,Company_33,pro,1999,2023-07-09,active,10,5,Finance,6.3,25,1,5
cust_34,Company_34,pro,1999,2023-06-03,active,22,2,Finance,1.6,3,3,2
cust_35,Company_35,starter,299,2023-04-18,active,23,3,Other,5.1,28,1,0
cust_36,Company_36,growth,799,2023-05-22,churned,2,2,Finance,2.0,14,7,4
cust_37,Company_37,starter,299,2023-02-08,active,23,5,SaaS,8.4,18,3,3
cust_38,Company_38,starter,299,2023-06-07,active,12,1,Finance,2.5,7,2,2
cust_39,Company_39,pro,1999,2023-07-28,active,20,2,Ecommerce,9.8,25,3,3
cust_40,Company_40,starter,299,2023-06-20,active,14,2,Finance,2.0,22,2,3
cust_41,Company_41,pro,1999,2023-08-29,active,8,4,Finance,3.4,25,4,1
cust_42,Company_42,starter,299,2023-04-09,active,13,1,Finance,3.8,16,7,5
cust_43,Company_43,enterprise,4999,2023-10-02,active,11,8,Finance,2.2,30,5,0
cust_44,Company_44,starter,299,2023-08-11,active,12,3,Healthcare,6.3,16,2,3
cust_45,Company_45,pro,1999,2023-04-08,churned,9,4,SaaS,5.4,25,4,2
cust_46,Company_46,growth,799,2023-12-07,active,11,1,Finance,5.3,21,7,2
cust_47,Company_47,growth,799,2023-06-01,active,18,4,Healthcare,6.9,28,3,4
cust_48,Company_48,growth,799,2023-07-27,active,18,3,Finance,2.5,25,6,3
cust_49,Company_49,growth,799,2023-12-12,active,7,2,SaaS,3.2,21,6,0
cust_50,Company_50,pro,1999,2023-05-01,active,22,2,Ecommerce,0.7,7,8,4
cust_51,Company_51,pro,1999,2023-02-07,active,15,5,Ecommerce,7.3,12,8,3
cust_52,Company_52,starter,299,2023-12-02,churned,23,1,Healthcare,2.6,25,8,0
cust_53,Company_53,growth,799,2023-03-04,active,15,4,Other,9.9,19,6,3
cust_54,Company_54,growth,799,2023-09-16,active,14,5,Healthcare,9.0,23,8,3
cust_55,Company_55,starter,299,2023-05-07,active,21,5,Healthcare,6.5,8,8,0
cust_56,Company_56,pro,1999,2023-05-01,active,9,5,SaaS,1.8,7,7,5
cust_57,Company_57,starter,299,2023-04-20,active,3,3,Other,4.9,1,4,3
cust_58,Company_58,starter,299,2023-10-27,churned,23,5,Healthcare,5.0,30,6,2
cust_59,Company_59,pro,1999,2023-08-03,active,18,5,Other,9.0,15,4,2
cust_60,Company_60,growth,799,2023-01-15,active,13,4,Ecommerce,8.5,29,3,4
cust_61,Company_61,growth,799,2023-07-21,active,19,1,SaaS,6.6,4,8,1
cust_62,Company_62,starter,299,2023-07-14,active,11,3,Finance,7.7,12,5,3
cust_63,Company_63,starter,299,2023-02-11,churned,16,5,SaaS,10.0,11,4,5
cust_64,Company_64,starter,299,2023-11-30,active,2,2,Ecommerce,8.5,19,3,1
cust_65,Company_65,starter,299,2023-12-09,active,4,2,Healthcare,7.1,24,6,1
cust_66,Company_66,growth,799,2023-02-28,active,6,1,Other,0.7,9,7,3
cust_67,Company_67,enterprise,4999,2023-04-12,active,3,41,Ecommerce,1.5,24,5,5
cust_68,Company_68,growth,799,2023-03-03,active,19,3,Other,4.6,11,2,4
cust_69,Company_69,growth,799,2023-01-07,active,14,1,Healthcare,9.6,20,8,5
cust_70,Company_70,starter,299,2023-04-01,active,24,3,Other,8.2,17,8,3
cust_71,Company_71,growth,799,2023-10-31,active,9,2,SaaS,3.1,14,4,3
cust_72,Company_72,growth,799,2023-12-09,active,13,4,Finance,2.2,6,6,2
cust_73,Company_73,starter,299,2023-11-02,active,23,5,SaaS,5.4,6,2,1
cust_74,Company_74,pro,1999,2023-09-08,active,18,4,Healthcare,4.8,0,2,2
cust_75,Company_75,starter,299,2023-12-21,active,8,5,Finance,5.0,16,6,3
cust_76,Company_76,enterprise,4999,2023-10-09,active,11,30,Finance,3.4,7,2,5
cust_77,Company_77,starter,299,2023-03-03,active,24,2,Ecommerce,2.6,15,5,5
cust_78,Company_78,growth,799,2023-09-26,active,20,1,Ecommerce,3.3,11,3,2
cust_79,Company_79,starter,299,2023-10-01,active,5,1,Other,3.3,30,3,5
cust_80,Company_80,pro,1999,2023-09-09,active,4,5,Finance,5.0,14,6,1
cust_81,Company_81,enterprise,4999,2023-05-10,active,16,5,Healthcare,5.2,18,1,1
cust_82,Company_82,starter,299,2023-10-16,churned,10,2,SaaS,5.8,13,4,4
cust_83,Company_83,starter,299,2023-08-15,active,10,4,Finance,5.9,1,2,1
cust_84,Company_84,growth,799,2023-05-16,active,22,2,Ecommerce,5.7,5,1,3
cust_85,Company_85,growth,799,2023-11-01,active,16,2,Finance,7.2,22,8,0
cust_86,Company_86,growth,799,2023-05-16,active,21,2,Healthcare,1.6,7,3,2
cust_87,Company_87,pro,1999,2023-02-06,active,2,3,Other,7.6,18,5,3
cust_88,Company_88,starter,299,2023-12-19,active,10,3,Other,5.6,14,2,4
cust_89,Company_89,starter,299,2023-08-10,active,24,3,SaaS,1.4,30,1,5
cust_90,Company_90,pro,1999,2023-10-23,active,2,2,Healthcare,5.4,14,5,1
cust_91,Company_91,enterprise,4999,2023-08-12,active,21,6,Healthcare,3.8,10,6,5
cust_92,Company_92,starter,299,2023-03-24,active,11,4,Finance,6.8,12,1,3
cust_93,Company_93,starter,299,2023-05-10,churned,11,4,Other,8.3,0,8,3
cust_94,Company_94,starter,299,2023-09-23,active,12,4,Healthcare,7.7,6,5,4
cust_95,Company_95,starter,299,2023-05-28,active,15,4,SaaS,0.8,20,4,5
cust_96,Company_96,starter,299,2023-10-10,active,1,1,Ecommerce,9.9,29,2,3
cust_97,Company_97,enterprise,4999,2023-11-28,active,5,46,Finance,5.3,8,7,3
cust_98,Company_98,enterprise,4999,2023-05-05,active,15,25,Ecommerce,9.3,16,3,0
cust_99,Company_99,starter,299,2023-08-01,active,11,5,Finance,8.3,9,5,4
cust_100,Company_100,growth,799,2023-12-04,active,16,4,Other,5.1,10,7,3
cust_101,Company_101,enterprise,4999,2023-04-07,active,23,25,Ecommerce,8.6,13,1,2
cust_102,Company_102,pro,1999,2023-12-28,active,13,2,Healthcare,9.7,4,6,0
cust_103,Company_103,pro,1999,2023-08-14,active,4,4,SaaS,7.4,13,3,0
cust_104,Company_104,growth,799,2023-05-16,active,11,4,SaaS,8.6,27,7,2
cust_105,Company_105,growth,799,2023-09-07,churned,18,1,Ecommerce,6.5,29,5,1
cust_106,Company_106,pro,1999,2023-08-11,active,4,1,Healthcare,2.1,9,1,0
cust_107,Company_107,starter,299,2023-01-29,active,10,4,Ecommerce,2.8,13,3,1
cust_108,Company_108,starter,299,2023-11-09,active,13,2,Healthcare,9.2,4,4,3
cust_109,Company_109,growth,799,2023-08-24,active,9,4,Finance,6.9,5,2,3
cust_110,Company_110,enterprise,4999,2023-10-28,active,10,28,Finance,4.8,9,4,3
cust_111,Company_111,pro,1999,2023-02-24,active,8,3,Other,3.3,22,5,0
cust_112,Company_112,enterprise,4999,2023-12-04,active,13,37,SaaS,9.2,23,8,2
cust_113,Company_113,pro,1999,2023-04-28,active,20,2,Ecommerce,6.4,21,3,5
cust_114,Company_114,starter,299,2023-11-18,churned,21,4,SaaS,6.0,23,3,0
cust_115,Company_115,enterprise,4999,2023-06-17,active,24,13,Ecommerce,8.0,28,6,4
cust_116,Company_116,growth,799,2023-05-20,active,6,4,Finance,7.6,10,2,3
cust_117,Company_117,enterprise,4999,2023-03-14,active,8,47,Healthcare,9.7,25,6,0
cust_118,Company_118,pro,1999,2023-01-08,active,9,4,Finance,6.9,21,5,4
cust_119,Company_119,starter,299,2023-11-23,churned,12,2,Healthcare,0.7,28,6,4
cust_120,Company_120,starter,299,2023-02-02,active,21,3,Healthcare,1.6,1,1,2
cust_121,Company_121,enterprise,4999,2023-03-01,active,4,35,Ecommerce,4.2,11,7,4
cust_122,Company_122,pro,1999,2023-03-21,active,14,4,Other,4.4,30,5,0
cust_123,Company_123,growth,799,2023-04-22,active,15,2,Finance,1.4,21,6,4
cust_124,Company_124,enterprise,4999,2023-11-27,active,12,18,Ecommerce,9.7,30,8,0
cust_125,Company_125,growth,799,2023-11-25,active,21,1,SaaS,8.0,7,3,4
cust_126,Company_126,starter,299,2023-10-11,active,7,2,Finance,7.9,25,1,2
cust_127,Company_127,pro,1999,2023-03-16,active,5,2,SaaS,6.8,0,3,0
cust_128,Company_128,starter,299,2023-05-02,active,19,2,Finance,1.0,23,7,4
cust_129,Company_129,starter,299,2023-02-02,active,16,3,Other,6.1,14,4,4
cust_130,Company_130,starter,299,2023-12-04,active,17,1,SaaS,10.0,27,7,3
cust_131,Company_131,growth,799,2023-09-09,active,23,1,SaaS,3.6,4,2,1
cust_132,Company_132,starter,299,2023-11-21,active,19,3,Healthcare,9.9,16,5,3
cust_133,Company_133,growth,799,2023-08-09,active,4,1,Other,7.3,6,7,3
cust_134,Company_134,pro,1999,2023-07-31,active,11,4,Healthcare,7.4,10,7,2
cust_135,Company_135,growth,799,2023-07-11,active,5,4,SaaS,1.4,2,2,3
cust_136,Company_136,starter,299,2023-07-10,active,5,5,Other,5.8,21,2,3
cust_137,Company_137,starter,299,2023-12-07,active,14,1,Finance,6.2,11,2,4
cust_138,Company_138,growth,799,2023-03-21,active,22,1,Finance,8.5,11,2,2
cust_139,Company_139,growth,799,2023-08-08,active,18,5,Other,6.9,17,1,4
cust_140,Company_140,enterprise,4999,2023-12-22,churned,9,18,Finance,9.3,11,1,1
cust_141,Company_141,pro,1999,2023-10-17,active,22,2,SaaS,1.4,16,4,3
cust_142,Company_142,growth,799,2023-06-24,active,6,3,Other,6.2,28,1,1
cust_143,Company_143,starter,299,2023-11-13,active,2,3,Healthcare,6.8,15,8,3
cust_144,Company_144,starter,299,2023-09-20,active,4,1,Finance,6.9,18,8,4
cust_145,Company_145,growth,799,2023-01-24,active,8,5,SaaS,0.6,9,4,1
cust_146,Company_146,pro,1999,2023-05-29,active,11,4,Healthcare,2.2,12,4,4
cust_147,Company_147,growth,799,2023-12-09,churned,12,1,Healthcare,0.7,29,2,2
cust_148,Company_148,growth,799,2023-10-21,active,13,4,Finance,1.6,0,6,1
cust_149,Company_149,pro,1999,2023-11-13,active,15,3,SaaS,4.6,3,4,3
cust_150,Company_150,growth,799,2023-09-26,active,3,3,Finance,2.6,24,3,0
cust_151,Company_151,growth,799,2023-02-28,active,17,3,Finance,7.4,26,3,1
cust_152,Company_152,starter,299,2023-05-12,active,7,2,SaaS,2.2,24,8,3
cust_153,Company_153,pro,1999,2023-10-24,active,15,5,Other,3.6,20,6,1
cust_154,Company_154,growth,799,2023-08-29,active,15,3,Other,1.0,16,2,2
cust_155,Company_155,growth,799,2023-01-20,active,2,3,SaaS,6.6,27,2,4
cust_156,Company_156,growth,799,2023-07-16,active,15,1,Healthcare,9.1,18,4,2
cust_157,Company_157,growth,799,2023-09-14,active,5,4,SaaS,8.2,26,6,5
cust_158,Company_158,starter,299,2023-11-27,churned,6,4,Healthcare,5.5,19,3,2
cust_159,Company_159,starter,299,2023-05-25,active,13,3,Other,1.0,20,6,0
cust_160,Company_160,starter,299,2023-10-13,active,22,3,Other,8.8,10,2,4
cust_161,Company_161,growth,799,2023-06-29,active,10,4,Ecommerce,6.2,30,2,2
cust_162,Company_162,growth,799,2023-11-26,active,11,5,SaaS,6.6,13,6,0
cust_163,Company_163,starter,299,2023-04-03,active,7,4,Ecommerce,2.7,4,3,0
cust_164,Company_164,starter,299,2023-02-21,active,17,5,SaaS,6.8,28,3,4
cust_165,Company_165,starter,299,2023-03-25,active,6,5,Ecommerce,7.4,1,7,2
cust_166,Company_166,growth,799,2023-05-02,active,15,4,Ecommerce,5.6,9,8,1
cust_167,Company_167,starter,299,2023-10-20,active,15,3,Healthcare,5.3,13,3,1
cust_168,Company_168,pro,1999,2023-03-12,active,9,4,Finance,5.8,3,2,2
cust_169,Company_169,starter,299,2023-03-24,active,9,5,Ecommerce,8.4,2,4,3
cust_170,Company_170,pro,1999,2023-01-14,active,14,5,Finance,2.7,2,6,1
cust_171,Company_171,starter,299,2023-02-20,active,23,2,Ecommerce,0.9,29,8,5
cust_172,Company_172,pro,1999,2023-12-28,active,16,1,SaaS,0.7,6,3,4
cust_173,Company_173,enterprise,4999,2023-11-08,active,17,50,Finance,2.8,3,1,1
cust_174,Company_174,growth,799,2023-11-15,churned,15,4,Other,5.6,20,4,5
cust_175,Company_175,starter,299,2023-08-08,active,1,2,Other,4.5,21,2,4
cust_176,Company_176,enterprise,4999,2023-02-04,active,17,33,Other,0.7,27,8,0
cust_177,Company_177,growth,799,2023-07-11,active,9,3,SaaS,3.8,23,2,4
cust_178,Company_178,pro,1999,2023-06-20,churned,5,5,Finance,8.2,5,8,5
cust_179,Company_179,growth,799,2023-04-04,churned,5,4,SaaS,3.3,1,4,0
cust_180,Company_180,starter,299,2023-06-08,active,17,5,Healthcare,2.9,24,4,2
cust_181,Company_181,starter,299,2023-01-25,active,21,1,Finance,4.7,12,8,3
cust_182,Company_182,starter,299,2023-04-06,active,16,3,Other,3.0,2,7,0
cust_183,Company_183,growth,799,2023-04-03,active,18,1,SaaS,3.6,9,5,3
cust_184,Company_184,growth,799,2023-08-07,active,6,3,Healthcare,0.9,27,6,4
cust_185,Company_185,enterprise,4999,2023-05-21,active,21,4,SaaS,6.9,12,6,4
cust_186,Company_186,pro,1999,2023-12-14,active,6,2,Other,6.9,14,1,1
cust_187,Company_187,starter,299,2023-11-27,active,12,5,SaaS,6.2,21,8,2
cust_188,Company_188,starter,299,2023-02-09,churned,19,3,Healthcare,3.5,8,4,0
cust_189,Company_189,starter,299,2023-04-06,active,16,5,SaaS,3.0,8,8,1
cust_190,Company_190,enterprise,4999,2023-05-27,active,23,32,Ecommerce,1.7,27,2,3
cust_191,Company_191,starter,299,2024-01-01,active,15,3,Finance,7.2,17,5,2
cust_192,Company_192,pro,1999,2023-12-31,active,23,2,Finance,5.3,3,4,1
cust_193,Company_193,starter,299,2023-09-10,active,1,5,Finance,4.9,17,3,4
cust_194,Company_194,pro,1999,2023-02-03,active,10,4,Other,4.4,13,2,1
cust_195,Company_195,enterprise,4999,2023-11-25,active,3,44,Other,3.8,28,3,1
cust_196,Company_196,growth,799,2023-01-29,active,4,3,Ecommerce,2.0,29,4,2
cust_197,Company_197,enterprise,4999,2023-09-23,active,10,17,Ecommerce,6.5,17,5,1
cust_198,Company_198,growth,799,2023-11-11,active,18,2,Other,9.4,4,3,5
cust_199,Company_199,growth,799,2023-11-06,active,11,5,SaaS,8.3,0,2,0
cust_200,Company_200,enterprise,4999,2023-10-23,active,9,50,Other,4.5,20,1,3
cust_201,Company_201,pro,1999,2023-10-07,active,10,3,Healthcare,2.8,25,7,2
cust_202,Company_202,growth,799,2023-12-19,active,2,4,Healthcare,4.9,10,3,2
cust_203,Company_203,pro,1999,2023-06-13,active,24,3,Healthcare,1.7,11,2,2
cust_204,Company_204,starter,299,2023-03-04,active,9,2,SaaS,1.0,30,7,4
cust_205,Company_205,growth,799,2023-03-23,active,11,3,Ecommerce,7.7,15,8,3
cust_206,Company_206,pro,1999,2023-09-12,active,1,4,Other,4.8,7,4,4
cust_207,Company_207,starter,299,2023-01-26,active,10,4,Finance,5.6,27,2,3
cust_208,Company_208,starter,299,2023-05-16,active,24,4,Finance,0.9,1,4,2
cust_209,Company_209,growth,799,2023-02-07,active,13,5,Finance,8.3,19,2,1
cust_210,Company_210,enterprise,4999,2023-07-21,active,12,22,Other,9.4,24,3,1
cust_211,Company_211,growth,799,2023-07-25,churned,17,1,Ecommerce,7.3,25,8,4
cust_212,Company_212,growth,799,2023-11-07,active,17,5,Finance,2.0,19,5,4
cust_213,Company_213,starter,299,2023-09-18,active,18,5,Finance,5.0,0,6,2
cust_214,Company_214,growth,799,2023-08-02,active,19,1,Other,5.0,30,4,5
cust_215,Company_215,starter,299,2023-09-03,active,6,5,Healthcare,1.9,21,4,0
cust_216,Company_216,growth,799,2023-12-25,active,4,4,Finance,4.5,13,4,3
cust_217,Company_217,growth,799,2023-11-10,active,16,1,Ecommerce,5.4,17,6,5
cust_218,Company_218,growth,799,2023-07-12,active,11,4,Other,3.8,11,5,4
cust_219,Company_219,growth,799,2023-05-07,active,9,2,Finance,7.8,22,4,5
cust_220,Company_220,pro,1999,2023-06-12,active,16,3,Finance,1.7,21,7,3
cust_221,Company_221,pro,1999,2023-03-16,churned,10,1,Finance,9.3,20,5,5
cust_222,Company_222,growth,799,2023-04-14,active,18,5,Finance,1.8,19,4,1
cust_223,Company_223,starter,299,2023-09-29,active,8,1,SaaS,4.4,22,8,0
cust_224,Company_224,growth,799,2023-03-12,active,1,2,Healthcare,6.7,28,8,3
cust_225,Company_225,growth,799,2023-05-28,active,11,1,SaaS,6.7,7,1,1
cust_226,Company_226,growth,799,2023-04-01,active,2,4,Healthcare,2.3,23,5,0
cust_227,Company_227,starter,299,2023-10-18,churned,20,3,Finance,4.8,20,8,1
cust_228,Company_228,pro,1999,2023-08-28,active,9,1,Finance,2.0,14,5,5
cust_229,Company_229,starter,299,2023-06-22,active,10,2,Ecommerce,6.3,20,7,3
cust_230,Company_230,growth,799,2023-02-14,active,13,2,Ecommerce,5.0,29,4,0
cust_231,Company_231,starter,299,2023-05-01,active,15,3,Finance,6.0,18,1,2
cust_232,Company_232,growth,799,2023-12-21,churned,8,1,Healthcare,3.4,12,5,5
cust_233,Company_233,starter,299,2023-06-01,active,12,2,Ecommerce,5.0,14,6,3
cust_234,Company_234,pro,1999,2023-08-30,active,18,2,Ecommerce,7.0,19,2,4
cust_235,Company_235,growth,799,2023-12-27,churned,12,5,SaaS,1.1,17,4,4
cust_236,Company_236,growth,799,2023-03-26,active,11,4,SaaS,7.0,22,8,0
cust_237,Company_237,pro,1999,2023-08-17,active,2,5,Healthcare,4.8,1,8,5
cust_238,Company_238,pro,1999,2023-01-12,active,13,1,Ecommerce,6.0,1,7,2
cust_239,Company_239,pro,1999,2023-10-05,active,2,1,Healthcare,0.8,13,3,1
cust_240,Company_240,pro,1999,2023-11-27,active,14,4,Healthcare,8.8,29,7,3
cust_241,Company_241,starter,299,2023-12-05,churned,18,3,SaaS,2.2,17,7,4
cust_242,Company_242,starter,299,2023-04-25,active,1,3,Healthcare,6.9,17,7,4
cust_243,Company_243,starter,299,2023-04-28,active,8,2,Finance,2.3,28,2,0
cust_244,Company_244,pro,1999,2023-08-03,active,20,1,Ecommerce,2.5,3,1,3
cust_245,Company_245,growth,799,2023-12-27,active,2,1,Healthcare,4.7,17,4,0
cust_246,Company_246,starter,299,2023-05-29,active,8,5,Finance,6.0,24,6,1
cust_247,Company_247,starter,299,2023-03-15,active,22,4,Finance,3.1,17,3,5
cust_248,Company_248,growth,799,2023-10-12,churned,16,3,Healthcare,8.0,10,7,3
cust_249,Company_249,starter,299,2023-07-12,active,6,4,Ecommerce,8.6,9,3,3
cust_250,Company_250,enterprise,4999,2023-10-15,active,14,36,Other,1.8,7,5,1
cust_251,Company_251,starter,299,2023-02-10,active,15,1,Other,7.4,6,1,2
cust_252,Company_252,starter,299,2023-11-06,churned,20,1,Ecommerce,8.1,18,4,3
cust_253,Company_253,starter,299,2023-06-20,active,10,1,Ecommerce,9.4,30,2,5
cust_254,Company_254,enterprise,4999,2023-09-03,active,8,46,Ecommerce,4.3,7,6,2
cust_255,Company_255,starter,299,2023-10-01,active,21,3,Finance,5.4,15,8,0
cust_256,Company_256,pro,1999,2023-08-29,active,11,3,Finance,4.4,18,4,5
cust_257,Company_257,starter,299,2023-05-14,active,18,5,Healthcare,3.3,6,6,1
cust_258,Company_258,starter,299,2023-05-06,active,16,3,Finance,7.8,15,8,3
cust_259,Company_259,starter,299,2023-06-30,churned,6,5,Healthcare,2.2,28,1,4
cust_260,Company_260,starter,299,2023-02-08,churned,22,1,Healthcare,1.8,20,4,0
cust_261,Company_261,pro,1999,2023-01-05,active,7,3,SaaS,6.4,21,8,5
cust_262,Company_262,growth,799,2023-01-04,active,18,1,SaaS,5.5,8,5,0
cust_263,Company_263,growth,799,2023-12-24,active,22,2,SaaS,9.2,16,3,1
cust_264,Company_264,starter,299,2023-09-27,active,9,3,Healthcare,1.3,30,7,3
cust_265,Company_265,growth,799,2023-12-23,active,8,1,SaaS,1.4,12,7,4
cust_266,Company_266,growth,799,2023-11-23,active,1,1,Healthcare,8.5,20,6,4
cust_267,Company_267,enterprise,4999,2023-02-18,active,17,15,Ecommerce,9.1,22,8,2
cust_268,Company_268,starter,299,2023-02-08,active,22,5,Other,6.8,5,6,0
cust_269,Company_269,enterprise,4999,2023-10-28,active,5,46,Healthcare,9.3,9,3,4
cust_270,Company_270,starter,299,2023-07-19,active,22,3,Healthcare,7.7,4,2,4
cust_271,Company_271,pro,1999,2023-06-27,active,2,2,SaaS,3.7,24,7,2
cust_272,Company_272,starter,299,2023-05-20,active,15,3,Other,9.4,13,3,5
cust_273,Company_273,growth,799,2023-07-14,active,3,3,Ecommerce,7.3,2,5,1
cust_274,Company_274,starter,299,2023-11-21,active,5,3,Finance,1.5,0,5,3
cust_275,Company_275,starter,299,2023-05-19,churned,4,2,Healthcare,4.8,17,7,0
cust_276,Company_276,starter,299,2023-07-01,churned,18,5,Finance,8.7,0,5,3
cust_277,Company_277,starter,299,2023-02-13,active,24,2,Other,5.5,21,7,1
cust_278,Company_278,starter,299,2023-06-04,active,9,1,Ecommerce,4.6,13,5,3
cust_279,Company_279,pro,1999,2023-07-04,active,9,4,Other,6.4,14,2,1
cust_280,Company_280,starter,299,2023-07-22,active,11,4,Finance,4.7,13,3,2
cust_281,Company_281,starter,299,2023-12-22,active,7,2,Healthcare,9.7,9,8,4
cust_282,Company_282,pro,1999,2023-06-16,active,13,4,Finance,1.6,18,4,4
cust_283,Company_283,enterprise,4999,2023-04-03,active,22,2,Healthcare,9.5,6,8,2
cust_284,Company_284,pro,1999,2023-02-05,active,14,2,Finance,2.8,21,3,5
cust_285,Company_285,growth,799,2023-07-13,active,3,5,Healthcare,6.0,17,7,4
cust_286,Company_286,starter,299,2023-07-04,active,23,5,Other,6.6,2,2,1
cust_287,Company_287,growth,799,2023-07-01,active,6,1,Other,9.8,21,7,2
cust_288,Company_288,enterprise,4999,2023-08-09,churned,4,17,Ecommerce,5.4,16,4,3
cust_289,Company_289,starter,299,2023-08-26,active,22,5,Ecommerce,3.8,0,8,0
cust_290,Company_290,starter,299,2023-02-13,active,4,2,Finance,3.5,14,4,4
cust_291,Company_291,growth,799,2023-09-01,active,4,4,Finance,1.1,1,2,0
cust_292,Company_292,pro,1999,2023-11-28,active,4,2,Ecommerce,5.4,17,3,2
cust_293,Company_293,growth,799,2023-08-25,active,8,2,Ecommerce,6.6,13,7,0
cust_294,Company_294,pro,1999,2023-04-12,active,15,4,SaaS,7.2,6,5,5
cust_295,Company_295,pro,1999,2023-02-02,active,19,5,Ecommerce,4.0,6,8,0
cust_296,Company_296,starter,299,2023-09-08,active,17,3,Other,4.2,12,2,2
cust_297,Company_297,starter,299,2023-08-23,active,20,3,Other,6.1,21,3,2
cust_298,Company_298,starter,299,2023-06-06,active,4,2,Other,4.2,19,3,4
cust_299,Company_299,starter,299,2023-04-06,active,16,2,Other,2.1,9,3,1
cust_300,Company_300,starter,299,2023-08-19,churned,20,3,SaaS,5.1,6,7,4
cust_301,Company_301,growth,799,2023-09-11,active,14,4,Healthcare,5.1,2,1,1
cust_302,Company_302,starter,299,2023-05-21,active,8,2,Healthcare,5.9,24,8,4
cust_303,Company_303,growth,799,2023-10-21,active,4,5,Finance,5.6,24,1,5
cust_304,Company_304,growth,799,2023-04-22,active,14,2,Finance,8.8,1,8,2
cust_305,Company_305,starter,299,2023-02-14,active,15,1,Ecommerce,2.5,23,6,5
cust_306,Company_306,growth,799,2023-08-08,active,6,2,Ecommerce,8.2,18,6,4
cust_307,Company_307,starter,299,2023-10-03,active,6,3,Finance,5.9,30,2,1
cust_308,Company_308,enterprise,4999,2023-07-30,active,2,42,Ecommerce,7.2,4,4,1
cust_309,Company_309,pro,1999,2023-05-07,active,22,2,Other,6.5,20,7,3
cust_310,Company_310,growth,799,2023-11-21,active,3,3,Finance,4.8,15,6,4
cust_311,Company_311,starter,299,2023-02-17,active,24,3,SaaS,8.1,12,4,3
cust_312,Company_312,pro,1999,2023-09-11,active,9,3,Finance,5.7,4,8,2
cust_313,Company_313,pro,1999,2023-01-25,active,2,4,SaaS,1.7,27,3,3
cust_314,Company_314,growth,799,2023-08-08,active,7,2,Finance,2.0,29,5,0
cust_315,Company_315,growth,799,2023-05-09,active,3,2,SaaS,4.3,9,4,3
cust_316,Company_316,growth,799,2023-12-27,churned,4,4,SaaS,1.8,7,8,0
cust_317,Company_317,starter,299,2023-06-25,active,4,4,Ecommerce,5.0,7,7,0
cust_318,Company_318,pro,1999,2023-02-22,active,4,3,Ecommerce,4.1,26,3,5
cust_319,Company_319,enterprise,4999,2023-03-15,active,3,1,Other,6.7,14,6,5
cust_320,Company_320,starter,299,2023-03-19,active,14,4,Ecommerce,1.3,3,3,0
cust_321,Company_321,growth,799,2023-07-16,active,12,3,Ecommerce,2.9,20,2,1
cust_322,Company_322,growth,799,2023-11-04,active,24,1,Finance,2.5,19,4,5
cust_323,Company_323,starter,299,2023-11-27,active,2,2,Healthcare,4.2,7,8,5
cust_324,Company_324,growth,799,2023-09-28,active,1,3,Ecommerce,4.2,26,7,2
cust_325,Company_325,growth,799,2023-03-30,active,16,1,SaaS,6.1,0,5,1
cust_326,Company_326,starter,299,2023-01-31,active,13,5,Healthcare,4.5,12,2,5
cust_327,Company_327,growth,799,2023-11-12,active,5,3,SaaS,5.4,6,3,4
cust_328,Company_328,starter,299,2023-10-28,active,21,1,Finance,7.1,23,4,0
cust_329,Company_329,starter,299,2023-08-11,active,4,5,SaaS,3.4,23,3,0
cust_330,Company_330,starter,299,2023-03-12,churned,23,4,Finance,5.5,25,5,1
cust_331,Company_331,starter,299,2023-05-18,active,24,1,Finance,8.2,8,2,2
cust_332,Company_332,pro,1999,2023-10-23,active,21,4,Other,3.9,15,3,2
cust_333,Company_333,starter,299,2023-02-22,active,19,1,Ecommerce,7.5,0,1,0
cust_334,Company_334,starter,299,2023-08-30,active,12,2,Ecommerce,9.3,27,1,4
cust_335,Company_335,pro,1999,2024-01-01,active,24,2,Finance,2.9,29,6,2
cust_336,Company_336,pro,1999,2023-10-20,active,12,1,Ecommerce,2.6,16,1,3
cust_337,Company_337,starter,299,2023-08-27,active,10,3,Finance,1.3,14,1,2
cust_338,Company_338,starter,299,2023-10-16,active,10,2,Healthcare,4.0,15,4,5
cust_339,Company_339,enterprise,4999,2023-05-06,churned,5,27,SaaS,2.7,11,1,2
cust_340,Company_340,starter,299,2023-12-03,active,13,3,SaaS,2.4,7,7,3
cust_341,Company_341,enterprise,4999,2023-03-14,active,23,3,Ecommerce,9.0,16,7,5
cust_342,Company_342,pro,1999,2023-08-23,active,24,1,Other,1.8,26,7,0
cust_343,Company_343,growth,799,2023-02-01,active,14,2,Ecommerce,3.3,27,6,3
cust_344,Company_344,pro,1999,2023-06-17,active,11,2,SaaS,9.5,4,2,1
cust_345,Company_345,starter,299,2023-08-19,active,15,1,Other,3.9,24,4,3
cust_346,Company_346,starter,299,2023-05-16,churned,4,3,Other,0.9,26,6,1
cust_347,Company_347,starter,299,2023-05-08,active,12,1,Finance,3.0,5,1,3
cust_348,Company_348,pro,1999,2023-10-12,active,24,1,Healthcare,1.5,25,3,0
cust_349,Company_349,starter,299,2023-04-24,active,5,4,Finance,7.0,30,2,4
cust_350,Company_350,growth,799,2023-02-08,active,1,2,Healthcare,8.2,2,6,0
cust_351,Company_351,starter,299,2023-08-25,active,2,5,Healthcare,8.3,12,8,0
cust_352,Company_352,starter,299,2023-08-07,active,6,2,Finance,3.2,28,3,0
cust_353,Company_353,growth,799,2023-11-12,active,8,4,Healthcare,8.9,15,1,0
cust_354,Company_354,starter,299,2023-03-12,active,14,5,Ecommerce,6.5,25,1,3
cust_355,Company_355,pro,1999,2023-07-03,active,16,4,Finance,9.2,16,6,3
cust_356,Company_356,starter,299,2023-01-14,active,11,1,Finance,1.1,15,6,4
cust_357,Company_357,enterprise,4999,2023-03-23,active,4,16,Finance,5.6,25,1,1
cust_358,Company_358,growth,799,2023-07-18,active,12,2,Ecommerce,2.7,10,6,4
cust_359,Company_359,starter,299,2023-12-25,active,12,5,Ecommerce,5.8,6,8,4
cust_360,Company_360,starter,299,2023-09-09,churned,2,2,Other,2.6,16,8,0
cust_361,Company_361,starter,299,2023-11-11,active,7,3,Ecommerce,9.2,27,6,0
cust_362,Company_362,starter,299,2023-10-28,active,23,1,Other,8.7,30,2,2
cust_363,Company_363,pro,1999,2023-12-06,active,13,3,Finance,3.6,5,7,5
cust_364,Company_364,enterprise,4999,2023-11-29,active,11,36,Other,8.0,7,3,3
cust_365,Company_365,starter,299,2023-12-19,churned,10,1,Other,4.2,24,1,1
cust_366,Company_366,growth,799,2023-11-10,active,8,1,Healthcare,1.8,23,2,1
cust_367,Company_367,starter,299,2023-06-13,active,6,1,Finance,4.7,8,4,1
cust_368,Company_368,growth,799,2023-06-29,active,9,1,SaaS,4.2,23,7,1
cust_369,Company_369,pro,1999,2023-09-10,active,13,4,SaaS,8.4,25,4,1
cust_370,Company_370,growth,799,2023-01-18,churned,10,3,SaaS,1.2,5,7,1
cust_371,Company_371,pro,1999,2023-10-08,active,3,5,Healthcare,7.2,13,3,4
cust_372,Company_372,pro,1999,2023-03-22,active,2,2,Ecommerce,4.4,17,5,5
cust_373,Company_373,starter,299,2023-05-02,churned,4,5,Other,8.5,4,1,2
cust_374,Company_374,starter,299,2023-02-14,active,10,5,Healthcare,2.4,0,4,1
cust_375,Company_375,growth,799,2023-02-11,active,16,3,Healthcare,5.0,28,5,0
cust_376,Company_376,growth,799,2023-07-18,active,6,4,Finance,2.3,1,5,3
cust_377,Company_377,growth,799,2023-04-26,active,9,2,SaaS,1.3,11,7,4
cust_378,Company_378,starter,299,2023-02-01,active,13,4,Other,7.0,29,8,4
cust_379,Company_379,pro,1999,2023-09-01,active,10,1,Other,5.9,16,3,0
cust_380,Company_380,enterprise,4999,2023-08-18,active,6,11,Ecommerce,8.2,4,1,3
cust_381,Company_381,starter,299,2023-12-16,active,14,2,Other,2.9,29,2,0
cust_382,Company_382,starter,299,2023-07-23,active,18,3,Other,4.9,27,1,5
cust_383,Company_383,growth,799,2023-09-25,active,14,2,Ecommerce,5.9,18,2,0
cust_384,Company_384,growth,799,2023-02-21,active,10,3,Healthcare,3.0,20,8,4
cust_385,Company_385,growth,799,2023-01-20,active,6,2,Other,6.3,22,7,0
cust_386,Company_386,starter,299,2023-06-19,active,23,4,Finance,9.0,0,6,2
cust_387,Company_387,starter,299,2023-09-09,active,23,2,Ecommerce,3.4,23,8,2
cust_388,Company_388,starter,299,2023-08-02,active,20,2,Healthcare,2.5,26,7,5
cust_389,Company_389,growth,799,2023-09-22,active,12,5,Ecommerce,1.1,22,7,1
cust_390,Company_390,pro,1999,2023-09-26,churned,19,2,Ecommerce,8.5,7,1,3
cust_391,Company_391,starter,299,2023-07-04,active,23,3,Healthcare,5.3,20,2,5
cust_392,Company_392,starter,299,2023-07-10,active,16,2,Healthcare,6.1,11,6,1
cust_393,Company_393,pro,1999,2023-05-13,active,24,1,Finance,0.8,1,3,4
cust_394,Company_394,pro,1999,2023-04-20,active,8,2,Finance,6.7,16,1,5
cust_395,Company_395,starter,299,2023-03-09,active,21,1,Ecommerce,2.9,25,5,5
cust_396,Company_396,enterprise,4999,2023-11-26,active,9,25,Finance,4.9,6,8,2
cust_397,Company_397,growth,799,2023-11-16,active,13,1,Other,10.0,30,6,4
cust_398,Company_398,growth,799,2023-11-08,active,10,1,Healthcare,1.1,8,6,2
cust_399,Company_399,starter,299,2023-12-31,active,21,2,Other,7.8,28,1,4
cust_400,Company_400,growth,799,2023-06-13,active,22,1,Healthcare,10.0,8,7,3
cust_401,Company_401,starter,299,2023-01-19,active,19,5,Ecommerce,3.8,22,4,5
cust_402,Company_402,growth,799,2023-09-01,active,22,3,Ecommerce,8.5,28,3,2
cust_403,Company_403,starter,299,2023-03-07,active,24,5,Ecommerce,9.5,28,6,5
cust_404,Company_404,starter,299,2023-07-01,active,8,3,Healthcare,8.0,10,6,2
cust_405,Company_405,growth,799,2023-08-26,active,4,5,Other,9.5,2,8,1
cust_406,Company_406,growth,799,2023-12-15,active,13,4,SaaS,8.8,4,3,1
cust_407,Company_407,starter,299,2023-10-19,churned,15,2,SaaS,5.1,20,3,2
cust_408,Company_408,growth,799,2023-01-03,active,15,2,Other,7.8,15,2,1
cust_409,Company_409,growth,799,2023-11-21,active,14,4,Healthcare,0.5,17,4,5
cust_410,Company_410,starter,299,2023-01-08,active,11,5,Ecommerce,0.7,0,4,1
cust_411,Company_411,growth,799,2023-06-26,active,10,4,Other,6.1,5,2,0
cust_412,Company_412,starter,299,2023-05-29,active,15,5,Other,3.7,28,3,2
cust_413,Company_413,enterprise,4999,2023-09-08,active,12,11,Healthcare,0.7,7,3,1
cust_414,Company_414,pro,1999,2023-10-29,active,17,3,SaaS,4.1,20,5,4
cust_415,Company_415,growth,799,2023-11-01,active,2,1,SaaS,7.1,13,8,3
cust_416,Company_416,starter,299,2023-05-10,active,16,2,SaaS,3.4,21,2,5
cust_417,Company_417,growth,799,2023-11-15,active,20,4,SaaS,5.4,19,2,2
cust_418,Company_418,starter,299,2023-02-24,active,16,2,Finance,8.4,6,6,5
cust_419,Company_419,growth,799,2023-03-24,active,2,2,Healthcare,3.6,0,1,5
cust_420,Company_420,starter,299,2023-02-26,active,19,2,SaaS,7.9,2,2,2
cust_421,Company_421,growth,799,2023-08-22,active,10,1,SaaS,8.2,27,1,2
cust_422,Company_422,starter,299,2023-12-13,active,11,1,SaaS,8.6,28,1,0
cust_423,Company_423,pro,1999,2023-12-06,active,21,3,Healthcare,9.6,8,2,2
cust_424,Company_424,pro,1999,2023-04-04,active,4,4,Finance,8.4,22,8,3
cust_425,Company_425,growth,799,2023-03-27,active,4,1,Ecommerce,1.5,29,8,4
cust_426,Company_426,growth,799,2023-04-03,active,20,3,Other,0.8,21,3,3
cust_427,Company_427,enterprise,4999,2023-02-27,active,14,5,Finance,6.7,0,4,5
cust_428,Company_428,pro,1999,2023-09-23,active,17,5,SaaS,4.6,23,4,3
cust_429,Company_429,starter,299,2023-12-13,active,21,5,Other,1.0,20,3,4
cust_430,Company_430,pro,1999,2023-09-11,active,6,4,Finance,2.8,8,1,4
cust_431,Company_431,starter,299,2023-11-26,active,13,2,SaaS,4.9,25,8,0
cust_432,Company_432,pro,1999,2023-08-17,active,11,4,SaaS,1.5,13,1,4
cust_433,Company_433,growth,799,2023-02-16,active,20,3,Other,5.8,20,8,2
cust_434,Company_434,starter,299,2023-01-28,active,8,3,Other,7.8,19,8,5
cust_435,Company_435,growth,799,2023-08-20,active,4,2,SaaS,3.7,26,5,4
cust_436,Company_436,growth,799,2023-12-26,churned,4,2,Healthcare,1.8,22,7,0
cust_437,Company_437,starter,299,2023-04-11,churned,7,4,Ecommerce,4.8,25,4,5
cust_438,Company_438,starter,299,2023-08-01,active,2,5,SaaS,7.8,14,8,5
cust_439,Company_439,growth,799,2023-09-16,active,5,1,Other,7.5,17,7,4
cust_440,Company_440,growth,799,2023-09-18,active,6,2,Ecommerce,1.5,21,6,4
cust_441,Company_441,pro,1999,2023-08-03,active,20,2,Finance,4.3,10,5,3
cust_442,Company_442,pro,1999,2023-03-12,active,14,5,Finance,8.5,17,6,5
cust_443,Company_443,pro,1999,2023-10-11,active,21,2,Other,7.3,21,6,5
cust_444,Company_444,starter,299,2023-12-30,active,21,2,Other,5.7,20,6,5
cust_445,Company_445,starter,299,2023-06-30,active,18,5,Healthcare,6.9,28,5,3
cust_446,Company_446,pro,1999,2023-09-25,churned,4,2,SaaS,6.9,6,5,1
cust_447,Company_447,enterprise,4999,2023-12-16,active,9,4,Finance,2.4,17,1,2
cust_448,Company_448,pro,1999,2023-02-22,active,20,5,Ecommerce,7.6,17,7,1
cust_449,Company_449,growth,799,2023-12-23,active,10,1,Healthcare,4.2,30,6,4
cust_450,Company_450,starter,299,2023-05-09,active,7,4,Ecommerce,9.2,22,6,4
cust_451,Company_451,growth,799,2023-11-05,active,7,2,Finance,4.8,21,2,1
cust_452,Company_452,enterprise,4999,2023-09-21,active,4,28,Finance,5.8,4,3,4
cust_453,Company_453,pro,1999,2023-01-03,active,11,2,SaaS,2.0,10,1,5
cust_454,Company_454,growth,799,2023-12-05,active,10,5,Other,3.9,25,6,4
cust_455,Company_455,starter,299,2023-04-05,churned,17,5,Ecommerce,4.5,17,7,0
cust_456,Company_456,starter,299,2023-04-20,active,22,3,Finance,2.6,24,8,4
cust_457,Company_457,pro,1999,2023-11-29,active,1,3,Healthcare,2.8,20,4,0
cust_458,Company_458,growth,799,2023-06-14,active,13,1,Healthcare,2.9,23,5,0
cust_459,Company_459,enterprise,4999,2023-07-11,active,17,29,Healthcare,0.9,28,4,2
cust_460,Company_460,growth,799,2023-02-19,active,6,5,Other,0.6,2,4,5
cust_461,Company_461,growth,799,2023-04-20,active,22,1,Ecommerce,5.6,22,7,5
cust_462,Company_462,pro,1999,2023-02-06,active,24,1,Healthcare,7.3,1,2,0
cust_463,Company_463,starter,299,2023-05-09,churned,18,2,Finance,4.4,14,7,3
cust_464,Company_464,starter,299,2023-07-19,churned,22,1,Other,1.1,23,1,5
cust_465,Company_465,pro,1999,2023-07-03,active,17,3,Other,1.3,24,8,3
cust_466,Company_466,starter,299,2023-12-05,active,1,5,Ecommerce,1.8,12,5,5
cust_467,Company_467,starter,299,2023-12-13,active,24,1,Other,8.8,4,2,0
cust_468,Company_468,starter,299,2023-11-02,active,13,1,Finance,2.5,23,6,1
cust_469,Company_469,growth,799,2023-11-27,active,17,2,Ecommerce,6.4,8,4,0
cust_470,Company_470,starter,299,2023-10-18,active,2,5,Healthcare,6.6,2,5,5
cust_471,Company_471,starter,299,2023-02-20,active,7,4,Finance,3.9,21,4,0
cust_472,Company_472,starter,299,2023-02-05,active,7,4,Finance,6.4,9,3,4
cust_473,Company_473,growth,799,2023-06-11,active,14,3,Ecommerce,8.0,22,7,2
cust_474,Company_474,pro,1999,2023-03-10,active,22,4,Healthcare,4.7,24,5,3
cust_475,Company_475,growth,799,2023-03-31,active,21,3,Ecommerce,9.0,6,5,5
cust_476,Company_476,pro,1999,2023-02-09,active,24,1,Other,6.5,26,7,4
cust_477,Company_477,starter,299,2023-01-19,active,18,5,Healthcare,6.7,4,6,3
cust_478,Company_478,starter,299,2023-10-29,active,24,2,Healthcare,5.3,2,7,2
cust_479,Company_479,growth,799,2023-12-06,active,8,5,Ecommerce,7.7,4,8,1
cust_480,Company_480,starter,299,2023-10-17,active,22,2,Healthcare,9.4,1,4,3
cust_481,Company_481,starter,299,2023-05-16,active,12,2,Other,9.1,11,7,3
cust_482,Company_482,enterprise,4999,2023-01-24,active,2,21,SaaS,7.2,16,5,5
cust_483,Company_483,starter,299,2023-10-06,active,19,4,Finance,6.1,28,2,4
cust_484,Company_484,starter,299,2023-04-25,active,17,3,Healthcare,8.0,28,1,4
cust_485,Company_485,pro,1999,2023-08-14,active,6,5,Finance,2.5,5,3,2
cust_486,Company_486,growth,799,2023-03-02,active,22,3,SaaS,5.1,15,8,1
cust_487,Company_487,growth,799,2023-11-28,churned,14,1,Ecommerce,5.9,5,3,5
cust_488,Company_488,growth,799,2023-10-21,churned,5,3,Ecommerce,5.4,12,1,5
cust_489,Company_489,pro,1999,2023-05-26,active,3,5,Healthcare,8.7,5,4,3
cust_490,Company_490,growth,799,2023-10-26,active,6,5,Finance,2.1,21,6,3
cust_491,Company_491,growth,799,2023-02-05,active,8,2,SaaS,0.7,16,7,1
cust_492,Company_492,growth,799,2023-04-01,active,16,5,SaaS,8.8,17,2,0
cust_493,Company_493,growth,799,2023-03-08,active,20,1,Healthcare,5.5,11,1,5
cust_494,Company_494,growth,799,2023-04-28,active,16,4,Finance,6.1,23,2,3
cust_495,Company_495,starter,299,2023-09-02,active,8,1,Finance,6.2,17,7,2
cust_496,Company_496,starter,299,2023-12-30,active,24,5,Other,1.6,0,7,5
cust_497,Company_497,starter,299,2023-06-11,active,14,2,Healthcare,6.7,8,5,4
cust_498,Company_498,growth,799,2023-07-07,active,20,4,Ecommerce,4.4,25,8,1
cust_499,Company_499,starter,299,2023-10-12,active,16,3,Other,3.8,22,7,5
cust_500,Company_500,starter,299,2023-12-04,active,4,4,Ecommerce,1.5,16,7,2
cust_501,Company_501,pro,1999,2023-11-11,active,23,1,Ecommerce,4.2,20,1,0
cust_502,Company_502,pro,1999,2023-08-30,active,20,1,Finance,2.6,2,1,5
cust_503,Company_503,starter,299,2023-07-25,active,20,3,Other,1.0,24,3,5
cust_504,Company_504,growth,799,2023-01-06,active,7,5,Finance,2.4,25,4,4
cust_505,Company_505,starter,299,2023-01-19,active,12,1,Ecommerce,1.3,8,7,2
cust_506,Company_506,growth,799,2023-07-27,active,19,1,SaaS,9.2,17,5,5
cust_507,Company_507,pro,1999,2023-10-26,active,12,3,Ecommerce,6.3,6,8,3
cust_508,Company_508,growth,799,2023-05-14,active,6,1,Other,1.2,9,6,0
cust_509,Company_509,pro,1999,2023-05-12,active,18,5,Finance,7.1,30,7,4
cust_510,Company_510,growth,799,2023-05-05,active,11,4,Healthcare,9.0,27,1,3
cust_511,Company_511,starter,299,2023-02-04,active,13,2,Ecommerce,8.1,13,6,4
cust_512,Company_512,growth,799,2023-12-25,active,9,1,Healthcare,6.9,26,6,0
cust_513,Company_513,growth,799,2023-04-02,active,16,2,Other,3.1,30,4,3
cust_514,Company_514,pro,1999,2023-05-01,active,24,3,Ecommerce,2.7,26,4,4
cust_515,Company_515,starter,299,2023-02-24,active,4,4,Other,0.6,27,1,3
cust_516,Company_516,starter,299,2023-06-11,active,16,5,Finance,5.2,24,5,3
cust_517,Company_517,starter,299,2023-10-23,churned,5,4,Healthcare,9.4,1,6,3
cust_518,Company_518,pro,1999,2023-03-31,active,15,5,Healthcare,3.5,0,1,5
cust_519,Company_519,starter,299,2023-10-25,active,4,5,Finance,2.3,8,4,2
cust_520,Company_520,growth,799,2023-11-10,active,11,4,Healthcare,2.5,22,6,2
cust_521,Company_521,pro,1999,2023-05-24,active,15,2,Other,7.0,26,2,5
cust_522,Company_522,starter,299,2023-05-01,active,18,4,Ecommerce,1.9,30,3,3
cust_523,Company_523,pro,1999,2023-04-01,active,14,5,Other,7.3,25,8,2
cust_524,Company_524,starter,299,2023-10-18,active,2,2,SaaS,2.5,8,8,5
cust_525,Company_525,starter,299,2023-06-21,active,9,5,Other,9.4,8,6,0
cust_526,Company_526,growth,799,2023-06-29,active,22,2,Other,6.0,20,3,2
cust_527,Company_527,starter,299,2023-12-11,active,17,4,SaaS,4.1,9,8,5
cust_528,Company_528,enterprise,4999,2023-03-27,active,21,22,Healthcare,6.5,18,7,0
cust_529,Company_529,starter,299,2023-06-25,active,8,3,Finance,6.3,12,5,3
cust_530,Company_530,pro,1999,2023-07-05,active,24,4,Healthcare,2.1,27,1,1
cust_531,Company_531,pro,1999,2023-12-05,active,9,1,Ecommerce,2.1,3,2,0
cust_532,Company_532,enterprise,4999,2023-08-31,active,18,50,Healthcare,5.5,2,2,2
cust_533,Company_533,growth,799,2023-02-13,active,21,4,Finance,2.7,23,5,3
cust_534,Company_534,growth,799,2023-03-09,active,17,1,SaaS,6.8,27,6,3
cust_535,Company_535,growth,799,2023-10-04,active,9,2,Other,2.2,19,8,5
cust_536,Company_536,pro,1999,2023-10-16,active,14,5,Finance,9.1,15,4,0
cust_537,Company_537,growth,799,2023-07-07,active,14,3,SaaS,0.5,26,3,2
cust_538,Company_538,starter,299,2023-10-01,active,1,4,Healthcare,3.3,24,7,2
cust_539,Company_539,growth,799,2023-01-04,active,18,4,Other,4.7,7,3,5
cust_540,Company_540,pro,1999,2023-07-19,active,13,1,Healthcare,6.4,16,5,2
cust_541,Company_541,growth,799,2023-09-30,active,9,1,Ecommerce,1.8,3,8,4
cust_542,Company_542,growth,799,2023-12-25,active,20,3,SaaS,1.9,17,1,1
cust_543,Company_543,enterprise,4999,2023-05-25,active,9,29,SaaS,2.7,4,1,3
cust_544,Company_544,starter,299,2023-08-04,active,10,4,Finance,4.9,25,1,2
cust_545,Company_545,starter,299,2023-03-16,active,2,4,SaaS,5.7,5,4,2
cust_546,Company_546,pro,1999,2023-01-07,active,4,2,Healthcare,7.8,14,4,5
cust_547,Company_547,enterprise,4999,2023-04-12,active,15,7,Other,6.8,6,8,3
cust_548,Company_548,growth,799,2023-06-09,active,11,1,Other,5.4,8,8,5
cust_549,Company_549,starter,299,2023-07-04,active,2,2,SaaS,2.7,13,6,0
cust_550,Company_550,starter,299,2023-05-22,churned,19,2,SaaS,9.7,18,8,5
cust_551,Company_551,growth,799,2023-07-10,active,3,4,SaaS,7.0,10,1,0
cust_552,Company_552,starter,299,2023-03-20,active,23,1,Ecommerce,5.1,10,6,3
cust_553,Company_553,pro,1999,2023-01-11,active,23,2,Finance,9.0,15,8,4
cust_554,Company_554,starter,299,2023-12-23,active,16,2,Other,3.8,23,8,2
cust_555,Company_555,pro,1999,2023-11-03,active,18,5,Ecommerce,4.8,26,5,4
cust_556,Company_556,starter,299,2023-01-01,active,21,2,SaaS,6.4,11,4,2
cust_557,Company_557,pro,1999,2023-12-04,active,18,2,Other,7.0,24,3,4
cust_558,Company_558,starter,299,2023-07-29,active,21,1,Other,6.8,1,3,1
cust_559,Company_559,pro,1999,2023-04-14,active,4,1,SaaS,5.9,26,7,5
cust_560,Company_560,growth,799,2023-11-16,active,23,1,Finance,2.6,22,2,0
cust_561,Company_561,enterprise,4999,2023-04-17,active,21,6,Healthcare,8.1,1,6,4
cust_562,Company_562,pro,1999,2023-08-01,active,12,1,Other,3.0,1,2,2
cust_563,Company_563,starter,299,2023-04-21,churned,17,2,Other,4.2,6,4,4
cust_564,Company_564,growth,799,2023-04-02,active,18,4,SaaS,7.8,18,6,5
cust_565,Company_565,growth,799,2023-12-07,active,14,2,Ecommerce,5.7,16,6,5
cust_566,Company_566,starter,299,2023-11-04,active,15,3,Other,9.9,10,6,3
cust_567,Company_567,pro,1999,2023-08-09,active,24,2,Other,5.7,12,5,2
cust_568,Company_568,enterprise,4999,2023-08-18,churned,13,3,Finance,6.2,16,3,2
cust_569,Company_569,starter,299,2023-04-24,active,7,1,Finance,9.2,16,3,0
cust_570,Company_570,starter,299,2023-07-02,churned,5,3,Other,2.9,8,5,0
cust_571,Company_571,growth,799,2023-10-19,active,7,3,Healthcare,2.1,26,2,4
cust_572,Company_572,growth,799,2023-01-20,active,24,4,SaaS,7.9,29,6,2
cust_573,Company_573,pro,1999,2023-08-11,active,14,1,Ecommerce,7.6,27,1,5
cust_574,Company_574,pro,1999,2023-07-15,active,2,1,Finance,5.6,4,6,4
cust_575,Company_575,growth,799,2023-03-20,active,2,4,Healthcare,7.7,18,2,1
cust_576,Company_576,growth,799,2023-07-21,active,5,1,Healthcare,5.9,1,7,2
cust_577,Company_577,starter,299,2023-09-14,active,14,2,Ecommerce,5.1,6,8,3
cust_578,Company_578,growth,799,2023-04-11,active,18,5,Ecommerce,2.8,8,7,2
cust_579,Company_579,growth,799,2023-10-22,active,3,4,Healthcare,4.0,6,6,2
cust_580,Company_580,growth,799,2023-01-13,active,10,3,Other,8.3,25,8,4
cust_581,Company_581,starter,299,2023-01-23,active,8,3,Ecommerce,7.7,27,2,0
cust_582,Company_582,pro,1999,2023-05-05,active,20,3,SaaS,3.8,25,2,2
cust_583,Company_583,growth,799,2023-01-12,active,11,5,Ecommerce,2.4,16,5,4
cust_584,Company_584,growth,799,2023-03-14,active,23,1,Healthcare,6.0,21,1,2
cust_585,Company_585,starter,299,2023-05-26,active,7,5,Finance,1.0,20,1,0
cust_586,Company_586,starter,299,2023-05-19,active,22,3,SaaS,0.7,27,7,1
cust_587,Company_587,enterprise,4999,2023-09-18,active,23,21,Healthcare,8.7,17,2,1
cust_588,Company_588,starter,299,2023-08-23,active,18,1,SaaS,2.9,16,5,2
cust_589,Company_589,growth,799,2023-03-22,active,1,3,Finance,6.4,7,5,0
cust_590,Company_590,growth,799,2023-07-18,active,1,3,Ecommerce,1.9,28,7,5
cust_591,Company_591,starter,299,2023-07-15,active,17,5,Ecommerce,4.5,18,3,3
cust_592,Company_592,enterprise,4999,2023-11-06,active,11,9,Ecommerce,6.7,18,4,1
cust_593,Company_593,starter,299,2023-12-28,active,17,4,Ecommerce,6.7,18,3,2
cust_594,Company_594,starter,299,2023-09-30,churned,24,3,Ecommerce,7.4,24,6,3
cust_595,Company_595,enterprise,4999,2023-06-05,active,15,41,Finance,1.9,6,2,1
cust_596,Company_596,starter,299,2023-11-10,active,20,5,Other,2.7,7,4,5
cust_597,Company_597,starter,299,2023-02-10,active,23,2,Other,8.5,15,6,1
cust_598,Company_598,pro,1999,2023-09-09,active,16,2,Ecommerce,0.8,24,1,2
cust_599,Company_599,enterprise,4999,2023-04-24,active,24,13,Ecommerce,1.1,29,8,4
cust_600,Company_600,growth,799,2023-06-16,active,15,4,Healthcare,7.9,19,7,5
cust_601,Company_601,starter,299,2023-11-10,active,24,5,Other,6.6,22,1,4
cust_602,Company_602,starter,299,2023-08-22,active,2,2,Other,5.6,23,1,4
cust_603,Company_603,starter,299,2023-11-19,active,2,4,Healthcare,8.9,24,5,3
cust_604,Company_604,starter,299,2023-05-31,active,20,5,Ecommerce,4.9,20,8,0
cust_605,Company_605,pro,1999,2023-02-27,active,6,5,Ecommerce,4.2,10,8,0
cust_606,Company_606,starter,299,2023-10-30,active,23,4,SaaS,2.9,22,3,5
cust_607,Company_607,pro,1999,2023-02-16,active,4,3,SaaS,5.5,12,3,3
cust_608,Company_608,growth,799,2023-01-23,active,6,5,Ecommerce,2.0,4,3,5
cust_609,Company_609,starter,299,2023-06-07,active,10,4,Finance,6.5,3,3,1
cust_610,Company_610,starter,299,2023-05-10,active,1,4,Other,8.2,19,8,1
cust_611,Company_611,starter,299,2023-12-04,active,16,4,SaaS,6.2,0,4,4
cust_612,Company_612,starter,299,2023-11-18,active,18,2,SaaS,2.3,1,6,0
cust_613,Company_613,starter,299,2023-01-17,active,22,5,Finance,3.6,2,1,0
cust_614,Company_614,growth,799,2023-04-02,active,6,5,Other,5.9,17,3,3
cust_615,Company_615,pro,1999,2023-07-04,active,2,3,Finance,4.0,12,2,3
cust_616,Company_616,pro,1999,2023-02-03,active,10,1,Finance,3.6,13,4,5
cust_617,Company_617,starter,299,2023-01-30,active,4,5,SaaS,5.1,22,5,3
cust_618,Company_618,growth,799,2023-06-12,active,9,5,Finance,9.3,19,8,4
cust_619,Company_619,pro,1999,2023-09-12,active,16,5,Ecommerce,7.2,6,1,0
cust_620,Company_620,starter,299,2023-11-17,active,4,2,Other,10.0,13,1,2
cust_621,Company_621,starter,299,2023-11-23,churned,7,2,Finance,2.9,2,5,2
cust_622,Company_622,growth,799,2023-06-15,active,1,3,Finance,4.3,18,1,1
cust_623,Company_623,starter,299,2023-06-23,active,22,4,SaaS,6.6,15,3,5
cust_624,Company_624,growth,799,2023-10-02,active,11,4,SaaS,8.4,9,6,4
cust_625,Company_625,growth,799,2023-04-17,active,19,3,SaaS,9.7,8,1,2
cust_626,Company_626,enterprise,4999,2023-11-17,active,18,37,Other,4.2,19,2,2
cust_627,Company_627,pro,1999,2023-06-11,churned,23,4,SaaS,5.2,7,6,3
cust_628,Company_628,pro,1999,2023-06-04,active,7,2,SaaS,4.1,1,4,0
cust_629,Company_629,growth,799,2023-01-13,active,16,2,Ecommerce,3.7,15,5,2
cust_630,Company_630,starter,299,2023-02-20,active,17,2,Ecommerce,7.4,14,7,5
cust_631,Company_631,pro,1999,2023-03-01,active,1,1,Other,8.8,10,8,0
cust_632,Company_632,starter,299,2023-12-04,active,24,5,Finance,6.6,6,6,1
cust_633,Company_633,starter,299,2023-05-22,active,18,4,SaaS,3.1,5,5,0
cust_634,Company_634,starter,299,2023-11-15,active,18,2,Other,3.8,10,5,1
cust_635,Company_635,enterprise,4999,2023-05-26,active,19,5,Finance,6.3,10,8,0
cust_636,Company_636,starter,299,2023-08-30,churned,22,4,SaaS,1.3,12,3,5
cust_637,Company_637,growth,799,2023-10-31,active,21,4,Other,3.9,10,4,5
cust_638,Company_638,pro,1999,2023-10-01,active,3,4,Other,1.8,26,8,0
cust_639,Company_639,growth,799,2023-12-17,active,21,4,Healthcare,2.7,7,3,4
cust_640,Company_640,starter,299,2023-07-06,active,13,3,Finance,4.8,0,2,3
cust_641,Company_641,starter,299,2023-09-03,active,15,3,Finance,6.2,4,2,3
cust_642,Company_642,pro,1999,2023-02-24,active,11,1,Finance,5.6,12,7,1
cust_643,Company_643,growth,799,2023-10-08,active,6,4,SaaS,3.7,26,7,3
cust_644,Company_644,growth,799,2023-06-25,active,18,2,SaaS,7.5,22,8,0
cust_645,Company_645,growth,799,2023-08-26,active,11,4,Ecommerce,3.4,12,2,4
cust_646,Company_646,starter,299,2023-11-02,active,13,1,SaaS,2.6,4,1,1
cust_647,Company_647,growth,799,2023-08-20,active,18,5,Other,4.7,6,6,2
cust_648,Company_648,growth,799,2023-12-14,active,10,4,Finance,9.9,18,1,4
cust_649,Company_649,enterprise,4999,2023-07-26,active,5,4,Finance,9.1,30,1,0
cust_650,Company_650,pro,1999,2023-07-03,active,4,1,Ecommerce,4.6,18,7,5
cust_651,Company_651,starter,299,2023-07-15,active,13,5,Ecommerce,6.8,15,3,1
cust_652,Company_652,growth,799,2023-07-04,active,14,2,Ecommerce,0.6,20,1,1
cust_653,Company_653,pro,1999,2023-09-07,active,22,2,SaaS,1.8,25,7,3
cust_654,Company_654,pro,1999,2023-12-23,active,20,5,Ecommerce,4.8,13,8,3
cust_655,Company_655,starter,299,2023-04-06,active,14,5,Healthcare,8.5,7,5,3
cust_656,Company_656,enterprise,4999,2023-10-23,active,12,3,Other,5.1,11,2,4
cust_657,Company_657,growth,799,2023-12-20,active,3,5,Finance,4.9,2,2,1
cust_658,Company_658,growth,799,2023-12-06,churned,22,5,Other,3.5,1,6,4
cust_659,Company_659,pro,1999,2023-08-29,active,15,4,Other,7.5,13,6,2
cust_660,Company_660,starter,299,2023-01-19,active,23,3,Other,3.0,20,8,4
cust_661,Company_661,starter,299,2023-01-27,active,22,5,SaaS,3.2,2,3,4
cust_662,Company_662,starter,299,2023-05-23,churned,9,3,Finance,8.6,0,2,4
cust_663,Company_663,starter,299,2023-10-30,active,24,4,Finance,8.2,8,4,3
cust_664,Company_664,starter,299,2023-09-28,active,2,1,Ecommerce,6.2,26,3,3
cust_665,Company_665,pro,1999,2023-07-31,active,13,4,Ecommerce,2.5,23,6,0
cust_666,Company_666,growth,799,2023-03-01,active,2,4,Healthcare,3.4,23,4,3
cust_667,Company_667,growth,799,2023-07-19,active,16,5,Healthcare,0.6,29,8,3
cust_668,Company_668,growth,799,2023-09-29,active,22,1,Other,6.6,30,7,4
cust_669,Company_669,enterprise,4999,2023-05-20,active,11,7,Finance,6.7,12,8,5
cust_670,Company_670,pro,1999,2023-12-11,active,19,5,Finance,6.9,5,6,4
cust_671,Company_671,starter,299,2023-01-05,churned,3,1,Other,1.5,14,6,1
cust_672,Company_672,pro,1999,2023-05-09,churned,7,5,SaaS,1.0,19,4,4
cust_673,Company_673,growth,799,2023-12-29,active,4,5,Ecommerce,4.1,24,3,0
cust_674,Company_674,growth,799,2023-05-10,active,10,1,Healthcare,9.3,8,7,5
cust_675,Company_675,enterprise,4999,2023-06-15,active,9,5,Finance,7.9,12,7,2
cust_676,Company_676,enterprise,4999,2023-05-13,active,9,5,Healthcare,9.8,6,7,1
cust_677,Company_677,growth,799,2023-02-25,active,5,4,Ecommerce,6.3,3,8,5
cust_678,Company_678,starter,299,2023-01-18,churned,3,3,Healthcare,0.7,15,3,5
cust_679,Company_679,growth,799,2023-01-20,active,22,2,Finance,9.1,18,1,4
cust_680,Company_680,pro,1999,2023-09-09,active,16,1,Other,2.6,12,8,0
cust_681,Company_681,growth,799,2023-07-03,active,11,4,SaaS,6.5,30,2,2
cust_682,Company_682,growth,799,2023-06-24,active,3,3,Ecommerce,2.2,1,7,5
cust_683,Company_683,starter,299,2023-12-23,active,13,3,Healthcare,1.3,20,8,5
cust_684,Company_684,starter,299,2023-01-19,churned,7,5,Ecommerce,5.1,2,5,3
cust_685,Company_685,growth,799,2023-08-19,churned,1,1,Finance,8.0,1,7,0
cust_686,Company_686,starter,299,2023-12-01,active,22,5,Ecommerce,7.5,7,2,0
cust_687,Company_687,pro,1999,2023-09-08,churned,21,5,SaaS,2.8,20,3,0
cust_688,Company_688,starter,299,2023-01-26,active,10,1,Healthcare,6.3,26,2,0
cust_689,Company_689,starter,299,2023-11-01,active,20,2,Healthcare,3.7,26,7,2
cust_690,Company_690,starter,299,2023-12-17,active,19,3,Ecommerce,7.8,18,3,2
cust_691,Company_691,starter,299,2023-05-21,active,5,2,Finance,5.8,14,4,4
cust_692,Company_692,starter,299,2023-02-21,active,21,2,SaaS,8.9,2,1,0
cust_693,Company_693,starter,299,2023-02-15,active,23,3,Healthcare,7.1,25,8,5
cust_694,Company_694,starter,299,2023-03-15,active,21,4,Healthcare,2.8,5,1,4
cust_695,Company_695,starter,299,2023-09-13,active,20,3,Finance,4.5,17,4,1
cust_696,Company_696,starter,299,2023-09-29,active,4,5,Other,2.6,24,4,2
cust_697,Company_697,starter,299,2023-02-27,active,5,4,Healthcare,2.2,21,1,0
cust_698,Company_698,growth,799,2023-05-26,active,7,3,Other,8.1,24,8,0
cust_699,Company_699,starter,299,2023-01-27,active,18,1,Healthcare,5.4,2,4,5
cust_700,Company_700,growth,799,2023-10-24,active,11,3,Ecommerce,7.9,10,4,0
cust_701,Company_701,starter,299,2023-07-31,active,7,2,SaaS,5.0,15,1,3
cust_702,Company_702,starter,299,2023-11-09,active,15,3,Ecommerce,4.8,6,6,2
cust_703,Company_703,starter,299,2023-03-07,active,2,1,Finance,1.8,27,8,3
cust_704,Company_704,growth,799,2023-06-25,active,8,5,Ecommerce,8.0,20,3,4
cust_705,Company_705,enterprise,4999,2023-04-28,active,3,34,Healthcare,8.7,6,8,3
cust_706,Company_706,starter,299,2023-08-08,active,24,2,Finance,4.6,7,3,4
cust_707,Company_707,pro,1999,2023-08-02,churned,2,4,Other,0.8,16,7,3
cust_708,Company_708,pro,1999,2023-12-23,active,4,2,SaaS,5.8,0,7,1
cust_709,Company_709,starter,299,2023-06-01,active,8,1,SaaS,5.1,9,3,5
cust_710,Company_710,growth,799,2023-10-20,active,24,4,Healthcare,7.8,27,7,1
cust_711,Company_711,pro,1999,2023-07-09,active,21,1,SaaS,4.2,22,6,4
cust_712,Company_712,starter,299,2023-08-07,active,9,5,Other,6.0,6,2,4
cust_713,Company_713,pro,1999,2023-01-29,active,17,3,SaaS,1.6,11,8,4
cust_714,Company_714,starter,299,2023-07-07,active,6,1,Other,7.2,6,3,2
cust_715,Company_715,starter,299,2023-02-28,active,21,5,Ecommerce,7.7,24,4,2
cust_716,Company_716,starter,299,2023-05-17,active,17,3,SaaS,1.1,11,8,3
cust_717,Company_717,growth,799,2023-03-04,active,16,5,Finance,4.8,11,2,1
cust_718,Company_718,pro,1999,2023-08-23,active,3,2,Finance,9.6,2,2,1
cust_719,Company_719,starter,299,2023-12-23,active,5,2,Other,9.5,0,5,3
cust_720,Company_720,enterprise,4999,2023-10-05,active,5,27,Healthcare,7.5,0,5,1
cust_721,Company_721,starter,299,2023-04-29,active,17,4,Other,3.8,20,6,3
cust_722,Company_722,growth,799,2023-12-23,active,17,4,Healthcare,3.4,4,5,1
cust_723,Company_723,pro,1999,2023-04-27,active,16,3,SaaS,1.9,9,8,1
cust_724,Company_724,growth,799,2023-03-24,active,23,2,Ecommerce,8.5,22,3,1
cust_725,Company_725,starter,299,2023-01-22,active,11,4,Finance,4.0,6,1,5
cust_726,Company_726,starter,299,2023-06-26,active,5,5,Ecommerce,5.6,3,1,3
cust_727,Company_727,enterprise,4999,2023-03-16,active,15,10,SaaS,9.7,17,6,5
cust_728,Company_728,pro,1999,2023-08-31,active,10,5,Ecommerce,8.1,23,8,2
cust_729,Company_729,growth,799,2023-09-03,active,2,5,SaaS,3.4,12,4,3
cust_730,Company_730,starter,299,2023-06-17,active,2,2,Other,5.5,25,5,1
cust_731,Company_731,starter,299,2023-10-03,active,15,1,Other,4.2,15,6,4
cust_732,Company_732,growth,799,2023-01-29,active,22,2,Healthcare,4.0,11,1,2
cust_733,Company_733,starter,299,2023-06-07,active,15,1,Ecommerce,7.4,14,7,3
cust_734,Company_734,starter,299,2023-08-06,active,24,2,Other,6.2,4,4,2
cust_735,Company_735,growth,799,2023-09-26,churned,11,5,Healthcare,1.3,13,5,3
cust_736,Company_736,starter,299,2023-08-25,active,23,2,Ecommerce,2.3,12,5,4
cust_737,Company_737,growth,799,2023-06-04,active,19,5,Healthcare,2.6,25,1,1
cust_738,Company_738,starter,299,2023-11-24,active,21,3,Healthcare,2.2,29,4,0
cust_739,Company_739,starter,299,2023-05-22,active,16,1,Other,7.6,18,8,4
cust_740,Company_740,growth,799,2023-05-13,active,21,1,Finance,5.4,18,1,2
cust_741,Company_741,starter,299,2023-01-30,active,5,2,Finance,2.1,8,6,3
cust_742,Company_742,growth,799,2023-07-02,active,2,5,SaaS,5.4,24,3,0
cust_743,Company_743,growth,799,2023-03-27,active,18,3,Finance,3.1,22,6,0
cust_744,Company_744,growth,799,2023-06-30,churned,5,5,Finance,4.0,15,7,2
cust_745,Company_745,enterprise,4999,2023-03-25,active,4,33,Ecommerce,8.4,25,2,3
cust_746,Company_746,growth,799,2023-02-09,active,4,1,Healthcare,3.8,22,6,1
cust_747,Company_747,pro,1999,2023-11-02,active,17,3,Ecommerce,7.2,0,2,1
cust_748,Company_748,starter,299,2023-12-22,active,5,3,Ecommerce,2.5,2,7,5
cust_749,Company_749,pro,1999,2023-02-27,churned,3,4,Healthcare,0.9,3,1,5
cust_750,Company_750,growth,799,2023-01-31,active,16,3,SaaS,1.1,21,1,0
cust_751,Company_751,pro,1999,2023-11-05,active,7,2,Ecommerce,6.9,0,2,1
cust_752,Company_752,pro,1999,2023-05-23,active,19,2,Other,7.9,19,4,4
cust_753,Company_753,growth,799,2023-02-20,active,19,5,Ecommerce,7.3,30,5,1
cust_754,Company_754,enterprise,4999,2023-10-03,active,1,7,Ecommerce,9.2,27,8,2
cust_755,Company_755,growth,799,2023-04-05,active,15,1,Ecommerce,8.4,12,7,1
cust_756,Company_756,growth,799,2023-07-28,active,4,3,SaaS,4.9,16,3,3
cust_757,Company_757,pro,1999,2023-12-27,active,10,1,SaaS,3.6,3,7,2
cust_758,Company_758,growth,799,2023-06-09,active,22,4,Ecommerce,5.8,9,7,1
cust_759,Company_759,pro,1999,2023-09-01,active,22,1,Healthcare,6.9,12,8,4
cust_760,Company_760,growth,799,2023-02-13,active,4,4,Other,9.8,23,3,0
cust_761,Company_761,starter,299,2023-04-12,active,11,4,SaaS,2.7,13,8,2
cust_762,Company_762,pro,1999,2023-10-25,active,19,4,Finance,5.0,19,7,3
cust_763,Company_763,growth,799,2023-03-17,active,15,3,Healthcare,5.2,20,3,0
cust_764,Company_764,starter,299,2023-01-28,active,3,1,Ecommerce,4.1,21,6,1
cust_765,Company_765,starter,299,2023-11-16,active,4,5,Healthcare,8.0,6,5,5
cust_766,Company_766,growth,799,2023-09-16,active,9,5,Other,0.7,24,1,3
cust_767,Company_767,pro,1999,2023-03-02,active,13,4,Healthcare,4.9,1,3,4
cust_768,Company_768,growth,799,2023-06-05,active,23,4,Ecommerce,3.5,12,8,0
cust_769,Company_769,growth,799,2023-09-09,active,22,5,Other,5.0,17,3,4
cust_770,Company_770,starter,299,2023-05-15,active,16,4,Other,6.9,24,5,2
cust_771,Company_771,starter,299,2023-10-30,churned,2,3,Finance,8.2,18,1,5
cust_772,Company_772,starter,299,2023-02-19,active,14,3,Healthcare,3.8,21,4,1
cust_773,Company_773,starter,299,2023-06-09,churned,19,1,Finance,1.6,5,1,4
cust_774,Company_774,starter,299,2023-08-24,active,22,5,Other,9.1,8,1,5
cust_775,Company_775,growth,799,2023-01-12,active,11,4,Finance,5.9,25,8,0
cust_776,Company_776,growth,799,2023-04-16,active,11,3,Ecommerce,6.3,11,7,1
cust_777,Company_777,growth,799,2023-02-08,active,18,3,SaaS,3.3,18,7,1
cust_778,Company_778,growth,799,2023-02-17,active,23,1,Other,3.7,2,8,3
cust_779,Company_779,starter,299,2023-02-09,active,21,5,Finance,4.6,17,6,1
cust_780,Company_780,growth,799,2023-05-09,active,20,5,Ecommerce,8.9,20,3,4
cust_781,Company_781,growth,799,2023-12-05,active,24,3,Other,8.2,27,7,4
cust_782,Company_782,pro,1999,2023-01-31,active,17,4,Ecommerce,2.8,23,5,3
cust_783,Company_783,growth,799,2023-02-02,active,21,4,Finance,8.3,20,3,2
cust_784,Company_784,growth,799,2023-05-01,active,13,2,Ecommerce,0.8,25,5,3
cust_785,Company_785,growth,799,2023-08-12,active,14,1,Ecommerce,2.0,4,1,2
cust_786,Company_786,pro,1999,2023-05-23,active,22,1,Healthcare,7.9,1,2,2
cust_787,Company_787,growth,799,2023-02-02,active,14,1,Healthcare,9.5,23,3,1
cust_788,Company_788,starter,299,2023-09-14,active,4,5,Other,2.9,28,2,1
cust_789,Company_789,growth,799,2023-06-10,active,11,4,Ecommerce,9.4,6,3,0
cust_790,Company_790,starter,299,2023-05-21,active,15,5,SaaS,5.2,11,2,2
cust_791,Company_791,growth,799,2023-09-01,active,22,3,Ecommerce,3.9,22,6,2
cust_792,Company_792,starter,299,2023-11-07,active,2,1,Ecommerce,2.9,12,5,5
cust_793,Company_793,enterprise,4999,2023-07-05,active,22,16,Healthcare,4.2,29,7,2
cust_794,Company_794,starter,299,2023-05-01,active,10,2,Healthcare,6.5,28,7,0
cust_795,Company_795,starter,299,2023-02-11,active,16,4,Finance,7.3,28,2,1
cust_796,Company_796,growth,799,2023-09-17,active,3,5,Other,7.5,14,1,0
cust_797,Company_797,growth,799,2023-04-05,active,21,2,SaaS,4.3,20,5,2
cust_798,Company_798,growth,799,2023-02-26,active,6,2,Other,7.0,25,6,3
cust_799,Company_799,growth,799,2023-03-10,active,9,5,Finance,8.1,6,2,3
cust_800,Company_800,starter,299,2023-07-21,active,13,5,Ecommerce,0.7,0,4,0
cust_801,Company_801,enterprise,4999,2023-04-12,active,9,11,SaaS,4.3,13,5,1
cust_802,Company_802,starter,299,2023-07-08,active,6,1,SaaS,7.3,13,8,5
cust_803,Company_803,growth,799,2023-04-25,active,23,3,Finance,7.6,12,3,3
cust_804,Company_804,pro,1999,2023-11-04,active,7,3,Ecommerce,4.5,13,3,0
cust_805,Company_805,starter,299,2023-05-15,active,8,2,Finance,6.0,20,8,0
cust_806,Company_806,starter,299,2023-03-10,active,11,4,Ecommerce,7.3,22,7,5
cust_807,Company_807,growth,799,2023-02-07,active,4,1,Finance,9.3,15,6,4
cust_808,Company_808,enterprise,4999,2023-11-03,active,23,3,SaaS,2.9,19,7,2
cust_809,Company_809,enterprise,4999,2023-12-10,active,12,36,SaaS,6.0,8,3,4
cust_810,Company_810,growth,799,2023-06-23,active,15,3,Other,4.6,8,2,2
cust_811,Company_811,starter,299,2023-03-07,active,16,3,Finance,9.3,9,5,4
cust_812,Company_812,pro,1999,2023-05-16,active,17,2,Finance,7.5,15,3,4
cust_813,Company_813,pro,1999,2023-12-03,active,21,1,Ecommerce,1.9,7,3,0
cust_814,Company_814,growth,799,2023-03-25,active,23,1,Healthcare,0.9,11,8,3
cust_815,Company_815,growth,799,2023-03-17,active,4,2,Finance,2.2,5,5,4
cust_816,Company_816,pro,1999,2023-10-27,active,7,1,Other,7.8,5,7,0
cust_817,Company_817,starter,299,2023-09-13,churned,22,3,SaaS,3.2,21,2,3
cust_818,Company_818,starter,299,2023-02-24,active,11,1,Healthcare,8.4,21,8,3
cust_819,Company_819,growth,799,2023-05-18,active,20,3,SaaS,6.7,30,8,2
cust_820,Company_820,enterprise,4999,2023-10-19,active,5,4,Finance,3.6,1,2,4
cust_821,Company_821,enterprise,4999,2023-07-15,active,3,12,Ecommerce,9.7,27,7,0
cust_822,Company_822,starter,299,2023-04-17,active,6,4,Finance,6.6,30,3,0
cust_823,Company_823,starter,299,2023-08-10,active,24,3,Other,1.7,21,2,2
cust_824,Company_824,growth,799,2023-09-08,active,15,4,Finance,5.8,13,2,3
cust_825,Company_825,pro,1999,2023-11-11,active,6,4,SaaS,0.9,10,8,5
cust_826,Company_826,starter,299,2023-12-18,active,23,4,Other,6.5,16,2,2
cust_827,Company_827,growth,799,2023-02-10,active,16,2,Finance,8.5,16,7,2
cust_828,Company_828,growth,799,2023-10-10,active,3,5,SaaS,5.4,13,2,3
cust_829,Company_829,growth,799,2023-10-19,active,9,5,SaaS,7.8,0,2,5
cust_830,Company_830,growth,799,2023-04-02,active,6,1,SaaS,4.5,22,5,2
cust_831,Company_831,growth,799,2023-08-21,active,22,3,Finance,9.7,27,3,1
cust_832,Company_832,starter,299,2023-11-06,active,9,1,Healthcare,5.6,0,7,0
cust_833,Company_833,starter,299,2023-12-02,active,16,4,Other,7.4,9,6,5
cust_834,Company_834,growth,799,2023-12-20,active,22,3,SaaS,1.7,0,4,0
cust_835,Company_835,pro,1999,2023-12-23,active,7,2,Healthcare,6.7,20,4,3
cust_836,Company_836,pro,1999,2023-10-03,active,7,4,Ecommerce,5.0,0,2,1
cust_837,Company_837,enterprise,4999,2023-12-26,active,15,31,SaaS,8.7,18,4,1
cust_838,Company_838,starter,299,2023-07-20,active,2,1,Healthcare,9.8,27,8,5
cust_839,Company_839,growth,799,2023-10-11,churned,10,4,Healthcare,5.4,23,8,1
cust_840,Company_840,pro,1999,2023-09-28,active,1,3,Other,1.1,28,7,3
cust_841,Company_841,starter,299,2023-11-15,active,21,4,SaaS,2.0,23,4,3
cust_842,Company_842,starter,299,2023-04-29,active,17,3,Other,8.6,22,8,1
cust_843,Company_843,pro,1999,2023-12-31,active,13,3,Healthcare,8.1,27,3,4
cust_844,Company_844,starter,299,2023-12-20,churned,24,4,Ecommerce,2.1,5,8,0
cust_845,Company_845,pro,1999,2023-09-10,active,10,5,SaaS,10.0,11,5,2
cust_846,Company_846,growth,799,2023-03-31,churned,17,1,Finance,4.6,19,4,0
cust_847,Company_847,growth,799,2023-09-07,active,9,3,SaaS,7.8,17,5,1
cust_848,Company_848,pro,1999,2023-09-21,active,20,1,Healthcare,8.1,30,2,0
cust_849,Company_849,pro,1999,2023-11-09,active,4,1,Other,1.5,20,2,1
cust_850,Company_850,enterprise,4999,2023-03-22,active,24,29,Other,5.2,27,2,1
cust_851,Company_851,growth,799,2023-06-21,active,5,2,Healthcare,9.7,24,1,1
cust_852,Company_852,pro,1999,2023-08-31,active,11,2,SaaS,3.0,22,7,2
cust_853,Company_853,growth,799,2023-05-06,active,5,5,Healthcare,8.0,4,7,3
cust_854,Company_854,enterprise,4999,2023-08-23,active,17,24,SaaS,4.7,24,1,5
cust_855,Company_855,pro,1999,2023-02-05,active,3,4,Ecommerce,4.6,12,1,5
cust_856,Company_856,enterprise,4999,2023-03-19,active,19,41,Other,9.7,13,7,5
cust_857,Company_857,pro,1999,2023-06-05,active,24,3,SaaS,8.4,28,3,5
cust_858,Company_858,growth,799,2023-11-26,active,7,5,Other,6.7,22,6,5
cust_859,Company_859,growth,799,2023-04-12,active,10,5,Finance,4.2,23,3,4
cust_860,Company_860,enterprise,4999,2023-05-26,active,7,36,Finance,5.5,24,3,0
cust_861,Company_861,starter,299,2023-10-04,active,19,3,Healthcare,9.9,3,1,2
cust_862,Company_862,starter,299,2023-09-17,churned,12,1,Healthcare,3.3,23,1,3
cust_863,Company_863,starter,299,2023-05-01,active,24,5,Other,8.5,7,6,2
cust_864,Company_864,starter,299,2023-10-21,churned,22,4,Other,7.5,3,6,4
cust_865,Company_865,growth,799,2023-07-04,active,15,4,Healthcare,1.3,1,7,1
cust_866,Company_866,growth,799,2023-08-17,active,3,5,Healthcare,6.1,16,7,2
cust_867,Company_867,growth,799,2023-11-22,active,14,4,Healthcare,8.3,4,3,3
cust_868,Company_868,pro,1999,2023-03-08,active,23,5,SaaS,7.1,14,8,0
cust_869,Company_869,pro,1999,2023-10-14,active,12,1,Other,8.6,3,2,2
cust_870,Company_870,growth,799,2023-01-21,active,17,3,Finance,9.9,9,5,3
cust_871,Company_871,starter,299,2023-03-15,active,5,4,SaaS,9.4,9,5,1
cust_872,Company_872,starter,299,2023-09-08,churned,1,3,SaaS,8.8,13,8,4
cust_873,Company_873,starter,299,2023-08-20,active,11,4,Other,1.8,4,8,3
cust_874,Company_874,growth,799,2023-03-18,active,24,5,Other,4.4,7,7,2
cust_875,Company_875,growth,799,2023-12-10,active,15,1,Ecommerce,7.2,18,5,4
cust_876,Company_876,growth,799,2023-11-26,active,18,5,Other,6.0,1,4,3
cust_877,Company_877,growth,799,2023-01-10,active,4,5,Ecommerce,9.6,8,4,1
cust_878,Company_878,pro,1999,2023-10-24,active,15,5,Other,3.5,18,1,3
cust_879,Company_879,pro,1999,2023-01-12,active,11,4,SaaS,8.7,10,7,2
cust_880,Company_880,starter,299,2023-02-20,active,18,2,Ecommerce,2.9,2,3,2
cust_881,Company_881,enterprise,4999,2023-12-14,active,6,21,Ecommerce,0.8,1,5,3
cust_882,Company_882,starter,299,2023-03-14,active,14,3,Healthcare,9.4,28,2,0
cust_883,Company_883,starter,299,2023-11-02,active,19,5,Other,4.2,3,5,0
cust_884,Company_884,starter,299,2023-10-11,churned,14,1,Healthcare,6.5,29,1,2
cust_885,Company_885,growth,799,2023-10-28,active,22,5,Ecommerce,3.4,13,8,0
cust_886,Company_886,pro,1999,2023-09-14,active,7,2,Finance,5.6,5,4,4
cust_887,Company_887,enterprise,4999,2023-10-12,active,15,30,Other,3.2,5,1,0
cust_888,Company_888,enterprise,4999,2023-09-04,active,9,44,Healthcare,10.0,26,4,4
cust_889,Company_889,pro,1999,2023-05-25,active,2,5,Other,1.2,2,7,5
cust_890,Company_890,starter,299,2023-03-13,active,24,3,Healthcare,2.5,16,6,5
cust_891,Company_891,enterprise,4999,2023-11-22,active,9,46,Healthcare,3.1,21,6,2
cust_892,Company_892,starter,299,2023-11-03,churned,11,2,SaaS,6.3,0,1,5
cust_893,Company_893,starter,299,2023-10-12,active,23,4,Other,1.3,28,2,4
cust_894,Company_894,starter,299,2023-12-10,active,15,3,Healthcare,8.4,11,7,1
cust_895,Company_895,pro,1999,2023-12-23,active,1,3,Ecommerce,4.7,7,1,2
cust_896,Company_896,growth,799,2023-12-30,active,12,5,Finance,8.2,7,4,3
cust_897,Company_897,enterprise,4999,2023-01-19,active,9,46,Other,2.5,6,7,0
cust_898,Company_898,pro,1999,2023-10-19,active,17,5,Ecommerce,6.8,18,3,0
cust_899,Company_899,growth,799,2023-02-03,active,5,5,Ecommerce,8.9,23,5,1
cust_900,Company_900,pro,1999,2023-01-12,active,23,5,Finance,7.0,28,8,0
cust_901,Company_901,enterprise,4999,2023-11-25,active,22,4,Finance,4.6,13,5,0
cust_902,Company_902,growth,799,2023-08-27,active,16,1,Ecommerce,0.9,29,7,4
cust_903,Company_903,growth,799,2023-01-03,active,13,1,Other,8.2,23,4,5
cust_904,Company_904,growth,799,2023-02-08,active,8,3,Finance,1.1,20,2,0
cust_905,Company_905,growth,799,2023-01-13,active,19,3,Finance,2.8,15,4,2
cust_906,Company_906,pro,1999,2023-06-20,active,17,1,Other,6.4,24,2,5
cust_907,Company_907,growth,799,2023-03-05,active,3,1,Healthcare,3.5,27,2,1
cust_908,Company_908,starter,299,2023-08-15,active,2,4,SaaS,1.5,1,1,2
cust_909,Company_909,pro,1999,2023-07-25,active,4,4,Ecommerce,8.7,25,1,3
cust_910,Company_910,starter,299,2023-08-08,active,20,3,SaaS,4.8,10,4,0
cust_911,Company_911,starter,299,2023-11-01,churned,23,2,Other,1.7,16,5,2
cust_912,Company_912,growth,799,2023-11-14,active,15,2,SaaS,1.1,9,7,4
cust_913,Company_913,enterprise,4999,2023-07-03,active,10,35,Ecommerce,1.9,9,6,2
cust_914,Company_914,starter,299,2023-01-05,active,17,2,SaaS,2.8,26,1,3
cust_915,Company_915,starter,299,2023-04-13,active,21,1,Finance,2.3,15,8,4
cust_916,Company_916,growth,799,2023-10-24,active,19,5,Finance,4.5,5,2,3
cust_917,Company_917,pro,1999,2023-01-22,active,16,1,Ecommerce,7.1,14,4,1
cust_918,Company_918,growth,799,2023-06-19,active,24,4,Ecommerce,8.3,0,6,0
cust_919,Company_919,starter,299,2023-01-16,churned,18,3,Healthcare,2.3,18,6,0
cust_920,Company_920,enterprise,4999,2023-04-12,active,7,15,Finance,7.3,10,4,1
cust_921,Company_921,starter,299,2023-04-01,active,9,1,Ecommerce,4.1,25,2,2
cust_922,Company_922,enterprise,4999,2023-06-06,active,15,24,Ecommerce,9.4,25,7,5
cust_923,Company_923,starter,299,2023-03-15,active,5,2,Other,4.1,11,6,4
cust_924,Company_924,growth,799,2023-11-22,active,8,5,Other,2.3,17,5,1
cust_925,Company_925,starter,299,2023-01-28,active,21,2,Other,9.7,28,8,1
cust_926,Company_926,pro,1999,2023-08-29,active,22,2,Other,4.2,28,6,3
cust_927,Company_927,growth,799,2023-04-02,active,11,5,Healthcare,7.3,15,8,2
cust_928,Company_928,growth,799,2023-11-23,active,19,2,Ecommerce,9.0,14,4,3
cust_929,Company_929,starter,299,2023-08-06,active,13,3,Finance,5.7,4,2,2
cust_930,Company_930,growth,799,2023-06-30,active,8,4,Other,6.4,13,8,3
cust_931,Company_931,growth,799,2023-07-08,active,16,4,SaaS,2.2,7,5,5
cust_932,Company_932,starter,299,2023-02-12,active,10,5,Other,6.6,25,5,1
cust_933,Company_933,starter,299,2023-02-06,churned,12,2,Finance,2.4,10,5,2
cust_934,Company_934,pro,1999,2023-12-16,active,9,5,Ecommerce,10.0,24,5,0
cust_935,Company_935,pro,1999,2023-05-25,active,12,4,Healthcare,8.3,24,1,3
cust_936,Company_936,growth,799,2023-03-18,active,13,2,Healthcare,2.7,18,8,5
cust_937,Company_937,pro,1999,2023-06-24,active,3,2,Healthcare,7.8,22,7,1
cust_938,Company_938,growth,799,2023-10-13,active,1,5,Ecommerce,3.4,23,1,3
cust_939,Company_939,pro,1999,2023-07-01,active,11,4,Healthcare,7.7,22,5,2
cust_940,Company_940,growth,799,2023-10-18,active,2,2,Finance,5.9,25,7,3
cust_941,Company_941,starter,299,2023-07-20,active,3,2,Healthcare,1.5,18,8,5
cust_942,Company_942,pro,1999,2023-02-17,active,6,5,Ecommerce,0.8,22,8,0
cust_943,Company_943,starter,299,2023-02-05,active,13,2,Finance,6.8,2,8,0
cust_944,Company_944,starter,299,2023-01-06,active,6,4,Healthcare,2.0,3,3,4
cust_945,Company_945,growth,799,2023-02-05,active,13,2,Ecommerce,8.8,9,7,5
cust_946,Company_946,growth,799,2023-03-23,active,20,3,Other,2.4,22,8,2
cust_947,Company_947,starter,299,2023-03-15,churned,15,4,Other,8.2,16,6,4
cust_948,Company_948,pro,1999,2023-08-24,active,15,1,Finance,6.6,29,8,2
cust_949,Company_949,pro,1999,2023-12-31,active,10,2,Healthcare,2.9,28,7,3
cust_950,Company_950,starter,299,2023-12-04,active,6,1,Healthcare,7.1,1,4,1
cust_951,Company_951,starter,299,2023-11-18,active,18,1,Ecommerce,9.1,13,2,2
cust_952,Company_952,starter,299,2023-02-23,active,17,3,Healthcare,4.8,8,4,4
cust_953,Company_953,starter,299,2023-01-14,active,3,4,Healthcare,3.8,12,4,3
cust_954,Company_954,starter,299,2023-05-09,active,4,2,Finance,6.9,14,8,3
cust_955,Company_955,starter,299,2023-10-08,active,22,4,Ecommerce,5.0,8,3,1
cust_956,Company_956,pro,1999,2023-11-07,active,4,1,Other,7.5,5,2,5
cust_957,Company_957,pro,1999,2023-12-13,active,9,3,Ecommerce,2.6,1,4,3
cust_958,Company_958,growth,799,2023-11-22,active,17,1,Healthcare,7.1,14,1,4
cust_959,Company_959,starter,299,2023-07-13,active,7,3,Ecommerce,2.4,0,7,0
cust_960,Company_960,enterprise,4999,2023-06-22,active,7,5,Ecommerce,9.6,3,3,5
cust_961,Company_961,starter,299,2023-08-01,churned,17,3,Finance,5.8,6,4,4
cust_962,Company_962,starter,299,2023-08-08,active,4,1,Finance,3.6,0,7,5
cust_963,Company_963,starter,299,2023-07-19,active,7,1,Finance,6.7,11,1,0
cust_964,Company_964,pro,1999,2023-07-30,active,10,4,SaaS,7.3,25,3,2
cust_965,Company_965,enterprise,4999,2023-11-04,active,11,45,Healthcare,6.9,24,3,2
cust_966,Company_966,starter,299,2023-12-19,active,11,4,SaaS,3.7,19,8,3
cust_967,Company_967,growth,799,2023-04-30,active,17,1,Ecommerce,0.7,24,2,2
cust_968,Company_968,starter,299,2023-08-08,active,8,1,Ecommerce,4.1,9,4,1
cust_969,Company_969,starter,299,2023-11-25,active,2,5,Healthcare,7.5,10,3,2
cust_970,Company_970,starter,299,2023-01-21,active,17,4,Finance,7.6,7,6,2
cust_971,Company_971,starter,299,2023-10-04,active,2,2,Ecommerce,6.3,12,6,1
cust_972,Company_972,growth,799,2023-01-04,active,3,1,Ecommerce,1.0,4,4,1
cust_973,Company_973,starter,299,2023-10-31,active,18,2,Ecommerce,5.3,13,8,2
cust_974,Company_974,starter,299,2023-04-12,active,8,5,Ecommerce,3.4,18,8,5
cust_975,Company_975,starter,299,2023-09-04,active,3,3,Healthcare,4.1,15,8,3
cust_976,Company_976,growth,799,2023-08-10,active,5,4,SaaS,7.7,13,2,2
cust_977,Company_977,growth,799,2023-03-20,active,18,3,Healthcare,4.9,14,5,3
cust_978,Company_978,growth,799,2023-09-04,active,3,4,Ecommerce,2.0,6,1,0
cust_979,Company_979,pro,1999,2023-07-11,active,16,4,Healthcare,9.7,11,7,3
cust_980,Company_980,starter,299,2023-10-29,active,3,1,SaaS,4.2,18,3,1
cust_981,Company_981,pro,1999,2023-05-11,active,24,4,Finance,7.1,20,7,3
cust_982,Company_982,pro,1999,2023-05-05,churned,16,3,SaaS,7.1,20,3,2
cust_983,Company_983,growth,799,2023-12-15,active,5,5,Other,9.5,26,3,0
cust_984,Company_984,starter,299,2023-02-17,active,21,4,Healthcare,7.2,28,2,4
cust_985,Company_985,enterprise,4999,2023-08-05,active,6,17,Finance,5.3,17,7,4
cust_986,Company_986,starter,299,2023-07-30,active,24,1,Other,7.9,11,3,2
cust_987,Company_987,pro,1999,2023-07-23,active,23,2,Healthcare,0.5,2,7,4
cust_988,Company_988,growth,799,2023-05-28,active,24,2,Finance,2.3,4,4,3
cust_989,Company_989,starter,299,2023-02-26,active,15,2,Ecommerce,2.4,23,3,1
cust_990,Company_990,starter,299,2023-07-29,active,15,5,SaaS,8.7,5,2,2
cust_991,Company_991,starter,299,2023-03-05,churned,9,1,Other,2.7,15,2,0
cust_992,Company_992,starter,299,2023-01-04,active,22,1,SaaS,2.5,25,1,3
cust_993,Company_993,growth,799,2023-05-17,active,16,3,Other,4.6,11,6,2
cust_994,Company_994,pro,1999,2023-07-04,active,22,5,SaaS,9.8,27,6,0
cust_995,Company_995,starter,299,2023-12-24,active,13,2,SaaS,6.2,27,5,5
cust_996,Company_996,pro,1999,2023-05-08,active,12,4,Other,4.4,6,1,5
cust_997,Company_997,enterprise,4999,2023-06-14,active,1,3,Finance,6.9,7,8,3
cust_998,Company_998,pro,1999,2023-02-11,active,12,4,SaaS,7.5,9,4,5
cust_999,Company_999,starter,299,2023-09-24,active,19,5,SaaS,1.7,25,2,2
cust_1000,Company_1000,pro,1999,2023-10-08,active,15,4,SaaS,5.1,17,4,1
cust_1001,Company_1001,starter,299,2023-12-04,churned,23,4,SaaS,2.0,29,6,3
cust_1002,Company_1002,pro,1999,2023-04-23,active,24,4,SaaS,6.8,29,8,0
cust_1003,Company_1003,pro,1999,2023-06-20,active,8,5,SaaS,6.6,12,7,5
cust_1004,Company_1004,growth,799,2023-10-15,active,14,2,Finance,1.6,2,2,0
cust_1005,Company_1005,starter,299,2023-10-31,active,7,1,Other,4.0,27,6,3
cust_1006,Company_1006,growth,799,2023-01-01,churned,10,5,Ecommerce,8.5,13,6,2
cust_1007,Company_1007,pro,1999,2023-03-06,active,17,5,Ecommerce,1.5,0,8,2
cust_1008,Company_1008,starter,299,2023-06-01,active,8,4,Ecommerce,6.2,4,1,4
cust_1009,Company_1009,starter,299,2023-09-15,churned,23,5,Healthcare,6.5,6,8,2
cust_1010,Company_1010,pro,1999,2023-07-12,active,2,3,Ecommerce,8.4,6,4,5
cust_1011,Company_1011,pro,1999,2023-04-02,active,16,3,Ecommerce,9.9,17,7,2
cust_1012,Company_1012,growth,799,2023-08-31,active,12,4,SaaS,5.5,9,5,5
cust_1013,Company_1013,enterprise,4999,2023-12-25,active,18,9,Finance,7.6,18,1,5
cust_1014,Company_1014,starter,299,2023-12-02,active,6,4,Healthcare,3.3,4,4,1
cust_1015,Company_1015,pro,1999,2023-04-11,active,24,3,Other,1.5,25,3,3
cust_1016,Company_1016,enterprise,4999,2023-08-07,active,22,4,SaaS,3.9,15,3,0
cust_1017,Company_1017,starter,299,2023-09-21,active,21,4,Ecommerce,6.5,12,4,0
cust_1018,Company_1018,starter,299,2023-07-23,active,16,5,Ecommerce,6.7,12,2,3
cust_1019,Company_1019,pro,1999,2023-11-29,active,13,4,Finance,0.6,3,2,0
cust_1020,Company_1020,growth,799,2023-12-09,active,17,5,Other,9.9,15,5,5
cust_1021,Company_1021,pro,1999,2023-10-31,active,6,4,Finance,5.9,3,6,0
cust_1022,Company_1022,pro,1999,2023-10-03,active,6,1,Healthcare,5.8,17,8,0
cust_1023,Company_1023,growth,799,2023-10-27,active,18,1,Ecommerce,9.7,28,2,1
cust_1024,Company_1024,pro,1999,2023-12-22,churned,6,4,Finance,1.7,4,4,5
cust_1025,Company_1025,starter,299,2023-10-15,active,9,1,SaaS,9.8,16,5,2
cust_1026,Company_1026,enterprise,4999,2023-03-29,active,14,43,SaaS,2.9,1,5,5
cust_1027,Company_1027,growth,799,2023-03-13,active,19,3,Other,9.2,11,4,5
cust_1028,Company_1028,starter,299,2023-01-23,churned,8,2,Finance,8.6,6,3,4
cust_1029,Company_1029,growth,799,2023-10-30,active,12,5,Healthcare,1.2,8,5,3
cust_1030,Company_1030,growth,799,2023-03-25,active,13,3,Healthcare,9.4,4,4,0
cust_1031,Company_1031,growth,799,2023-05-18,active,21,2,Finance,5.9,20,3,3
cust_1032,Company_1032,pro,1999,2023-06-11,active,14,5,Ecommerce,1.2,3,2,5
cust_1033,Company_1033,growth,799,2023-02-03,active,11,3,Finance,7.9,4,4,2
cust_1034,Company_1034,starter,299,2023-07-13,active,8,1,SaaS,2.2,23,5,4
cust_1035,Company_1035,pro,1999,2023-09-08,active,4,5,Finance,5.7,19,2,0
cust_1036,Company_1036,starter,299,2023-07-19,active,6,5,Other,6.1,27,7,3
cust_1037,Company_1037,growth,799,2023-05-13,active,1,2,Ecommerce,1.9,18,5,0
cust_1038,Company_1038,enterprise,4999,2023-11-24,active,12,16,Other,4.5,14,3,3
cust_1039,Company_1039,enterprise,4999,2023-08-28,active,17,28,Other,9.4,28,4,2
cust_1040,Company_1040,growth,799,2023-02-14,active,10,3,SaaS,6.5,2,4,0
cust_1041,Company_1041,starter,299,2023-01-30,active,3,5,Healthcare,8.2,0,7,5
cust_1042,Company_1042,growth,799,2023-03-11,active,16,5,SaaS,4.4,19,4,5
cust_1043,Company_1043,starter,299,2023-08-06,active,23,3,Ecommerce,9.9,21,1,4
cust_1044,Company_1044,growth,799,2023-03-28,active,22,5,Ecommerce,2.2,11,3,4
cust_1045,Company_1045,starter,299,2023-01-27,active,14,2,Finance,9.7,10,4,4
cust_1046,Company_1046,pro,1999,2023-03-02,active,10,3,Finance,2.5,23,7,1
cust_1047,Company_1047,enterprise,4999,2023-11-26,active,17,3,Healthcare,9.0,27,8,0
cust_1048,Company_1048,starter,299,2023-11-12,active,15,3,SaaS,0.5,28,3,3
cust_1049,Company_1049,starter,299,2023-02-21,active,14,1,Other,5.4,4,7,0
cust_1050,Company_1050,enterprise,4999,2023-01-04,active,5,17,Ecommerce,5.0,11,5,2
cust_1051,Company_1051,growth,799,2023-04-04,active,18,1,Healthcare,6.7,14,3,1
cust_1052,Company_1052,starter,299,2023-08-11,active,1,2,SaaS,2.3,1,3,3
cust_1053,Company_1053,growth,799,2023-06-19,active,2,2,Healthcare,9.6,8,2,3
cust_1054,Company_1054,growth,799,2023-09-11,active,22,3,Healthcare,5.3,29,7,1
cust_1055,Company_1055,starter,299,2023-02-25,churned,1,3,Other,0.6,21,4,0
cust_1056,Company_1056,growth,799,2023-06-25,active,14,1,Healthcare,5.1,9,8,0
cust_1057,Company_1057,pro,1999,2023-05-07,active,20,5,Ecommerce,2.9,24,2,2
cust_1058,Company_1058,enterprise,4999,2023-05-07,active,22,13,Healthcare,7.2,25,2,5
cust_1059,Company_1059,pro,1999,2023-11-09,active,6,5,Ecommerce,2.7,4,7,0
cust_1060,Company_1060,starter,299,2023-04-09,active,5,5,Ecommerce,1.4,1,7,3
cust_1061,Company_1061,growth,799,2023-12-25,active,21,2,Finance,4.5,1,7,5
cust_1062,Company_1062,starter,299,2023-02-26,active,9,3,Healthcare,2.8,28,1,1
cust_1063,Company_1063,starter,299,2023-01-27,active,22,2,Finance,5.0,29,2,3
cust_1064,Company_1064,starter,299,2023-09-09,active,12,1,SaaS,6.9,21,3,2
cust_1065,Company_1065,starter,299,2023-07-05,active,24,5,Other,4.0,20,5,1
cust_1066,Company_1066,growth,799,2023-02-14,active,4,5,SaaS,0.9,30,4,1
cust_1067,Company_1067,pro,1999,2023-02-20,active,3,5,Finance,3.4,15,4,4
cust_1068,Company_1068,pro,1999,2023-01-23,active,5,5,Finance,9.0,24,6,2
cust_1069,Company_1069,growth,799,2023-03-02,churned,14,4,Other,9.3,16,1,1
cust_1070,Company_1070,growth,799,2023-12-23,active,5,5,SaaS,8.0,22,4,5
cust_1071,Company_1071,pro,1999,2023-09-11,active,22,5,SaaS,2.1,24,7,4
cust_1072,Company_1072,pro,1999,2023-07-25,active,20,2,SaaS,2.0,6,1,4
cust_1073,Company_1073,growth,799,2023-12-29,active,24,3,Ecommerce,3.3,8,2,1
cust_1074,Company_1074,starter,299,2023-10-01,active,8,2,Finance,9.3,8,1,5
cust_1075,Company_1075,enterprise,4999,2023-04-18,active,18,42,Finance,6.5,11,6,0
cust_1076,Company_1076,enterprise,4999,2023-10-09,active,9,27,Other,3.3,1,1,2
cust_1077,Company_1077,starter,299,2023-05-24,active,6,1,Other,6.7,27,2,5
cust_1078,Company_1078,pro,1999,2023-07-15,active,21,5,Other,2.5,14,4,2
cust_1079,Company_1079,starter,299,2023-10-25,active,21,4,Ecommerce,4.7,23,7,2
cust_1080,Company_1080,starter,299,2023-09-03,active,3,4,Ecommerce,8.2,5,4,4
cust_1081,Company_1081,growth,799,2023-04-03,active,21,3,Ecommerce,8.9,26,7,5
cust_1082,Company_1082,growth,799,2023-02-05,churned,5,2,Healthcare,9.1,12,2,5
cust_1083,Company_1083,growth,799,2023-01-07,active,20,4,SaaS,1.5,0,1,1
cust_1084,Company_1084,starter,299,2023-02-12,churned,9,5,SaaS,8.0,0,2,4
cust_1085,Company_1085,pro,1999,2023-06-23,active,23,2,Healthcare,7.7,28,8,1
cust_1086,Company_1086,starter,299,2023-09-03,active,5,5,Finance,6.5,3,1,0
cust_1087,Company_1087,starter,299,2023-06-01,active,4,4,Ecommerce,0.5,7,1,1
cust_1088,Company_1088,growth,799,2023-03-17,active,12,2,Healthcare,7.0,22,2,3
cust_1089,Company_1089,starter,299,2023-02-26,churned,8,3,Finance,1.2,10,2,2
cust_1090,Company_1090,enterprise,4999,2023-02-13,active,2,12,Healthcare,5.5,19,3,5
cust_1091,Company_1091,growth,799,2023-12-08,active,22,3,Finance,8.8,8,8,5
cust_1092,Company_1092,starter,299,2023-05-16,active,23,1,Ecommerce,7.9,4,6,1
cust_1093,Company_1093,starter,299,2023-09-02,churned,3,4,Finance,1.9,10,3,1
cust_1094,Company_1094,pro,1999,2023-06-30,active,11,4,Healthcare,6.2,20,6,1
cust_1095,Company_1095,pro,1999,2023-12-01,active,8,5,Healthcare,5.6,15,4,3
cust_1096,Company_1096,starter,299,2023-08-04,active,17,2,SaaS,2.7,0,4,0
cust_1097,Company_1097,starter,299,2023-08-31,active,5,1,Finance,3.9,27,3,2
cust_1098,Company_1098,growth,799,2023-10-10,active,14,2,SaaS,7.6,3,3,3
cust_1099,Company_1099,pro,1999,2023-12-23,active,14,1,Other,1.2,26,3,0
cust_1100,Company_1100,starter,299,2023-03-14,active,3,1,Other,8.4,13,3,1
cust_1101,Company_1101,growth,799,2023-03-13,active,24,3,Healthcare,4.4,10,8,5
cust_1102,Company_1102,growth,799,2023-05-27,active,4,1,Other,7.6,16,3,0
cust_1103,Company_1103,starter,299,2023-08-05,active,22,4,Other,7.3,8,5,5
cust_1104,Company_1104,starter,299,2023-03-22,active,9,5,Healthcare,9.8,4,4,3
cust_1105,Company_1105,growth,799,2023-04-23,active,13,5,Other,8.5,26,8,3
cust_1106,Company_1106,starter,299,2023-11-25,active,13,2,SaaS,8.1,20,7,1
cust_1107,Company_1107,starter,299,2023-02-23,active,3,3,SaaS,2.8,5,2,0
cust_1108,Company_1108,starter,299,2023-01-06,active,10,2,SaaS,2.8,2,1,4
cust_1109,Company_1109,enterprise,4999,2023-09-05,active,2,6,Finance,0.6,11,5,3
cust_1110,Company_1110,growth,799,2023-06-11,active,13,2,SaaS,3.6,28,2,4
cust_1111,Company_1111,pro,1999,2023-03-18,active,1,4,Healthcare,6.1,27,1,2
cust_1112,Company_1112,starter,299,2023-12-16,churned,15,1,Ecommerce,8.9,25,3,5
cust_1113,Company_1113,starter,299,2023-09-14,active,17,5,Other,9.3,10,8,1
cust_1114,Company_1114,starter,299,2023-07-04,active,20,4,SaaS,9.0,24,7,1
cust_1115,Company_1115,starter,299,2023-11-09,churned,20,2,Other,6.5,15,2,0
cust_1116,Company_1116,starter,299,2023-06-08,active,18,1,Healthcare,1.4,10,3,2
cust_1117,Company_1117,starter,299,2023-05-24,active,19,1,SaaS,2.2,24,8,2
cust_1118,Company_1118,enterprise,4999,2023-05-12,active,15,9,SaaS,9.7,15,1,2
cust_1119,Company_1119,pro,1999,2023-07-25,active,14,2,Healthcare,4.0,27,6,2
cust_1120,Company_1120,starter,299,2023-07-31,active,17,1,Other,9.8,1,4,5
cust_1121,Company_1121,pro,1999,2023-01-05,active,5,3,Healthcare,2.0,12,2,1
cust_1122,Company_1122,starter,299,2023-08-25,churned,22,4,Healthcare,6.6,28,8,0
cust_1123,Company_1123,starter,299,2023-02-25,active,13,2,Healthcare,3.6,10,6,4
cust_1124,Company_1124,growth,799,2023-12-26,active,24,3,Healthcare,0.9,4,8,1
cust_1125,Company_1125,growth,799,2023-06-13,churned,19,5,Healthcare,1.1,25,6,3
cust_1126,Company_1126,enterprise,4999,2023-04-20,active,2,2,Healthcare,3.1,20,3,0
cust_1127,Company_1127,starter,299,2023-05-21,churned,13,4,Healthcare,5.5,21,5,1
cust_1128,Company_1128,pro,1999,2023-02-17,active,14,3,Ecommerce,2.4,30,7,3
cust_1129,Company_1129,growth,799,2023-12-19,active,6,4,Finance,9.2,18,7,0
cust_1130,Company_1130,growth,799,2023-11-02,churned,7,5,Other,1.9,21,6,0
cust_1131,Company_1131,starter,299,2023-08-23,active,5,3,SaaS,8.0,21,7,2
cust_1132,Company_1132,growth,799,2023-01-02,active,15,2,Healthcare,6.6,18,2,0
cust_1133,Company_1133,starter,299,2023-04-07,active,14,2,Other,4.1,11,4,1
cust_1134,Company_1134,enterprise,4999,2023-10-23,active,1,24,SaaS,3.4,9,2,5
cust_1135,Company_1135,growth,799,2023-08-22,active,14,3,Other,4.5,24,6,0
cust_1136,Company_1136,enterprise,4999,2023-08-23,active,14,36,Other,2.0,13,7,2
cust_1137,Company_1137,pro,1999,2023-12-19,active,22,3,Other,9.4,28,2,0
cust_1138,Company_1138,pro,1999,2023-02-23,active,3,5,Healthcare,1.5,23,2,5
cust_1139,Company_1139,growth,799,2023-10-25,active,2,4,Ecommerce,2.6,14,7,0
cust_1140,Company_1140,starter,299,2023-08-29,active,4,4,Healthcare,9.1,20,7,0
cust_1141,Company_1141,enterprise,4999,2023-04-25,active,17,43,Finance,3.4,28,7,5
cust_1142,Company_1142,starter,299,2023-08-01,churned,2,2,Finance,8.5,16,6,2
cust_1143,Company_1143,starter,299,2023-10-20,active,14,4,Ecommerce,6.4,12,1,4
cust_1144,Company_1144,growth,799,2023-11-22,active,13,2,Healthcare,9.1,16,3,3
cust_1145,Company_1145,starter,299,2023-12-30,active,5,5,Healthcare,8.5,20,5,4
cust_1146,Company_1146,starter,299,2023-06-15,churned,7,1,Healthcare,0.6,24,3,0
cust_1147,Company_1147,growth,799,2023-10-06,active,3,1,Ecommerce,9.8,20,6,1
cust_1148,Company_1148,starter,299,2023-04-24,active,10,2,Healthcare,7.8,21,1,2
cust_1149,Company_1149,starter,299,2023-03-15,churned,21,5,SaaS,1.6,29,2,0
cust_1150,Company_1150,starter,299,2023-05-15,churned,6,4,Finance,9.2,6,7,0
cust_1151,Company_1151,growth,799,2023-01-12,churned,14,1,Ecommerce,7.0,12,6,5
cust_1152,Company_1152,enterprise,4999,2023-03-24,active,6,12,Other,6.5,27,1,0
cust_1153,Company_1153,enterprise,4999,2023-06-27,active,16,39,Other,0.5,16,5,0
cust_1154,Company_1154,starter,299,2023-01-16,churned,18,5,Ecommerce,2.6,11,2,1
cust_1155,Company_1155,starter,299,2023-03-12,churned,8,2,Finance,3.1,6,2,2
cust_1156,Company_1156,pro,1999,2023-11-30,active,10,4,Healthcare,5.4,12,4,2
cust_1157,Company_1157,starter,299,2023-12-18,active,23,4,SaaS,6.0,24,5,1
cust_1158,Company_1158,pro,1999,2023-09-07,active,14,4,Other,7.6,26,6,4
cust_1159,Company_1159,starter,299,2023-07-16,active,14,3,Finance,9.0,26,2,3
cust_1160,Company_1160,starter,299,2023-01-18,active,17,4,Finance,6.2,28,6,3
cust_1161,Company_1161,starter,299,2023-04-03,active,11,2,Finance,2.8,6,6,2
cust_1162,Company_1162,starter,299,2023-06-10,churned,4,1,Finance,2.5,18,6,1
cust_1163,Company_1163,growth,799,2023-07-17,active,10,5,Ecommerce,1.5,8,2,4
cust_1164,Company_1164,pro,1999,2023-08-04,active,22,3,Finance,2.4,1,8,3
cust_1165,Company_1165,starter,299,2023-05-21,churned,14,4,Ecommerce,6.2,18,7,1
cust_1166,Company_1166,growth,799,2023-05-26,active,1,5,SaaS,9.2,9,3,3
cust_1167,Company_1167,starter,299,2023-10-01,churned,17,1,SaaS,5.0,26,7,5
cust_1168,Company_1168,starter,299,2023-06-12,active,12,5,Finance,5.2,1,7,2
cust_1169,Company_1169,growth,799,2023-08-21,active,16,1,Finance,9.4,3,1,1
cust_1170,Company_1170,starter,299,2023-01-06,churned,5,3,Healthcare,2.7,2,4,5
cust_1171,Company_1171,enterprise,4999,2023-07-08,active,18,45,SaaS,3.0,25,1,0
cust_1172,Company_1172,starter,299,2023-06-05,active,3,5,Healthcare,3.1,5,3,4
cust_1173,Company_1173,growth,799,2023-03-06,active,11,5,Healthcare,6.6,21,2,4
cust_1174,Company_1174,growth,799,2023-10-23,active,16,3,Finance,7.8,15,4,0
cust_1175,Company_1175,starter,299,2023-06-01,churned,23,5,Ecommerce,6.8,23,4,5
cust_1176,Company_1176,starter,299,2023-09-11,active,2,2,Healthcare,8.3,6,8,0
cust_1177,Company_1177,starter,299,2023-10-30,active,17,3,Finance,7.2,20,3,4
cust_1178,Company_1178,starter,299,2023-03-08,active,8,4,Healthcare,8.7,16,4,3
cust_1179,Company_1179,starter,299,2023-05-23,active,14,3,Other,6.7,4,8,0
cust_1180,Company_1180,pro,1999,2023-05-04,active,1,2,Finance,0.8,21,8,2
cust_1181,Company_1181,starter,299,2023-10-09,active,3,2,Ecommerce,4.3,13,6,0
cust_1182,Company_1182,growth,799,2023-07-09,churned,4,4,Healthcare,2.3,6,7,1
cust_1183,Company_1183,growth,799,2023-09-29,active,20,4,SaaS,7.0,20,4,0
cust_1184,Company_1184,starter,299,2023-01-28,active,2,2,SaaS,5.6,8,4,4
cust_1185,Company_1185,growth,799,2023-07-27,active,13,2,Finance,5.2,5,4,2
cust_1186,Company_1186,growth,799,2023-12-28,active,20,1,SaaS,2.3,29,8,5
cust_1187,Company_1187,starter,299,2023-12-19,active,8,1,Ecommerce,2.3,28,8,1
cust_1188,Company_1188,enterprise,4999,2023-12-08,active,16,2,Ecommerce,9.8,28,2,1
cust_1189,Company_1189,growth,799,2023-01-05,active,20,4,Other,0.5,27,4,3
cust_1190,Company_1190,starter,299,2023-01-09,active,19,3,Ecommerce,5.5,5,3,0
cust_1191,Company_1191,starter,299,2023-06-21,active,15,3,Other,2.9,15,5,2
cust_1192,Company_1192,growth,799,2023-06-30,active,10,5,Other,5.1,8,1,1
cust_1193,Company_1193,enterprise,4999,2023-04-23,active,22,23,Healthcare,0.8,18,7,2
cust_1194,Company_1194,starter,299,2023-02-15,active,7,4,SaaS,9.7,28,8,4
cust_1195,Company_1195,starter,299,2023-12-14,active,12,4,Other,4.5,8,5,1
cust_1196,Company_1196,starter,299,2023-09-24,active,23,5,SaaS,4.6,14,6,2
cust_1197,Company_1197,starter,299,2023-01-05,active,16,2,Healthcare,7.0,16,5,4
cust_1198,Company_1198,growth,799,2023-03-25,active,10,1,Finance,0.6,1,4,2
cust_1199,Company_1199,pro,1999,2023-03-05,active,2,1,Healthcare,3.8,26,1,0
cust_1200,Company_1200,starter,299,2023-06-29,active,10,5,Other,2.0,2,5,1
cust_1201,Company_1201,enterprise,4999,2023-04-11,active,14,6,Finance,2.6,15,6,1
cust_1202,Company_1202,pro,1999,2023-11-23,active,13,1,Finance,9.2,19,5,1
cust_1203,Company_1203,growth,799,2023-12-14,active,11,2,Ecommerce,2.9,13,4,2
cust_1204,Company_1204,starter,299,2023-06-02,active,19,4,Other,2.2,25,7,0
cust_1205,Company_1205,starter,299,2023-08-15,active,23,3,Healthcare,3.9,14,7,3
cust_1206,Company_1206,growth,799,2023-10-14,active,1,4,SaaS,7.7,19,5,1
cust_1207,Company_1207,growth,799,2023-07-11,active,5,5,Finance,1.0,27,7,1
cust_1208,Company_1208,growth,799,2023-01-04,active,15,5,Healthcare,8.5,2,1,2
cust_1209,Company_1209,pro,1999,2023-11-29,active,4,1,Finance,5.9,22,6,0
cust_1210,Company_1210,starter,299,2023-10-27,active,22,1,Ecommerce,5.4,17,8,1
cust_1211,Company_1211,starter,299,2023-12-12,active,21,3,Finance,7.3,29,1,3
cust_1212,Company_1212,growth,799,2023-04-13,churned,4,2,Other,8.9,16,2,1
cust_1213,Company_1213,starter,299,2023-08-31,active,1,4,Healthcare,1.0,3,5,3
cust_1214,Company_1214,growth,799,2023-04-05,active,8,5,Finance,8.3,21,8,5
cust_1215,Company_1215,growth,799,2023-08-10,active,5,2,Ecommerce,8.3,21,4,1
cust_1216,Company_1216,growth,799,2023-12-25,active,18,4,Finance,3.2,3,8,2
cust_1217,Company_1217,growth,799,2023-07-20,active,13,1,Healthcare,4.5,13,3,0
cust_1218,Company_1218,starter,299,2023-03-03,active,19,5,Finance,0.8,20,8,0
cust_1219,Company_1219,enterprise,4999,2023-07-01,active,5,47,Healthcare,3.1,5,6,4
cust_1220,Company_1220,pro,1999,2023-09-15,active,7,5,Healthcare,5.4,5,3,2
cust_1221,Company_1221,growth,799,2023-10-16,active,11,2,Finance,8.0,21,5,3
cust_1222,Company_1222,starter,299,2023-11-27,active,16,4,Other,6.8,18,5,1
cust_1223,Company_1223,growth,799,2023-10-29,active,19,5,Healthcare,1.1,0,3,1
cust_1224,Company_1224,starter,299,2023-02-24,active,16,4,Finance,7.7,24,4,0
cust_1225,Company_1225,pro,1999,2023-03-31,active,24,4,SaaS,1.1,8,2,0
cust_1226,Company_1226,pro,1999,2023-02-07,active,15,5,SaaS,9.3,10,2,5
cust_1227,Company_1227,growth,799,2023-03-10,active,21,2,Ecommerce,2.9,14,5,1
cust_1228,Company_1228,starter,299,2023-03-24,active,14,2,SaaS,6.0,20,2,1
cust_1229,Company_1229,starter,299,2023-03-13,active,1,4,Other,5.7,2,6,1
cust_1230,Company_1230,growth,799,2023-11-25,active,17,2,Other,8.4,16,6,2
cust_1231,Company_1231,growth,799,2023-10-14,active,5,4,Healthcare,6.4,27,2,4
cust_1232,Company_1232,starter,299,2023-09-22,churned,10,4,Ecommerce,1.0,17,6,0
cust_1233,Company_1233,starter,299,2023-05-29,active,9,3,SaaS,8.8,5,5,0
cust_1234,Company_1234,growth,799,2023-05-04,active,17,5,Finance,4.3,1,2,4
cust_1235,Company_1235,growth,799,2023-05-15,churned,21,3,Healthcare,3.0,10,1,1
cust_1236,Company_1236,starter,299,2023-06-18,active,22,1,Ecommerce,5.2,25,1,2
cust_1237,Company_1237,enterprise,4999,2023-08-02,active,20,6,Other,5.0,4,5,5
cust_1238,Company_1238,starter,299,2023-01-19,active,16,3,Healthcare,5.0,25,4,0
cust_1239,Company_1239,enterprise,4999,2023-01-14,active,7,25,SaaS,5.7,1,7,3
cust_1240,Company_1240,growth,799,2023-08-09,active,23,2,SaaS,4.7,28,6,2
cust_1241,Company_1241,starter,299,2023-08-12,active,2,1,Other,0.6,13,1,0
cust_1242,Company_1242,pro,1999,2023-05-08,active,2,2,Healthcare,2.2,1,6,2
cust_1243,Company_1243,growth,799,2023-05-06,active,10,4,Healthcare,6.7,21,2,0
cust_1244,Company_1244,starter,299,2023-10-06,active,7,3,Ecommerce,4.7,9,6,4
cust_1245,Company_1245,starter,299,2023-12-01,active,8,3,Finance,7.1,16,2,0
cust_1246,Company_1246,starter,299,2023-07-30,active,23,4,Finance,1.2,29,3,4
cust_1247,Company_1247,starter,299,2023-10-11,churned,7,2,SaaS,9.8,22,8,5
cust_1248,Company_1248,pro,1999,2023-02-28,active,1,1,Finance,3.1,12,5,0
cust_1249,Company_1249,starter,299,2023-11-09,active,13,4,Healthcare,4.7,7,4,3
cust_1250,Company_1250,starter,299,2023-08-09,churned,18,3,SaaS,5.6,11,1,4
cust_1251,Company_1251,pro,1999,2023-06-22,active,9,5,Ecommerce,7.7,10,7,3
cust_1252,Company_1252,pro,1999,2023-01-30,active,4,3,Other,4.9,18,5,1
cust_1253,Company_1253,enterprise,4999,2023-08-28,active,24,16,Ecommerce,9.1,8,5,0
cust_1254,Company_1254,enterprise,4999,2023-10-05,active,10,26,SaaS,6.3,11,5,5
cust_1255,Company_1255,starter,299,2023-12-01,churned,20,3,Other,6.8,26,5,1
cust_1256,Company_1256,growth,799,2023-01-09,churned,15,1,Finance,5.1,27,4,3
cust_1257,Company_1257,starter,299,2023-02-10,active,9,5,Finance,9.6,14,3,2
cust_1258,Company_1258,pro,1999,2023-05-22,active,9,2,Ecommerce,6.5,4,1,1
cust_1259,Company_1259,starter,299,2023-01-20,active,6,4,Other,3.5,17,4,0
cust_1260,Company_1260,enterprise,4999,2023-05-13,churned,9,23,Other,7.3,19,4,2
cust_1261,Company_1261,starter,299,2023-09-17,churned,15,1,Ecommerce,2.4,18,6,5
cust_1262,Company_1262,growth,799,2023-11-25,active,14,2,SaaS,3.6,25,6,2
cust_1263,Company_1263,enterprise,4999,2023-11-30,active,12,19,Other,0.8,11,1,2
cust_1264,Company_1264,enterprise,4999,2023-10-30,active,1,14,Finance,5.4,24,6,1
cust_1265,Company_1265,starter,299,2023-10-26,active,2,2,Healthcare,7.7,20,2,0
cust_1266,Company_1266,enterprise,4999,2023-04-25,active,19,37,Other,7.5,17,2,4
cust_1267,Company_1267,pro,1999,2023-11-07,active,16,5,Healthcare,3.5,6,5,1
cust_1268,Company_1268,starter,299,2023-07-05,active,8,1,Ecommerce,4.7,30,7,2
cust_1269,Company_1269,starter,299,2023-10-14,churned,17,3,Healthcare,6.2,14,7,1
cust_1270,Company_1270,growth,799,2023-03-06,active,18,4,Other,6.8,19,5,2
cust_1271,Company_1271,starter,299,2023-03-02,active,3,5,Ecommerce,6.0,20,4,1
cust_1272,Company_1272,pro,1999,2023-01-08,active,6,3,Other,7.3,15,2,1
cust_1273,Company_1273,pro,1999,2023-08-09,active,1,1,Ecommerce,5.4,16,7,3
cust_1274,Company_1274,starter,299,2023-07-25,active,23,3,SaaS,3.7,26,6,4
cust_1275,Company_1275,growth,799,2023-02-25,churned,24,3,Healthcare,9.2,20,8,5
cust_1276,Company_1276,pro,1999,2023-05-29,active,16,2,Other,9.2,29,2,1
cust_1277,Company_1277,pro,1999,2023-10-31,active,19,4,Healthcare,3.5,5,5,0
cust_1278,Company_1278,starter,299,2023-09-10,churned,11,5,Other,6.0,27,7,2
cust_1279,Company_1279,starter,299,2023-06-13,active,6,1,Ecommerce,4.6,8,6,0
cust_1280,Company_1280,starter,299,2023-03-26,active,4,4,Healthcare,2.6,5,5,2
cust_1281,Company_1281,enterprise,4999,2023-02-24,active,8,10,SaaS,2.5,26,3,0
cust_1282,Company_1282,growth,799,2023-01-21,active,18,2,SaaS,5.1,26,1,2
cust_1283,Company_1283,starter,299,2023-10-20,active,14,5,Ecommerce,8.4,9,2,5
cust_1284,Company_1284,pro,1999,2023-03-03,active,15,4,Finance,1.3,4,5,5
cust_1285,Company_1285,growth,799,2023-07-01,active,3,2,SaaS,3.6,16,6,2
cust_1286,Company_1286,growth,799,2023-09-20,active,22,3,SaaS,4.6,29,6,1
cust_1287,Company_1287,pro,1999,2023-12-05,churned,21,1,Ecommerce,1.8,12,4,5
cust_1288,Company_1288,starter,299,2023-08-29,active,5,2,Healthcare,3.2,6,2,4
cust_1289,Company_1289,pro,1999,2023-04-20,active,1,4,Other,6.3,22,3,0
cust_1290,Company_1290,growth,799,2023-05-15,active,20,5,Ecommerce,6.6,15,3,2
cust_1291,Company_1291,pro,1999,2023-05-30,active,22,4,Other,3.9,15,5,0
cust_1292,Company_1292,starter,299,2023-05-28,active,14,3,Ecommerce,6.8,3,3,3
cust_1293,Company_1293,enterprise,4999,2023-12-05,active,4,26,Ecommerce,7.8,15,8,4
cust_1294,Company_1294,growth,799,2023-05-01,active,1,5,Ecommerce,9.0,25,7,0
cust_1295,Company_1295,growth,799,2023-06-15,active,9,4,Healthcare,8.2,13,7,2
cust_1296,Company_1296,enterprise,4999,2023-05-18,active,16,22,SaaS,3.4,13,4,4
cust_1297,Company_1297,pro,1999,2023-10-02,active,7,1,Other,6.3,4,1,5
cust_1298,Company_1298,starter,299,2023-07-14,active,3,3,Finance,7.8,17,2,5
cust_1299,Company_1299,starter,299,2023-04-18,active,12,2,Other,4.3,22,4,2
cust_1300,Company_1300,pro,1999,2023-07-11,active,11,5,Ecommerce,9.4,1,1,4
cust_1301,Company_1301,starter,299,2023-07-23,churned,16,3,Finance,0.7,20,4,0
cust_1302,Company_1302,starter,299,2023-03-05,active,13,2,Finance,8.7,2,2,4
cust_1303,Company_1303,pro,1999,2023-08-01,churned,1,5,Other,9.2,3,7,1
cust_1304,Company_1304,pro,1999,2023-06-09,active,11,1,Finance,3.1,6,2,2
cust_1305,Company_1305,enterprise,4999,2023-10-23,active,16,28,SaaS,2.6,13,5,3
cust_1306,Company_1306,starter,299,2023-12-26,active,18,4,SaaS,9.9,23,7,2
cust_1307,Company_1307,pro,1999,2024-01-01,active,4,5,SaaS,4.3,7,8,2
cust_1308,Company_1308,growth,799,2023-02-25,active,21,2,SaaS,1.4,5,4,3
cust_1309,Company_1309,growth,799,2023-02-12,active,5,4,Other,7.4,18,4,0
cust_1310,Company_1310,pro,1999,2023-05-10,active,14,3,Ecommerce,0.8,22,7,0
cust_1311,Company_1311,starter,299,2023-04-18,active,18,5,Healthcare,3.5,20,4,2
cust_1312,Company_1312,growth,799,2023-09-05,active,17,1,SaaS,4.5,2,7,1
cust_1313,Company_1313,pro,1999,2023-03-24,active,17,2,Ecommerce,4.7,3,1,3
cust_1314,Company_1314,growth,799,2023-11-17,active,17,5,Healthcare,4.3,9,2,3
cust_1315,Company_1315,enterprise,4999,2023-12-13,active,9,40,Finance,5.9,5,3,2
cust_1316,Company_1316,growth,799,2023-04-15,active,20,3,Other,6.2,15,8,1
cust_1317,Company_1317,enterprise,4999,2023-03-11,active,6,31,SaaS,3.5,5,3,3
cust_1318,Company_1318,starter,299,2023-01-03,active,10,2,SaaS,5.6,10,2,0
cust_1319,Company_1319,growth,799,2023-11-01,churned,6,5,Ecommerce,3.8,0,4,2
cust_1320,Company_1320,starter,299,2023-08-07,active,19,3,Other,7.8,29,5,4
cust_1321,Company_1321,growth,799,2023-12-04,churned,7,2,SaaS,7.4,8,3,2
cust_1322,Company_1322,growth,799,2023-03-06,active,17,4,Finance,6.0,27,5,5
cust_1323,Company_1323,pro,1999,2023-12-09,active,16,1,Ecommerce,9.9,2,3,1
cust_1324,Company_1324,starter,299,2023-01-01,churned,11,1,Ecommerce,5.4,14,7,5
cust_1325,Company_1325,growth,799,2023-06-04,active,17,2,Other,4.2,24,7,5
cust_1326,Company_1326,growth,799,2023-06-09,active,17,1,Other,8.5,30,3,5
cust_1327,Company_1327,pro,1999,2023-12-31,active,5,5,Healthcare,5.2,25,5,5
cust_1328,Company_1328,starter,299,2023-08-11,active,21,1,Finance,8.6,24,6,5
cust_1329,Company_1329,growth,799,2023-11-12,active,18,2,Healthcare,4.1,29,1,1
cust_1330,Company_1330,growth,799,2023-09-27,churned,7,3,Finance,1.4,11,5,4
cust_1331,Company_1331,enterprise,4999,2023-11-07,active,9,18,Healthcare,4.3,22,5,2
cust_1332,Company_1332,growth,799,2023-10-20,active,1,4,Other,6.5,15,3,3
cust_1333,Company_1333,pro,1999,2023-11-28,active,18,1,Finance,0.8,28,3,5
cust_1334,Company_1334,pro,1999,2023-03-09,active,3,1,SaaS,4.7,22,1,2
cust_1335,Company_1335,starter,299,2023-10-06,active,9,2,Other,7.5,10,6,5
cust_1336,Company_1336,starter,299,2023-10-28,active,24,5,SaaS,9.4,12,7,5
cust_1337,Company_1337,growth,799,2023-02-03,active,7,5,Ecommerce,7.4,2,3,3
cust_1338,Company_1338,starter,299,2023-11-08,active,7,4,Ecommerce,6.5,26,1,2
cust_1339,Company_1339,starter,299,2023-06-29,active,4,5,SaaS,5.9,14,2,0
cust_1340,Company_1340,enterprise,4999,2023-04-04,active,24,21,Other,6.5,0,3,0
cust_1341,Company_1341,starter,299,2023-07-11,churned,15,2,Finance,8.5,20,4,5
cust_1342,Company_1342,pro,1999,2023-03-09,active,10,3,Ecommerce,3.2,18,6,3
cust_1343,Company_1343,starter,299,2023-04-07,active,9,2,Finance,3.0,14,5,0
cust_1344,Company_1344,growth,799,2023-10-24,active,12,5,Healthcare,8.4,21,3,0
cust_1345,Company_1345,enterprise,4999,2023-10-27,active,13,37,Ecommerce,9.9,13,6,5
cust_1346,Company_1346,pro,1999,2023-05-28,active,7,5,Other,8.4,25,5,0
cust_1347,Company_1347,growth,799,2023-04-18,active,9,3,SaaS,9.3,16,3,3
cust_1348,Company_1348,starter,299,2023-10-28,active,11,4,Other,9.1,10,2,5
cust_1349,Company_1349,starter,299,2023-01-05,active,6,3,Finance,6.7,3,3,2
cust_1350,Company_1350,starter,299,2023-08-28,active,18,1,Healthcare,8.2,14,7,5
cust_1351,Company_1351,starter,299,2023-05-05,active,9,5,Finance,5.1,12,5,0
cust_1352,Company_1352,enterprise,4999,2023-04-30,active,17,28,Finance,9.6,12,1,1
cust_1353,Company_1353,growth,799,2023-06-03,active,20,5,Ecommerce,9.5,18,3,1
cust_1354,Company_1354,growth,799,2023-01-28,active,3,2,Finance,4.9,5,8,0
cust_1355,Company_1355,growth,799,2023-04-13,active,6,1,Ecommerce,2.7,6,7,0
cust_1356,Company_1356,pro,1999,2023-03-20,active,22,3,SaaS,5.0,11,2,3
cust_1357,Company_1357,growth,799,2023-07-21,active,23,4,Healthcare,8.4,22,4,0
cust_1358,Company_1358,starter,299,2023-06-12,active,5,3,Finance,8.3,23,7,4
cust_1359,Company_1359,starter,299,2023-02-06,active,12,5,SaaS,2.6,19,3,1
cust_1360,Company_1360,starter,299,2023-06-24,active,17,5,Other,7.6,29,2,5
cust_1361,Company_1361,starter,299,2023-09-13,churned,7,3,Healthcare,1.4,12,3,3
cust_1362,Company_1362,starter,299,2023-06-09,active,13,4,SaaS,3.0,30,7,1
cust_1363,Company_1363,starter,299,2023-12-16,active,17,4,SaaS,3.8,23,2,5
cust_1364,Company_1364,pro,1999,2023-01-07,active,6,5,Other,4.1,14,1,3
cust_1365,Company_1365,growth,799,2023-12-10,active,13,1,Finance,4.5,23,2,4
cust_1366,Company_1366,pro,1999,2023-08-19,active,17,4,Finance,8.5,11,2,1
cust_1367,Company_1367,enterprise,4999,2023-09-30,active,13,6,Ecommerce,0.6,30,5,1
cust_1368,Company_1368,growth,799,2023-11-11,active,24,4,SaaS,4.9,1,2,3
cust_1369,Company_1369,growth,799,2023-01-26,active,20,3,Healthcare,3.7,9,1,4
cust_1370,Company_1370,starter,299,2023-05-31,active,12,4,Finance,3.3,1,2,2
cust_1371,Company_1371,pro,1999,2023-09-30,active,24,2,SaaS,5.6,4,3,5
cust_1372,Company_1372,growth,799,2023-05-21,active,12,5,Ecommerce,9.2,28,8,0
cust_1373,Company_1373,starter,299,2023-07-10,churned,2,1,Healthcare,5.4,23,2,2
cust_1374,Company_1374,enterprise,4999,2023-06-04,active,14,12,Finance,7.4,23,2,3
cust_1375,Company_1375,enterprise,4999,2023-04-09,active,19,20,Other,5.4,27,4,5
cust_1376,Company_1376,pro,1999,2023-07-11,active,19,4,Finance,7.6,24,3,2
cust_1377,Company_1377,growth,799,2023-01-24,active,20,2,Finance,3.1,13,4,0
cust_1378,Company_1378,pro,1999,2023-12-03,active,5,4,Other,8.0,20,6,0
cust_1379,Company_1379,starter,299,2023-01-10,active,23,1,Other,3.2,22,8,4
cust_1380,Company_1380,growth,799,2023-11-01,active,11,4,Other,0.6,10,6,2
cust_1381,Company_1381,pro,1999,2023-03-19,active,15,4,Ecommerce,5.6,5,7,2
cust_1382,Company_1382,growth,799,2023-12-05,active,19,4,Other,9.9,2,4,5
cust_1383,Company_1383,enterprise,4999,2023-07-09,active,10,21,Healthcare,6.9,0,3,4
cust_1384,Company_1384,growth,799,2023-11-16,active,12,4,SaaS,7.6,9,8,1
cust_1385,Company_1385,starter,299,2023-10-03,active,5,1,SaaS,4.3,6,2,4
cust_1386,Company_1386,starter,299,2023-03-23,active,24,5,Healthcare,3.8,6,7,4
cust_1387,Company_1387,starter,299,2023-07-05,churned,21,3,Other,5.6,12,4,3
cust_1388,Company_1388,growth,799,2023-08-26,active,10,4,Ecommerce,9.3,5,7,2
cust_1389,Company_1389,starter,299,2023-06-21,active,15,1,Healthcare,6.0,13,7,3
cust_1390,Company_1390,starter,299,2023-01-15,active,20,5,Other,5.3,2,7,0
cust_1391,Company_1391,starter,299,2023-05-08,active,6,4,SaaS,9.5,0,7,4
cust_1392,Company_1392,growth,799,2023-04-09,active,6,2,Ecommerce,5.0,22,4,2
cust_1393,Company_1393,starter,299,2023-02-03,active,1,4,Healthcare,2.8,19,8,1
cust_1394,Company_1394,pro,1999,2023-08-25,active,17,5,Finance,8.8,29,3,1
cust_1395,Company_1395,growth,799,2023-02-05,active,1,4,Other,10.0,27,7,0
cust_1396,Company_1396,pro,1999,2023-05-14,active,23,5,Other,7.3,14,8,5
cust_1397,Company_1397,starter,299,2023-07-23,active,24,3,Healthcare,7.3,16,8,3
cust_1398,Company_1398,pro,1999,2023-02-23,active,5,5,SaaS,7.4,11,7,5
cust_1399,Company_1399,starter,299,2023-05-05,active,16,1,Finance,6.6,2,8,5
cust_1400,Company_1400,growth,799,2023-05-06,active,9,4,Finance,8.0,22,5,4
cust_1401,Company_1401,starter,299,2023-01-19,churned,5,3,SaaS,2.6,11,6,5
cust_1402,Company_1402,starter,299,2023-03-23,active,19,4,Healthcare,6.9,4,3,1
cust_1403,Company_1403,growth,799,2023-07-16,active,9,1,Ecommerce,6.0,4,1,2
cust_1404,Company_1404,starter,299,2023-09-18,active,24,5,Healthcare,5.0,28,3,2
cust_1405,Company_1405,growth,799,2023-10-28,active,17,3,Healthcare,8.7,15,3,4
cust_1406,Company_1406,growth,799,2023-09-05,churned,13,1,Finance,2.6,6,4,1
cust_1407,Company_1407,starter,299,2023-03-03,active,21,4,Healthcare,5.9,20,1,5
cust_1408,Company_1408,pro,1999,2023-09-26,active,8,3,SaaS,4.3,3,6,4
cust_1409,Company_1409,starter,299,2023-10-11,active,18,5,SaaS,9.7,1,8,4
cust_1410,Company_1410,growth,799,2023-05-06,active,9,2,Ecommerce,2.7,22,8,1
cust_1411,Company_1411,starter,299,2023-11-08,active,9,1,Ecommerce,7.5,29,2,1
cust_1412,Company_1412,growth,799,2023-02-01,active,7,5,Other,5.0,3,1,2
cust_1413,Company_1413,pro,1999,2023-02-07,active,7,4,SaaS,5.0,3,4,4
cust_1414,Company_1414,growth,799,2023-10-19,active,1,1,Healthcare,7.9,6,8,0
cust_1415,Company_1415,starter,299,2023-07-28,active,20,2,Finance,5.3,16,5,5
cust_1416,Company_1416,starter,299,2023-09-30,active,8,5,Other,3.4,14,2,1
cust_1417,Company_1417,growth,799,2023-06-13,active,17,2,Ecommerce,1.1,13,5,0
cust_1418,Company_1418,enterprise,4999,2023-08-15,active,11,35,Ecommerce,2.3,3,4,1
cust_1419,Company_1419,starter,299,2023-06-06,active,11,4,SaaS,7.0,29,4,4
cust_1420,Company_1420,growth,799,2023-06-15,active,6,4,Ecommerce,8.6,19,3,2
cust_1421,Company_1421,enterprise,4999,2023-08-31,active,21,27,Finance,2.7,8,8,2
cust_1422,Company_1422,starter,299,2023-06-06,active,11,3,Healthcare,3.4,18,7,3
cust_1423,Company_1423,starter,299,2023-07-26,active,2,3,Ecommerce,9.8,24,5,0
cust_1424,Company_1424,pro,1999,2023-04-14,active,7,3,Finance,8.4,0,6,3
cust_1425,Company_1425,pro,1999,2023-06-16,active,18,2,Ecommerce,6.4,14,5,0
cust_1426,Company_1426,starter,299,2023-03-24,active,11,5,Healthcare,9.5,30,1,5
cust_1427,Company_1427,starter,299,2023-12-28,active,16,5,Other,4.1,3,1,5
cust_1428,Company_1428,starter,299,2023-10-03,active,12,3,SaaS,5.0,28,2,2
cust_1429,Company_1429,enterprise,4999,2023-07-31,active,5,38,Finance,6.0,17,2,3
cust_1430,Company_1430,starter,299,2023-10-21,active,18,3,Other,5.5,9,1,1
cust_1431,Company_1431,pro,1999,2023-02-04,active,23,3,Finance,9.1,14,4,1
cust_1432,Company_1432,starter,299,2023-04-27,active,15,2,Finance,2.9,23,1,1
cust_1433,Company_1433,starter,299,2023-07-30,active,14,4,SaaS,8.4,1,6,0
cust_1434,Company_1434,growth,799,2023-01-17,active,17,3,Other,5.2,18,6,5
cust_1435,Company_1435,starter,299,2023-02-08,churned,19,5,SaaS,5.6,25,2,4
cust_1436,Company_1436,enterprise,4999,2023-11-09,active,21,49,SaaS,7.8,13,5,3
cust_1437,Company_1437,growth,799,2023-03-19,active,21,2,Other,3.7,16,7,0
cust_1438,Company_1438,growth,799,2023-05-31,active,1,4,SaaS,0.6,10,7,1
cust_1439,Company_1439,starter,299,2023-04-25,active,19,3,Other,4.8,21,4,4
cust_1440,Company_1440,enterprise,4999,2023-10-23,active,5,10,Ecommerce,3.4,3,1,4
cust_1441,Company_1441,growth,799,2023-01-21,active,5,1,Finance,8.8,29,4,5
cust_1442,Company_1442,starter,299,2023-06-05,active,6,3,Ecommerce,9.4,6,6,0
cust_1443,Company_1443,starter,299,2023-08-14,active,4,4,SaaS,4.7,23,4,3
cust_1444,Company_1444,starter,299,2023-08-13,active,13,4,Other,8.2,2,3,4
cust_1445,Company_1445,enterprise,4999,2023-09-22,active,4,14,SaaS,9.4,23,6,5
cust_1446,Company_1446,enterprise,4999,2023-08-01,active,7,6,Other,3.9,8,2,3
cust_1447,Company_1447,starter,299,2023-07-14,active,14,1,Finance,3.9,9,2,3
cust_1448,Company_1448,enterprise,4999,2023-11-30,active,10,45,SaaS,6.7,25,7,3
cust_1449,Company_1449,starter,299,2023-05-21,active,24,3,SaaS,1.8,7,3,4
cust_1450,Company_1450,starter,299,2023-09-23,churned,5,4,SaaS,1.1,25,4,5
cust_1451,Company_1451,growth,799,2023-07-10,active,20,2,Healthcare,2.1,29,3,5
cust_1452,Company_1452,pro,1999,2023-12-09,active,6,1,Ecommerce,0.8,6,5,3
cust_1453,Company_1453,growth,799,2023-05-16,active,20,1,Finance,0.8,15,1,5
cust_1454,Company_1454,pro,1999,2023-07-28,active,2,5,Other,2.1,3,1,2
cust_1455,Company_1455,pro,1999,2023-02-17,active,14,1,Healthcare,4.9,13,8,1
cust_1456,Company_1456,pro,1999,2023-11-23,active,1,4,Finance,1.7,21,6,4
cust_1457,Company_1457,growth,799,2023-02-19,active,16,5,Ecommerce,1.7,16,3,1
cust_1458,Company_1458,starter,299,2023-02-12,churned,24,4,Finance,8.9,3,4,1
cust_1459,Company_1459,starter,299,2023-12-04,active,10,4,Other,5.4,18,5,1
cust_1460,Company_1460,starter,299,2023-07-11,churned,22,1,Healthcare,6.5,25,4,1
cust_1461,Company_1461,starter,299,2023-11-21,active,2,2,Ecommerce,4.3,0,8,3
cust_1462,Company_1462,pro,1999,2023-04-07,active,21,5,Healthcare,4.8,6,8,4
cust_1463,Company_1463,starter,299,2023-08-14,active,4,5,Finance,3.7,28,3,2
cust_1464,Company_1464,starter,299,2023-09-07,active,18,1,Finance,7.8,8,2,2
cust_1465,Company_1465,growth,799,2023-01-14,active,18,2,Healthcare,8.4,3,5,1
cust_1466,Company_1466,pro,1999,2023-06-07,active,15,1,Other,2.2,26,4,1
cust_1467,Company_1467,pro,1999,2023-04-24,active,1,3,Other,6.2,4,1,4
cust_1468,Company_1468,starter,299,2023-04-28,active,23,5,Ecommerce,4.1,3,3,5
cust_1469,Company_1469,growth,799,2023-11-13,active,8,2,Other,9.5,19,7,1
cust_1470,Company_1470,starter,299,2023-07-25,active,10,5,Healthcare,9.0,14,6,1
cust_1471,Company_1471,pro,1999,2023-06-03,active,1,5,Finance,2.5,23,2,0
cust_1472,Company_1472,pro,1999,2023-03-13,active,5,2,Ecommerce,4.2,5,7,3
cust_1473,Company_1473,growth,799,2023-05-08,churned,12,3,Ecommerce,9.0,3,3,1
cust_1474,Company_1474,growth,799,2023-12-11,active,9,1,SaaS,5.4,16,2,5
cust_1475,Company_1475,growth,799,2023-04-29,active,22,1,Other,7.6,14,3,0
cust_1476,Company_1476,pro,1999,2023-06-24,active,9,1,Healthcare,8.5,8,2,5
cust_1477,Company_1477,growth,799,2023-10-27,active,6,4,Finance,2.6,3,2,5
cust_1478,Company_1478,growth,799,2023-11-03,active,12,4,Healthcare,4.5,20,2,2
cust_1479,Company_1479,pro,1999,2023-05-22,active,9,3,Healthcare,6.8,8,6,0
cust_1480,Company_1480,starter,299,2024-01-01,active,16,4,Ecommerce,6.1,21,5,0
cust_1481,Company_1481,enterprise,4999,2023-12-29,active,16,37,Healthcare,6.3,27,7,0
cust_1482,Company_1482,growth,799,2023-10-30,active,21,5,SaaS,1.6,24,4,2
cust_1483,Company_1483,growth,799,2023-12-30,active,20,4,SaaS,3.8,25,8,3
cust_1484,Company_1484,growth,799,2023-09-25,active,2,4,SaaS,2.6,5,1,5
cust_1485,Company_1485,enterprise,4999,2023-02-20,active,10,2,Healthcare,8.6,8,6,5
cust_1486,Company_1486,starter,299,2023-05-08,active,9,1,Finance,4.9,20,5,1
cust_1487,Company_1487,starter,299,2023-10-08,active,21,4,Finance,7.9,5,8,0
cust_1488,Company_1488,starter,299,2023-11-12,active,18,2,Finance,8.4,3,2,5
cust_1489,Company_1489,growth,799,2023-11-15,active,16,4,Ecommerce,3.0,22,8,2
cust_1490,Company_1490,starter,299,2023-08-13,active,12,2,Finance,0.7,6,5,4
cust_1491,Company_1491,pro,1999,2023-10-14,active,10,5,Ecommerce,4.3,22,2,1
cust_1492,Company_1492,starter,299,2023-12-31,active,20,4,Finance,1.9,10,6,3
cust_1493,Company_1493,starter,299,2023-07-17,active,4,3,Other,5.9,2,6,1
cust_1494,Company_1494,growth,799,2023-01-21,active,8,3,SaaS,5.2,26,4,1
cust_1495,Company_1495,pro,1999,2023-08-14,active,21,2,SaaS,3.3,30,1,4
cust_1496,Company_1496,growth,799,2023-08-13,active,14,5,Ecommerce,4.4,27,7,5
cust_1497,Company_1497,growth,799,2023-07-18,active,24,3,Finance,4.6,11,4,2
cust_1498,Company_1498,growth,799,2023-02-09,active,23,2,Other,6.0,3,8,4
cust_1499,Company_1499,starter,299,2023-11-06,active,8,5,Ecommerce,4.9,18,1,3
cust_1500,Company_1500,growth,799,2023-09-12,active,19,2,SaaS,5.8,17,1,2
cust_1501,Company_1501,growth,799,2023-12-28,churned,5,3,SaaS,9.6,8,5,5
cust_1502,Company_1502,starter,299,2023-11-03,active,16,2,Healthcare,2.5,14,5,4
cust_1503,Company_1503,growth,799,2023-06-05,active,11,5,Healthcare,1.9,17,6,0
cust_1504,Company_1504,enterprise,4999,2023-01-28,active,23,38,SaaS,7.9,2,2,4
cust_1505,Company_1505,growth,799,2023-03-24,active,24,5,Ecommerce,8.4,0,8,5
cust_1506,Company_1506,starter,299,2023-02-15,active,4,5,Healthcare,8.1,12,8,1
cust_1507,Company_1507,pro,1999,2023-04-04,active,4,2,Healthcare,8.9,15,2,1
cust_1508,Company_1508,starter,299,2023-04-13,active,8,1,Finance,4.8,3,5,0
cust_1509,Company_1509,pro,1999,2023-02-01,active,18,3,SaaS,2.1,30,1,0
cust_1510,Company_1510,starter,299,2023-06-06,active,1,5,Other,4.1,2,3,1
cust_1511,Company_1511,growth,799,2023-09-13,active,6,3,SaaS,8.8,29,3,4
cust_1512,Company_1512,starter,299,2023-04-01,active,15,2,Other,1.9,26,8,0
cust_1513,Company_1513,growth,799,2023-10-03,active,4,3,Finance,1.5,21,3,4
cust_1514,Company_1514,growth,799,2023-02-21,active,16,2,Other,9.2,30,8,5
cust_1515,Company_1515,growth,799,2023-07-19,active,15,5,SaaS,3.7,11,3,1
cust_1516,Company_1516,enterprise,4999,2023-09-09,active,7,3,Finance,1.1,29,8,5
cust_1517,Company_1517,pro,1999,2023-10-30,active,4,1,Finance,9.2,18,7,4
cust_1518,Company_1518,growth,799,2023-05-25,active,11,2,Finance,9.5,13,7,3
cust_1519,Company_1519,starter,299,2023-09-09,active,1,3,Other,5.1,12,5,3
cust_1520,Company_1520,enterprise,4999,2023-05-28,active,22,34,SaaS,2.3,2,5,4
cust_1521,Company_1521,pro,1999,2023-10-20,active,18,3,SaaS,5.6,1,5,3
cust_1522,Company_1522,starter,299,2023-10-03,active,2,4,Other,5.5,5,6,5
cust_1523,Company_1523,growth,799,2023-04-20,active,4,2,Ecommerce,7.3,2,4,3
cust_1524,Company_1524,starter,299,2023-11-24,churned,20,4,Ecommerce,9.1,3,5,0
cust_1525,Company_1525,enterprise,4999,2023-12-04,active,11,25,Ecommerce,4.0,26,7,0
cust_1526,Company_1526,starter,299,2023-11-03,active,8,3,Healthcare,7.0,22,5,1
cust_1527,Company_1527,enterprise,4999,2023-12-01,active,24,27,SaaS,4.5,13,7,2
cust_1528,Company_1528,pro,1999,2023-04-08,active,16,1,Healthcare,0.9,24,8,1
cust_1529,Company_1529,growth,799,2023-04-25,active,3,1,Ecommerce,9.1,15,2,1
cust_1530,Company_1530,growth,799,2023-03-27,active,24,4,Finance,5.6,9,5,0
cust_1531,Company_1531,pro,1999,2023-07-22,active,7,5,Healthcare,2.4,16,1,3
cust_1532,Company_1532,growth,799,2023-02-27,churned,8,4,Ecommerce,1.3,22,2,1
cust_1533,Company_1533,growth,799,2023-07-09,active,15,4,Other,7.8,21,4,1
cust_1534,Company_1534,pro,1999,2023-01-23,churned,19,2,Finance,8.7,8,3,2
cust_1535,Company_1535,growth,799,2023-11-26,active,2,2,Finance,5.3,7,3,5
cust_1536,Company_1536,starter,299,2023-12-03,active,24,4,SaaS,8.5,19,5,4
cust_1537,Company_1537,starter,299,2023-10-08,churned,11,1,Healthcare,5.4,0,3,5
cust_1538,Company_1538,enterprise,4999,2023-07-09,active,2,7,Ecommerce,0.6,0,1,3
cust_1539,Company_1539,pro,1999,2023-03-03,active,8,1,Other,5.7,0,8,4
cust_1540,Company_1540,growth,799,2023-05-25,active,22,4,Ecommerce,7.0,19,5,2
cust_1541,Company_1541,enterprise,4999,2023-11-22,active,15,10,Healthcare,5.6,11,4,1
cust_1542,Company_1542,starter,299,2023-03-31,active,13,2,Finance,7.5,13,5,1
cust_1543,Company_1543,starter,299,2023-07-30,active,23,2,Healthcare,1.7,20,6,1
cust_1544,Company_1544,enterprise,4999,2023-08-04,active,14,29,Healthcare,9.5,14,6,2
cust_1545,Company_1545,starter,299,2023-07-24,active,5,2,Ecommerce,2.6,6,4,5
cust_1546,Company_1546,growth,799,2023-11-13,active,12,5,Healthcare,4.1,9,4,3
cust_1547,Company_1547,starter,299,2023-02-25,active,18,3,Other,4.4,6,4,2
cust_1548,Company_1548,growth,799,2023-03-22,active,22,5,Healthcare,2.2,14,1,5
cust_1549,Company_1549,starter,299,2023-10-18,active,22,5,Ecommerce,6.6,18,4,1
cust_1550,Company_1550,growth,799,2023-08-28,active,8,2,Healthcare,3.5,29,1,5
cust_1551,Company_1551,starter,299,2023-02-03,churned,3,1,Finance,8.6,10,6,1
cust_1552,Company_1552,pro,1999,2023-04-20,active,10,3,Other,9.1,18,8,3
cust_1553,Company_1553,starter,299,2023-03-31,active,10,5,Ecommerce,9.1,4,3,3
cust_1554,Company_1554,starter,299,2023-11-13,active,14,5,Healthcare,7.1,8,4,0
cust_1555,Company_1555,growth,799,2023-03-17,active,15,1,Ecommerce,8.9,15,7,3
cust_1556,Company_1556,starter,299,2023-01-11,active,19,3,Healthcare,6.1,5,8,0
cust_1557,Company_1557,enterprise,4999,2023-12-10,active,19,22,SaaS,8.9,2,3,1
cust_1558,Company_1558,growth,799,2023-12-13,active,13,1,Ecommerce,9.6,10,5,5
cust_1559,Company_1559,pro,1999,2023-02-12,active,12,4,SaaS,6.4,18,7,1
cust_1560,Company_1560,starter,299,2023-05-10,active,7,5,SaaS,5.2,28,3,0
cust_1561,Company_1561,growth,799,2023-12-25,active,10,4,Finance,0.9,23,8,5
cust_1562,Company_1562,starter,299,2023-10-10,churned,2,5,SaaS,7.5,0,5,3
cust_1563,Company_1563,starter,299,2023-08-29,active,13,3,Healthcare,3.7,25,7,3
cust_1564,Company_1564,pro,1999,2023-03-09,active,12,5,Ecommerce,5.1,8,2,3
cust_1565,Company_1565,enterprise,4999,2023-02-13,active,22,33,SaaS,0.7,4,2,1
cust_1566,Company_1566,starter,299,2023-07-11,active,3,2,SaaS,8.7,0,1,5
cust_1567,Company_1567,pro,1999,2023-11-13,active,3,4,Finance,8.0,3,2,0
cust_1568,Company_1568,pro,1999,2023-04-13,active,24,2,SaaS,7.3,2,1,3
cust_1569,Company_1569,pro,1999,2023-04-30,churned,7,1,Healthcare,3.5,16,4,3
cust_1570,Company_1570,pro,1999,2023-12-29,active,16,2,Healthcare,3.2,21,1,3
cust_1571,Company_1571,starter,299,2023-01-04,active,3,2,Finance,1.9,17,4,5
cust_1572,Company_1572,starter,299,2023-02-08,active,7,3,Ecommerce,2.0,20,5,4
cust_1573,Company_1573,growth,799,2023-11-24,active,10,3,Finance,7.5,16,1,5
cust_1574,Company_1574,pro,1999,2023-12-16,active,9,2,SaaS,1.1,15,6,5
cust_1575,Company_1575,starter,299,2023-08-09,active,3,4,SaaS,9.8,21,2,2
cust_1576,Company_1576,growth,799,2023-07-05,active,23,1,Other,3.0,26,6,3
cust_1577,Company_1577,starter,299,2023-09-03,active,12,4,Finance,5.7,23,4,1
cust_1578,Company_1578,growth,799,2023-01-22,active,23,4,Healthcare,3.6,25,7,3
cust_1579,Company_1579,pro,1999,2023-08-26,active,15,4,Healthcare,9.5,27,3,2
cust_1580,Company_1580,starter,299,2023-11-20,active,5,1,Healthcare,8.0,21,3,1
cust_1581,Company_1581,growth,799,2023-04-05,active,7,4,Healthcare,1.9,10,4,0
cust_1582,Company_1582,growth,799,2023-03-23,active,10,5,Finance,2.7,15,8,3
cust_1583,Company_1583,growth,799,2023-03-23,active,16,1,Finance,9.6,2,6,5
cust_1584,Company_1584,growth,799,2023-05-29,active,5,4,Ecommerce,4.5,0,5,5
cust_1585,Company_1585,starter,299,2023-11-19,active,10,4,Other,1.7,4,5,2
cust_1586,Company_1586,pro,1999,2023-12-19,active,5,4,SaaS,0.7,11,7,1
cust_1587,Company_1587,starter,299,2023-06-17,active,23,3,Healthcare,8.0,17,6,4
cust_1588,Company_1588,pro,1999,2023-12-24,active,7,3,Other,9.7,7,4,1
cust_1589,Company_1589,growth,799,2023-08-29,active,1,1,Healthcare,7.6,19,6,0
cust_1590,Company_1590,growth,799,2023-08-25,active,20,3,SaaS,4.8,24,4,2
cust_1591,Company_1591,pro,1999,2023-07-06,active,2,2,SaaS,3.6,26,8,4
cust_1592,Company_1592,starter,299,2023-05-20,active,11,3,Other,8.9,6,4,4
cust_1593,Company_1593,growth,799,2023-06-01,churned,24,2,Other,8.1,9,4,3
cust_1594,Company_1594,growth,799,2023-01-06,active,10,2,Finance,0.7,20,7,0
cust_1595,Company_1595,starter,299,2023-03-17,active,15,5,Ecommerce,6.1,24,6,0
cust_1596,Company_1596,enterprise,4999,2023-08-22,active,9,39,Healthcare,3.2,18,3,2
cust_1597,Company_1597,enterprise,4999,2023-03-05,active,2,36,Healthcare,4.0,10,7,4
cust_1598,Company_1598,starter,299,2023-08-11,active,21,2,Finance,6.3,24,1,5
cust_1599,Company_1599,starter,299,2023-10-17,churned,19,5,SaaS,7.4,22,3,3
cust_1600,Company_1600,starter,299,2023-02-04,active,5,5,Ecommerce,9.4,7,2,2
cust_1601,Company_1601,enterprise,4999,2023-06-23,active,3,49,SaaS,5.2,17,1,4
cust_1602,Company_1602,growth,799,2023-07-22,active,23,1,Ecommerce,4.8,3,5,1
cust_1603,Company_1603,starter,299,2023-11-27,active,22,1,Ecommerce,5.0,1,4,1
cust_1604,Company_1604,enterprise,4999,2023-03-12,active,17,25,Healthcare,0.7,24,5,3
cust_1605,Company_1605,starter,299,2024-01-01,active,23,1,SaaS,2.4,1,4,1
cust_1606,Company_1606,growth,799,2023-01-04,active,12,5,Finance,5.3,26,3,3
cust_1607,Company_1607,starter,299,2023-10-02,active,1,5,Finance,3.0,11,7,1
cust_1608,Company_1608,pro,1999,2023-11-08,active,9,3,Finance,4.2,20,5,3
cust_1609,Company_1609,starter,299,2023-11-05,active,21,4,Ecommerce,2.3,1,7,0
cust_1610,Company_1610,pro,1999,2023-04-16,active,7,3,Ecommerce,8.9,26,5,2
cust_1611,Company_1611,growth,799,2023-11-28,active,21,3,Ecommerce,5.4,9,1,1
cust_1612,Company_1612,pro,1999,2023-06-20,active,7,4,Finance,4.8,12,3,3
cust_1613,Company_1613,growth,799,2023-11-02,active,10,2,SaaS,6.4,28,1,0
cust_1614,Company_1614,growth,799,2023-01-06,active,9,3,Healthcare,4.1,18,3,0
cust_1615,Company_1615,starter,299,2023-04-21,active,21,4,Finance,1.2,13,1,2
cust_1616,Company_1616,pro,1999,2023-03-03,active,10,4,Ecommerce,1.6,20,1,3
cust_1617,Company_1617,starter,299,2023-02-27,active,3,4,Other,7.1,8,5,0
cust_1618,Company_1618,pro,1999,2023-09-03,active,3,2,Ecommerce,1.1,21,7,0
cust_1619,Company_1619,starter,299,2023-08-10,active,15,1,Other,9.0,21,2,2
cust_1620,Company_1620,pro,1999,2023-09-03,active,7,1,Finance,9.7,6,4,5
cust_1621,Company_1621,growth,799,2023-01-01,churned,21,5,Healthcare,5.8,22,8,1
cust_1622,Company_1622,pro,1999,2023-01-25,active,10,5,Finance,4.8,15,3,2
cust_1623,Company_1623,growth,799,2023-07-10,active,24,2,Finance,7.5,11,7,1
cust_1624,Company_1624,growth,799,2023-07-10,active,15,3,Ecommerce,8.2,24,8,5
cust_1625,Company_1625,growth,799,2023-07-04,active,14,3,Ecommerce,3.7,11,8,3
cust_1626,Company_1626,pro,1999,2023-12-15,active,6,3,Other,9.2,20,3,4
cust_1627,Company_1627,starter,299,2023-11-20,active,24,5,Ecommerce,9.8,25,4,5
cust_1628,Company_1628,starter,299,2023-08-03,active,4,5,SaaS,5.4,18,1,2
cust_1629,Company_1629,enterprise,4999,2023-12-07,active,6,44,Finance,5.1,10,6,4
cust_1630,Company_1630,enterprise,4999,2023-09-25,active,22,15,Other,3.8,13,2,1
cust_1631,Company_1631,growth,799,2023-08-21,active,5,2,SaaS,9.0,16,2,3
cust_1632,Company_1632,starter,299,2023-02-06,active,23,2,Healthcare,3.4,6,2,1
cust_1633,Company_1633,starter,299,2023-01-16,churned,10,2,SaaS,1.1,14,2,3
cust_1634,Company_1634,enterprise,4999,2023-12-05,churned,13,39,Finance,3.8,11,4,2
cust_1635,Company_1635,growth,799,2023-10-29,active,16,5,SaaS,7.0,1,8,2
cust_1636,Company_1636,starter,299,2023-05-11,active,23,4,Other,7.8,13,6,5
cust_1637,Company_1637,growth,799,2023-01-14,churned,13,4,SaaS,5.0,17,2,0
cust_1638,Company_1638,starter,299,2023-11-20,active,4,3,Ecommerce,6.2,15,1,2
cust_1639,Company_1639,starter,299,2023-12-27,active,15,4,SaaS,0.6,4,1,4
cust_1640,Company_1640,growth,799,2023-09-15,active,6,5,Healthcare,8.1,17,1,2
cust_1641,Company_1641,growth,799,2023-12-24,active,17,4,Finance,8.6,1,5,4
cust_1642,Company_1642,starter,299,2023-02-26,active,22,1,Ecommerce,5.1,7,1,3
cust_1643,Company_1643,pro,1999,2023-12-01,active,6,1,Finance,2.2,10,8,1
cust_1644,Company_1644,pro,1999,2023-12-25,active,4,2,Ecommerce,7.5,30,1,3
cust_1645,Company_1645,growth,799,2023-12-24,churned,14,5,Finance,6.5,3,7,3
cust_1646,Company_1646,starter,299,2023-08-12,active,18,1,SaaS,1.3,28,6,3
cust_1647,Company_1647,growth,799,2023-05-05,active,5,2,SaaS,5.9,21,4,3
cust_1648,Company_1648,growth,799,2023-10-07,active,12,4,SaaS,9.7,21,3,4
cust_1649,Company_1649,growth,799,2023-10-14,active,2,2,Finance,1.8,22,7,0
cust_1650,Company_1650,starter,299,2023-09-19,churned,1,3,Other,5.5,9,3,2
cust_1651,Company_1651,enterprise,4999,2023-09-03,active,7,31,Healthcare,5.0,3,3,3
cust_1652,Company_1652,growth,799,2023-11-18,active,18,1,Ecommerce,6.8,27,3,0
cust_1653,Company_1653,growth,799,2023-02-07,active,19,4,Finance,9.4,26,5,3
cust_1654,Company_1654,starter,299,2023-08-10,active,2,4,SaaS,2.3,23,6,3
cust_1655,Company_1655,growth,799,2023-04-26,active,24,4,Other,9.5,16,7,5
cust_1656,Company_1656,pro,1999,2023-11-22,active,6,5,Finance,5.2,2,7,4
cust_1657,Company_1657,starter,299,2023-02-03,churned,18,2,SaaS,4.0,12,5,3
cust_1658,Company_1658,growth,799,2023-06-24,active,10,5,Finance,9.2,27,8,4
cust_1659,Company_1659,growth,799,2023-12-19,active,19,5,Other,6.8,18,3,3
cust_1660,Company_1660,starter,299,2023-12-21,active,16,5,Other,6.4,2,5,5
cust_1661,Company_1661,starter,299,2023-05-19,active,10,2,Finance,9.3,10,4,4
cust_1662,Company_1662,starter,299,2023-06-06,active,7,5,Healthcare,3.1,19,7,5
cust_1663,Company_1663,growth,799,2023-11-10,active,5,3,Ecommerce,7.0,11,6,1
cust_1664,Company_1664,pro,1999,2023-10-25,active,17,3,Ecommerce,2.5,25,6,1
cust_1665,Company_1665,pro,1999,2023-09-12,active,12,4,Finance,9.4,14,6,1
cust_1666,Company_1666,starter,299,2023-02-06,churned,9,4,Other,9.8,0,2,1
cust_1667,Company_1667,pro,1999,2023-05-11,active,16,5,Other,8.3,16,7,1
cust_1668,Company_1668,starter,299,2023-08-07,active,21,5,SaaS,5.0,12,6,0
cust_1669,Company_1669,starter,299,2023-03-04,active,12,1,SaaS,8.5,8,2,4
cust_1670,Company_1670,growth,799,2023-03-07,active,4,4,Ecommerce,0.9,21,1,0
cust_1671,Company_1671,starter,299,2023-11-16,active,24,4,Ecommerce,2.7,19,5,4
cust_1672,Company_1672,starter,299,2023-05-02,churned,5,5,Finance,7.7,5,7,1
cust_1673,Company_1673,growth,799,2023-01-09,active,6,5,Finance,8.2,3,2,1
cust_1674,Company_1674,pro,1999,2023-04-24,active,8,2,Ecommerce,9.2,8,2,0
cust_1675,Company_1675,starter,299,2023-06-07,active,14,5,Healthcare,4.7,7,2,0
cust_1676,Company_1676,growth,799,2023-08-16,active,15,4,Other,7.6,0,5,1
cust_1677,Company_1677,pro,1999,2023-09-09,active,14,5,Finance,3.6,15,7,3
cust_1678,Company_1678,growth,799,2023-07-10,active,5,5,Healthcare,2.1,12,4,1
cust_1679,Company_1679,starter,299,2023-07-27,active,9,3,Ecommerce,4.1,28,8,0
cust_1680,Company_1680,growth,799,2023-10-16,active,8,1,Healthcare,7.3,0,7,4
cust_1681,Company_1681,starter,299,2023-07-15,active,1,4,Healthcare,1.3,8,6,1
cust_1682,Company_1682,starter,299,2023-05-14,active,16,2,Other,6.6,19,4,0
cust_1683,Company_1683,enterprise,4999,2023-07-06,active,2,6,Ecommerce,1.4,22,1,2
cust_1684,Company_1684,starter,299,2023-05-11,churned,15,2,Healthcare,3.1,29,3,1
cust_1685,Company_1685,growth,799,2023-03-27,churned,17,1,Other,1.0,20,3,2
cust_1686,Company_1686,growth,799,2023-08-05,active,6,2,Other,7.3,2,2,2
cust_1687,Company_1687,pro,1999,2023-04-02,active,18,4,Other,7.7,23,3,1
cust_1688,Company_1688,growth,799,2023-04-06,active,8,3,Ecommerce,7.8,16,1,4
cust_1689,Company_1689,growth,799,2023-01-30,active,13,1,Healthcare,2.0,4,4,4
cust_1690,Company_1690,pro,1999,2023-10-21,active,9,4,Ecommerce,7.2,22,4,1
cust_1691,Company_1691,growth,799,2023-01-22,active,3,2,SaaS,3.2,16,8,5
cust_1692,Company_1692,pro,1999,2023-10-09,active,18,5,Healthcare,9.6,30,6,4
cust_1693,Company_1693,growth,799,2023-07-27,active,9,4,Ecommerce,5.3,15,3,0
cust_1694,Company_1694,starter,299,2023-11-04,active,12,1,Other,9.1,12,7,2
cust_1695,Company_1695,starter,299,2023-06-11,active,16,1,Ecommerce,4.6,20,3,3
cust_1696,Company_1696,pro,1999,2023-03-13,active,21,4,Ecommerce,1.9,28,4,3
cust_1697,Company_1697,starter,299,2023-07-24,active,15,3,Ecommerce,4.9,13,1,1
cust_1698,Company_1698,enterprise,4999,2023-11-24,active,4,4,Finance,4.9,12,7,0
cust_1699,Company_1699,growth,799,2023-07-01,active,17,1,Healthcare,1.1,10,4,2
cust_1700,Company_1700,enterprise,4999,2023-03-26,active,1,10,Other,3.1,0,4,5
cust_1701,Company_1701,growth,799,2023-01-13,active,15,5,Healthcare,3.8,10,5,2
cust_1702,Company_1702,starter,299,2023-09-22,churned,19,4,Healthcare,4.6,16,1,5
cust_1703,Company_1703,pro,1999,2023-10-17,active,17,2,Healthcare,3.6,22,8,5
cust_1704,Company_1704,pro,1999,2023-05-17,active,5,2,SaaS,6.4,8,7,1
cust_1705,Company_1705,starter,299,2023-06-05,active,1,2,Healthcare,5.9,13,3,3
cust_1706,Company_1706,growth,799,2023-05-11,churned,7,1,Ecommerce,8.7,8,8,0
cust_1707,Company_1707,starter,299,2023-03-26,active,22,1,Healthcare,8.2,10,6,3
cust_1708,Company_1708,enterprise,4999,2023-05-13,active,19,48,Finance,6.5,10,3,5
cust_1709,Company_1709,growth,799,2023-10-29,active,17,5,Ecommerce,2.6,0,7,3
cust_1710,Company_1710,starter,299,2023-09-18,active,10,4,SaaS,9.5,9,5,0
cust_1711,Company_1711,pro,1999,2023-10-12,active,8,2,Ecommerce,4.9,4,2,5
cust_1712,Company_1712,growth,799,2023-07-05,active,14,4,Other,3.6,2,4,1
cust_1713,Company_1713,growth,799,2023-12-06,active,3,1,Healthcare,4.4,13,3,3
cust_1714,Company_1714,growth,799,2023-01-16,active,11,1,Finance,2.7,28,8,3
cust_1715,Company_1715,growth,799,2023-07-27,active,14,3,Ecommerce,6.3,5,6,1
cust_1716,Company_1716,growth,799,2023-10-31,active,13,1,SaaS,1.3,23,1,1
cust_1717,Company_1717,growth,799,2023-09-10,active,3,2,SaaS,0.5,5,1,1
cust_1718,Company_1718,starter,299,2023-07-07,active,22,3,Other,1.3,5,5,2
cust_1719,Company_1719,starter,299,2023-10-26,active,3,5,SaaS,8.3,6,3,3
cust_1720,Company_1720,pro,1999,2023-09-09,active,4,3,Other,8.5,2,5,1
cust_1721,Company_1721,starter,299,2023-11-07,active,9,5,SaaS,5.2,7,5,0
cust_1722,Company_1722,starter,299,2023-06-23,active,22,4,Healthcare,3.9,16,5,2
cust_1723,Company_1723,growth,799,2023-07-25,active,14,2,Finance,6.8,6,4,3
cust_1724,Company_1724,starter,299,2023-03-21,churned,2,5,SaaS,1.9,14,3,1
cust_1725,Company_1725,pro,1999,2023-05-25,active,11,5,Ecommerce,7.3,13,7,0
cust_1726,Company_1726,enterprise,4999,2023-12-09,active,22,38,Finance,9.4,6,8,5
cust_1727,Company_1727,starter,299,2023-03-22,active,13,1,SaaS,0.8,27,5,3
cust_1728,Company_1728,starter,299,2023-09-12,active,15,4,Finance,4.8,26,6,5
cust_1729,Company_1729,enterprise,4999,2023-08-05,active,22,49,Other,8.7,5,1,1
cust_1730,Company_1730,enterprise,4999,2023-08-01,active,3,22,Ecommerce,0.9,4,4,4
cust_1731,Company_1731,growth,799,2023-05-23,active,7,4,SaaS,7.8,20,6,5
cust_1732,Company_1732,starter,299,2023-11-11,active,12,1,Healthcare,7.8,16,4,1
cust_1733,Company_1733,starter,299,2023-12-15,active,22,5,Finance,5.5,28,4,3
cust_1734,Company_1734,pro,1999,2023-01-21,active,15,5,Other,3.3,24,8,0
cust_1735,Company_1735,starter,299,2023-01-10,active,14,1,Healthcare,8.4,13,8,4
cust_1736,Company_1736,growth,799,2023-06-11,active,19,3,Finance,9.0,27,1,1
cust_1737,Company_1737,growth,799,2023-10-24,active,9,1,Other,2.7,7,8,1
cust_1738,Company_1738,starter,299,2023-08-09,active,2,3,Other,8.2,17,7,0
cust_1739,Company_1739,growth,799,2023-11-24,active,10,1,Healthcare,9.9,6,5,0
cust_1740,Company_1740,pro,1999,2023-07-19,active,18,2,Other,6.7,0,7,0
cust_1741,Company_1741,starter,299,2023-05-06,churned,16,2,Finance,2.1,9,5,3
cust_1742,Company_1742,starter,299,2023-08-07,active,7,3,SaaS,7.8,9,5,4
cust_1743,Company_1743,growth,799,2023-11-24,churned,3,2,SaaS,8.6,0,4,0
cust_1744,Company_1744,pro,1999,2023-05-19,active,6,4,Finance,1.7,24,8,4
cust_1745,Company_1745,starter,299,2023-12-09,active,20,1,Finance,8.0,11,3,3
cust_1746,Company_1746,pro,1999,2023-10-07,active,9,5,SaaS,9.9,5,3,2
cust_1747,Company_1747,starter,299,2023-12-20,active,18,3,SaaS,3.7,12,7,0
cust_1748,Company_1748,pro,1999,2023-07-26,active,7,5,Healthcare,7.8,23,2,5
cust_1749,Company_1749,starter,299,2023-12-03,active,16,4,Healthcare,3.6,11,4,0
cust_1750,Company_1750,starter,299,2023-04-07,active,1,1,Finance,6.7,13,1,2
cust_1751,Company_1751,pro,1999,2023-02-13,active,5,5,Other,5.8,3,3,3
cust_1752,Company_1752,growth,799,2023-10-10,active,24,1,Other,8.2,25,6,1
cust_1753,Company_1753,starter,299,2023-08-06,churned,10,1,SaaS,9.4,21,3,5
cust_1754,Company_1754,starter,299,2023-07-14,active,5,4,SaaS,9.8,11,2,3
cust_1755,Company_1755,starter,299,2023-06-03,churned,14,3,Finance,2.3,2,3,4
cust_1756,Company_1756,growth,799,2023-02-21,active,12,3,Finance,3.5,3,3,4
cust_1757,Company_1757,starter,299,2023-02-10,churned,8,3,Other,7.7,29,2,5
cust_1758,Company_1758,growth,799,2023-10-23,active,23,5,Finance,1.5,12,1,2
cust_1759,Company_1759,enterprise,4999,2023-08-04,active,3,18,SaaS,1.8,3,1,0
cust_1760,Company_1760,pro,1999,2023-01-22,active,16,4,Other,1.5,5,4,0
cust_1761,Company_1761,starter,299,2023-04-05,active,21,1,SaaS,5.0,23,3,1
cust_1762,Company_1762,pro,1999,2023-12-16,active,17,4,SaaS,7.0,28,5,4
cust_1763,Company_1763,pro,1999,2023-04-07,active,16,1,Healthcare,2.5,21,7,1
cust_1764,Company_1764,pro,1999,2023-05-30,active,12,5,Healthcare,9.2,9,5,1
cust_1765,Company_1765,growth,799,2023-03-05,active,23,5,Healthcare,0.5,3,7,4
cust_1766,Company_1766,starter,299,2023-05-10,churned,23,2,Other,1.6,21,4,1
cust_1767,Company_1767,pro,1999,2023-04-29,active,8,1,Healthcare,1.8,6,5,0
cust_1768,Company_1768,growth,799,2023-11-30,active,7,1,Healthcare,1.5,6,8,1
cust_1769,Company_1769,starter,299,2023-11-28,active,4,3,Healthcare,4.1,16,5,3
cust_1770,Company_1770,growth,799,2023-11-22,active,5,3,Ecommerce,8.8,27,4,3
cust_1771,Company_1771,growth,799,2023-05-21,churned,14,1,Healthcare,4.9,1,1,5
cust_1772,Company_1772,growth,799,2023-05-29,active,7,3,Ecommerce,3.2,5,7,0
cust_1773,Company_1773,growth,799,2023-09-29,active,3,3,Finance,6.6,14,4,5
cust_1774,Company_1774,pro,1999,2023-09-02,active,13,4,Ecommerce,4.7,4,1,1
cust_1775,Company_1775,growth,799,2023-07-16,active,8,5,Other,6.6,4,2,2
cust_1776,Company_1776,pro,1999,2023-09-25,active,9,3,Other,8.1,23,7,0
cust_1777,Company_1777,starter,299,2023-02-24,active,8,3,Ecommerce,7.7,21,3,5
cust_1778,Company_1778,growth,799,2023-09-28,active,1,1,Finance,7.8,24,7,4
cust_1779,Company_1779,starter,299,2023-09-04,active,7,3,Healthcare,2.9,25,5,4
cust_1780,Company_1780,starter,299,2023-07-25,active,22,5,Other,5.9,3,7,3
cust_1781,Company_1781,growth,799,2023-05-06,churned,11,3,Finance,5.0,7,6,3
cust_1782,Company_1782,starter,299,2023-10-15,active,1,1,Other,9.0,7,7,0
cust_1783,Company_1783,starter,299,2023-07-31,active,18,1,SaaS,7.0,17,8,5
cust_1784,Company_1784,starter,299,2023-04-20,active,7,1,Finance,0.6,18,7,0
cust_1785,Company_1785,enterprise,4999,2023-11-26,active,19,14,SaaS,3.7,7,2,0
cust_1786,Company_1786,pro,1999,2023-11-03,active,18,2,SaaS,5.0,8,3,5
cust_1787,Company_1787,pro,1999,2023-01-04,active,16,2,Healthcare,8.9,3,2,4
cust_1788,Company_1788,growth,799,2023-10-22,churned,9,3,Finance,7.7,17,3,0
cust_1789,Company_1789,pro,1999,2023-11-18,churned,19,3,Ecommerce,2.1,5,4,5
cust_1790,Company_1790,starter,299,2023-04-02,active,7,2,Ecommerce,3.3,1,8,1
cust_1791,Company_1791,growth,799,2023-01-17,active,4,2,Finance,6.5,28,5,5
cust_1792,Company_1792,growth,799,2023-12-19,active,3,2,Healthcare,4.1,5,6,0
cust_1793,Company_1793,growth,799,2023-12-17,active,14,2,Ecommerce,1.2,13,2,3
cust_1794,Company_1794,starter,299,2023-03-27,active,9,5,Other,9.5,29,6,3
cust_1795,Company_1795,starter,299,2023-11-01,active,18,2,Healthcare,4.5,19,8,2
cust_1796,Company_1796,starter,299,2023-11-07,active,7,1,Ecommerce,4.4,12,8,0
cust_1797,Company_1797,pro,1999,2023-03-01,active,23,1,Ecommerce,7.5,17,2,4
cust_1798,Company_1798,growth,799,2023-11-29,active,19,2,SaaS,5.4,17,4,1
cust_1799,Company_1799,starter,299,2023-01-26,active,17,5,SaaS,2.8,17,2,2
cust_1800,Company_1800,growth,799,2023-02-17,active,9,5,Ecommerce,8.4,1,7,3
cust_1801,Company_1801,pro,1999,2023-04-16,active,5,2,SaaS,5.4,19,8,0
cust_1802,Company_1802,growth,799,2023-11-21,active,18,3,Healthcare,2.1,8,6,0
cust_1803,Company_1803,starter,299,2023-01-06,active,1,1,SaaS,1.3,5,2,0
cust_1804,Company_1804,growth,799,2023-09-04,active,4,5,Finance,1.0,20,1,5
cust_1805,Company_1805,starter,299,2023-06-30,active,11,1,Other,6.6,24,5,2
cust_1806,Company_1806,starter,299,2023-10-07,active,5,5,Other,5.0,15,2,1
cust_1807,Company_1807,starter,299,2023-05-28,active,17,1,Finance,4.1,1,7,3
cust_1808,Company_1808,starter,299,2023-11-03,churned,2,3,Ecommerce,4.1,20,6,0
cust_1809,Company_1809,starter,299,2023-09-22,active,9,4,Healthcare,5.8,7,7,1
cust_1810,Company_1810,pro,1999,2023-09-19,active,8,3,SaaS,4.0,26,3,4
cust_1811,Company_1811,starter,299,2023-01-22,active,18,4,SaaS,4.4,7,7,4
cust_1812,Company_1812,pro,1999,2023-10-13,active,15,1,Other,7.9,30,3,1
cust_1813,Company_1813,starter,299,2023-05-18,active,2,4,Finance,8.4,3,1,2
cust_1814,Company_1814,growth,799,2023-05-13,active,21,4,Healthcare,8.9,7,4,3
cust_1815,Company_1815,pro,1999,2023-04-07,active,17,4,Finance,2.8,21,2,1
cust_1816,Company_1816,growth,799,2023-11-13,active,22,2,Other,5.9,21,5,3
cust_1817,Company_1817,starter,299,2023-01-11,active,8,2,Finance,7.4,27,7,1
cust_1818,Company_1818,starter,299,2023-05-09,active,3,1,Healthcare,3.3,20,7,1
cust_1819,Company_1819,starter,299,2023-07-11,active,10,1,Ecommerce,4.3,7,6,2
cust_1820,Company_1820,growth,799,2023-04-06,active,10,1,SaaS,5.0,9,7,2
cust_1821,Company_1821,pro,1999,2023-09-20,active,19,5,Other,9.2,0,4,5
cust_1822,Company_1822,starter,299,2023-05-04,active,18,5,Ecommerce,8.4,8,6,5
cust_1823,Company_1823,enterprise,4999,2023-08-27,active,20,4,Finance,0.9,21,1,2
cust_1824,Company_1824,starter,299,2023-04-21,active,7,3,Ecommerce,8.4,8,6,5
cust_1825,Company_1825,starter,299,2023-04-24,active,5,1,SaaS,7.3,14,8,5
cust_1826,Company_1826,pro,1999,2023-03-05,churned,18,2,Ecommerce,6.1,20,4,3
cust_1827,Company_1827,starter,299,2023-07-27,active,21,2,SaaS,8.9,27,1,5
cust_1828,Company_1828,starter,299,2023-02-12,active,20,4,Finance,9.9,3,8,4
cust_1829,Company_1829,pro,1999,2023-10-10,active,24,1,SaaS,9.2,6,1,0
cust_1830,Company_1830,growth,799,2023-06-21,active,14,2,Other,5.5,0,4,5
cust_1831,Company_1831,starter,299,2023-08-30,active,21,3,Finance,8.3,19,2,5
cust_1832,Company_1832,enterprise,4999,2023-01-02,active,20,26,Finance,6.3,11,3,0
cust_1833,Company_1833,starter,299,2023-11-06,active,3,5,Other,3.2,17,5,1
cust_1834,Company_1834,starter,299,2023-09-29,active,16,1,Other,1.8,13,4,1
cust_1835,Company_1835,pro,1999,2023-03-22,active,7,5,Ecommerce,1.2,14,5,2
cust_1836,Company_1836,starter,299,2023-02-09,active,3,1,Finance,1.7,17,7,5
cust_1837,Company_1837,starter,299,2023-07-07,churned,21,3,Ecommerce,5.2,12,7,3
cust_1838,Company_1838,enterprise,4999,2023-01-24,active,17,8,Ecommerce,4.6,27,1,0
cust_1839,Company_1839,enterprise,4999,2023-01-29,active,17,24,Healthcare,4.3,19,2,0
cust_1840,Company_1840,starter,299,2023-12-17,churned,15,2,SaaS,9.6,24,4,2
cust_1841,Company_1841,pro,1999,2023-07-02,active,2,5,Other,2.2,18,2,3
cust_1842,Company_1842,growth,799,2023-09-06,active,14,2,Other,2.5,16,5,2
cust_1843,Company_1843,pro,1999,2023-01-21,active,4,5,SaaS,8.0,14,4,2
cust_1844,Company_1844,starter,299,2023-09-02,active,22,5,Ecommerce,4.4,6,4,5
cust_1845,Company_1845,starter,299,2023-03-05,churned,2,3,Healthcare,7.1,0,1,4
cust_1846,Company_1846,starter,299,2023-10-17,active,19,3,Finance,6.0,29,1,5
cust_1847,Company_1847,enterprise,4999,2023-05-11,active,19,26,Other,7.2,19,7,4
cust_1848,Company_1848,growth,799,2023-07-12,active,22,5,Other,7.7,23,8,0
cust_1849,Company_1849,pro,1999,2023-06-01,active,5,3,Other,4.1,30,4,1
cust_1850,Company_1850,starter,299,2023-02-22,churned,10,5,Finance,5.9,25,4,1
cust_1851,Company_1851,pro,1999,2023-02-25,active,6,2,Finance,7.9,24,7,3
cust_1852,Company_1852,growth,799,2023-01-29,active,14,1,Other,5.0,12,2,3
cust_1853,Company_1853,pro,1999,2023-01-16,active,21,2,Finance,5.8,23,4,4
cust_1854,Company_1854,growth,799,2023-06-16,active,22,3,Ecommerce,9.0,16,3,5
cust_1855,Company_1855,pro,1999,2023-01-09,active,10,3,Healthcare,8.9,3,3,5
cust_1856,Company_1856,growth,799,2023-08-11,churned,11,2,Healthcare,6.1,11,3,3
cust_1857,Company_1857,growth,799,2023-02-17,active,18,4,Finance,4.4,2,4,0
cust_1858,Company_1858,growth,799,2023-08-07,active,4,2,Ecommerce,8.2,10,6,0
cust_1859,Company_1859,starter,299,2023-04-09,active,9,2,Ecommerce,6.1,24,5,4
cust_1860,Company_1860,starter,299,2023-01-21,active,1,2,Healthcare,7.6,0,1,5
cust_1861,Company_1861,pro,1999,2023-08-11,active,20,4,SaaS,10.0,3,7,4
cust_1862,Company_1862,starter,299,2023-02-11,active,22,5,Finance,8.3,26,1,0
cust_1863,Company_1863,enterprise,4999,2023-07-12,active,17,42,Finance,1.3,20,2,5
cust_1864,Company_1864,starter,299,2023-08-21,active,14,5,Ecommerce,8.8,30,8,5
cust_1865,Company_1865,growth,799,2023-03-15,active,2,2,Finance,3.1,28,8,3
cust_1866,Company_1866,growth,799,2023-05-25,active,13,4,Ecommerce,7.4,24,7,5
cust_1867,Company_1867,starter,299,2023-03-12,churned,12,1,Healthcare,7.4,26,8,3
cust_1868,Company_1868,enterprise,4999,2023-03-24,active,19,39,SaaS,7.8,8,1,3
cust_1869,Company_1869,enterprise,4999,2023-12-12,active,18,13,Ecommerce,2.4,7,2,1
cust_1870,Company_1870,enterprise,4999,2023-06-10,active,12,11,Ecommerce,3.8,30,7,0
cust_1871,Company_1871,growth,799,2023-02-10,churned,15,2,SaaS,1.2,5,1,3
cust_1872,Company_1872,starter,299,2023-08-05,active,8,3,Ecommerce,4.9,17,6,3
cust_1873,Company_1873,starter,299,2023-04-22,churned,15,5,Finance,3.4,18,1,5
cust_1874,Company_1874,enterprise,4999,2023-10-24,active,11,26,Finance,5.3,26,2,3
cust_1875,Company_1875,starter,299,2023-01-28,active,8,3,SaaS,4.3,17,2,1
cust_1876,Company_1876,enterprise,4999,2023-09-13,active,22,12,SaaS,0.6,5,2,3
cust_1877,Company_1877,pro,1999,2023-10-29,active,18,1,Ecommerce,3.0,29,7,1
cust_1878,Company_1878,growth,799,2023-06-24,active,24,5,Healthcare,2.7,13,4,4
cust_1879,Company_1879,starter,299,2023-02-28,active,17,3,Healthcare,0.8,7,8,5
cust_1880,Company_1880,starter,299,2023-12-26,active,19,4,Healthcare,7.0,3,8,3
cust_1881,Company_1881,pro,1999,2023-07-26,active,16,4,Other,7.9,4,1,2
cust_1882,Company_1882,pro,1999,2023-07-12,active,18,2,Ecommerce,2.6,11,6,5
cust_1883,Company_1883,starter,299,2023-07-21,active,22,3,SaaS,7.9,17,8,0
cust_1884,Company_1884,growth,799,2023-07-27,active,19,1,Other,6.7,29,3,0
cust_1885,Company_1885,enterprise,4999,2023-03-13,active,11,30,Other,9.6,17,5,1
cust_1886,Company_1886,growth,799,2023-11-08,active,18,5,SaaS,9.6,4,1,2
cust_1887,Company_1887,pro,1999,2023-11-06,active,23,5,Healthcare,9.8,19,5,4
cust_1888,Company_1888,enterprise,4999,2023-11-28,active,5,39,Finance,8.5,19,2,5
cust_1889,Company_1889,starter,299,2023-06-27,active,15,5,Healthcare,9.6,24,1,5
cust_1890,Company_1890,growth,799,2023-02-16,active,12,2,Other,4.3,12,8,1
cust_1891,Company_1891,growth,799,2023-12-03,churned,6,5,Healthcare,3.1,24,2,4
cust_1892,Company_1892,starter,299,2023-11-18,active,22,4,Other,5.6,12,3,4
cust_1893,Company_1893,growth,799,2023-08-12,active,17,2,Ecommerce,3.5,18,4,3
cust_1894,Company_1894,enterprise,4999,2023-01-20,active,21,44,Other,0.5,20,3,5
cust_1895,Company_1895,growth,799,2023-05-02,churned,12,3,SaaS,6.8,27,6,3
cust_1896,Company_1896,starter,299,2023-11-14,active,11,5,SaaS,0.8,3,3,2
cust_1897,Company_1897,pro,1999,2023-04-01,active,24,3,Finance,2.9,29,7,3
cust_1898,Company_1898,growth,799,2023-04-11,active,5,5,Finance,2.3,7,3,5
cust_1899,Company_1899,growth,799,2023-10-22,active,9,2,Ecommerce,5.7,28,2,2
cust_1900,Company_1900,growth,799,2023-05-14,active,3,3,Ecommerce,5.6,10,8,1
cust_1901,Company_1901,enterprise,4999,2023-06-25,active,13,37,Ecommerce,4.3,18,4,5
cust_1902,Company_1902,starter,299,2023-09-29,active,20,3,SaaS,2.6,30,2,4
cust_1903,Company_1903,pro,1999,2023-07-09,churned,12,4,Other,3.0,12,6,0
cust_1904,Company_1904,growth,799,2023-09-07,active,22,3,Ecommerce,0.6,9,2,5
cust_1905,Company_1905,pro,1999,2023-10-23,active,3,1,Healthcare,6.2,5,1,1
cust_1906,Company_1906,growth,799,2023-12-27,active,11,3,SaaS,1.3,11,4,3
cust_1907,Company_1907,starter,299,2023-06-16,active,10,3,Finance,2.4,6,3,2
cust_1908,Company_1908,growth,799,2023-04-20,active,14,5,SaaS,2.8,13,8,2
cust_1909,Company_1909,starter,299,2023-11-14,active,9,2,SaaS,3.2,24,2,0
cust_1910,Company_1910,pro,1999,2023-04-01,active,15,5,SaaS,7.1,16,8,4
cust_1911,Company_1911,starter,299,2023-03-09,churned,16,3,Ecommerce,2.7,16,6,3
cust_1912,Company_1912,starter,299,2023-03-12,active,11,4,Healthcare,1.1,10,7,3
cust_1913,Company_1913,growth,799,2023-05-24,active,10,2,Healthcare,7.2,16,6,5
cust_1914,Company_1914,pro,1999,2023-05-24,active,18,5,Healthcare,9.7,25,6,5
cust_1915,Company_1915,pro,1999,2023-05-28,active,6,3,Other,9.1,30,2,5
cust_1916,Company_1916,growth,799,2023-06-20,active,1,1,SaaS,0.9,25,5,2
cust_1917,Company_1917,growth,799,2023-10-28,active,21,1,Ecommerce,1.7,28,2,2
cust_1918,Company_1918,pro,1999,2023-02-05,churned,7,3,Healthcare,0.8,6,7,4
cust_1919,Company_1919,pro,1999,2023-12-16,active,4,3,Other,5.5,12,7,4
cust_1920,Company_1920,growth,799,2023-09-09,active,5,2,Healthcare,4.8,20,8,5
cust_1921,Company_1921,enterprise,4999,2023-11-26,active,14,1,Ecommerce,4.0,16,3,2
cust_1922,Company_1922,starter,299,2023-02-05,active,17,2,Other,8.2,3,3,1
cust_1923,Company_1923,pro,1999,2023-03-06,active,7,1,Finance,6.4,1,7,5
cust_1924,Company_1924,starter,299,2023-02-16,active,17,3,Healthcare,2.0,22,8,2
cust_1925,Company_1925,starter,299,2023-03-26,active,16,1,Healthcare,2.2,5,6,3
cust_1926,Company_1926,growth,799,2023-05-14,active,24,5,Finance,5.1,12,3,4
cust_1927,Company_1927,enterprise,4999,2023-06-16,active,5,33,Healthcare,4.1,21,4,5
cust_1928,Company_1928,starter,299,2023-01-28,active,18,4,SaaS,6.6,5,2,3
cust_1929,Company_1929,growth,799,2023-04-12,active,15,2,Other,6.7,30,3,0
cust_1930,Company_1930,starter,299,2023-03-30,active,5,5,Other,2.5,13,3,0
cust_1931,Company_1931,pro,1999,2023-06-17,active,22,1,Finance,2.7,17,3,1
cust_1932,Company_1932,pro,1999,2023-06-16,active,21,2,Other,8.6,17,4,2
cust_1933,Company_1933,growth,799,2023-06-07,active,9,4,Healthcare,7.5,28,8,1
cust_1934,Company_1934,starter,299,2023-07-21,active,10,1,Other,3.7,27,5,4
cust_1935,Company_1935,pro,1999,2023-09-13,active,20,1,Ecommerce,9.0,19,8,0
cust_1936,Company_1936,starter,299,2023-03-31,churned,15,1,Finance,2.8,28,8,4
cust_1937,Company_1937,enterprise,4999,2023-02-27,active,7,21,Ecommerce,6.0,17,4,1
cust_1938,Company_1938,starter,299,2023-12-12,churned,4,3,Healthcare,7.4,23,1,4
cust_1939,Company_1939,starter,299,2023-01-20,active,2,5,Healthcare,6.3,30,8,4
cust_1940,Company_1940,growth,799,2023-10-19,active,15,2,Finance,6.8,11,3,1
cust_1941,Company_1941,growth,799,2023-07-21,active,2,1,Ecommerce,0.7,9,4,3
cust_1942,Company_1942,growth,799,2023-10-21,active,19,4,SaaS,3.8,27,3,1
cust_1943,Company_1943,pro,1999,2023-10-20,churned,3,2,Other,2.1,29,6,5
cust_1944,Company_1944,starter,299,2023-06-05,active,7,5,Ecommerce,1.0,26,4,0
cust_1945,Company_1945,growth,799,2023-08-29,active,3,5,Healthcare,1.4,30,2,1
cust_1946,Company_1946,starter,299,2023-11-21,active,5,1,Ecommerce,2.0,27,8,3
cust_1947,Company_1947,growth,799,2023-12-05,churned,5,5,SaaS,1.6,12,7,0
cust_1948,Company_1948,starter,299,2023-04-03,churned,2,1,Healthcare,1.8,10,8,1
cust_1949,Company_1949,starter,299,2023-11-15,active,24,1,Finance,5.9,13,7,2
cust_1950,Company_1950,starter,299,2023-01-07,active,22,3,Other,1.5,24,5,1
cust_1951,Company_1951,starter,299,2023-05-26,active,1,4,Other,1.8,10,1,4
cust_1952,Company_1952,growth,799,2023-03-10,active,5,4,Ecommerce,0.7,26,4,5
cust_1953,Company_1953,pro,1999,2023-06-29,active,24,1,SaaS,8.2,6,6,1
cust_1954,Company_1954,pro,1999,2023-10-26,active,16,1,Ecommerce,9.7,3,3,2
cust_1955,Company_1955,starter,299,2023-07-03,active,18,3,Healthcare,3.4,29,3,1
cust_1956,Company_1956,pro,1999,2023-05-13,active,3,2,SaaS,1.8,15,1,3
cust_1957,Company_1957,starter,299,2023-11-11,active,6,5,Healthcare,3.1,5,1,3
cust_1958,Company_1958,pro,1999,2023-02-13,active,14,5,SaaS,4.4,4,3,2
cust_1959,Company_1959,growth,799,2023-02-24,active,11,2,SaaS,2.6,22,5,0
cust_1960,Company_1960,starter,299,2023-03-05,active,1,4,Healthcare,5.9,24,8,2
cust_1961,Company_1961,growth,799,2023-06-07,churned,20,4,Other,6.9,11,6,2
cust_1962,Company_1962,growth,799,2023-03-30,active,8,1,Ecommerce,8.4,8,8,3
cust_1963,Company_1963,starter,299,2023-01-23,churned,18,1,Other,1.7,6,1,5
cust_1964,Company_1964,pro,1999,2023-10-11,active,8,4,Finance,7.8,2,8,1
cust_1965,Company_1965,growth,799,2023-01-22,churned,18,1,Finance,4.8,4,1,5
cust_1966,Company_1966,starter,299,2023-06-25,churned,23,1,Ecommerce,5.3,13,8,0
cust_1967,Company_1967,starter,299,2023-08-25,active,23,1,SaaS,8.2,9,6,4
cust_1968,Company_1968,enterprise,4999,2023-09-09,active,10,26,Ecommerce,1.6,6,1,0
cust_1969,Company_1969,growth,799,2023-04-04,active,12,5,Finance,4.7,22,7,4
cust_1970,Company_1970,starter,299,2023-01-16,churned,7,1,Finance,2.4,21,4,4
cust_1971,Company_1971,growth,799,2023-08-14,active,9,4,Healthcare,8.3,2,6,4
cust_1972,Company_1972,starter,299,2023-05-04,active,5,4,SaaS,0.8,8,7,3
cust_1973,Company_1973,growth,799,2023-06-09,active,11,1,SaaS,8.1,1,8,4
cust_1974,Company_1974,growth,799,2023-08-28,active,4,1,SaaS,7.6,8,4,4
cust_1975,Company_1975,pro,1999,2023-10-10,active,3,5,Finance,6.0,10,4,5
cust_1976,Company_1976,enterprise,4999,2023-02-03,active,11,3,Finance,6.3,16,1,4
cust_1977,Company_1977,starter,299,2023-11-03,active,16,4,Other,5.5,15,4,5
cust_1978,Company_1978,starter,299,2023-08-26,active,19,1,Healthcare,4.1,17,5,0
cust_1979,Company_1979,growth,799,2023-07-15,active,4,4,Finance,9.5,15,8,4
cust_1980,Company_1980,starter,299,2023-04-30,active,6,4,Ecommerce,2.5,22,5,4
cust_1981,Company_1981,growth,799,2023-02-28,active,20,1,SaaS,7.3,29,5,1
cust_1982,Company_1982,pro,1999,2023-12-05,churned,5,4,SaaS,5.4,26,3,0
cust_1983,Company_1983,starter,299,2023-01-29,active,6,1,Finance,1.4,29,2,1
cust_1984,Company_1984,starter,299,2023-12-26,active,20,5,Other,8.9,24,8,1
cust_1985,Company_1985,pro,1999,2023-02-12,active,15,5,Other,6.4,30,5,5
cust_1986,Company_1986,growth,799,2023-02-06,active,18,3,Finance,5.6,5,2,3
cust_1987,Company_1987,enterprise,4999,2023-07-02,active,17,15,Other,9.8,16,6,3
cust_1988,Company_1988,enterprise,4999,2023-10-04,active,6,2,Finance,5.6,13,8,2
cust_1989,Company_1989,growth,799,2023-02-17,active,6,4,Other,1.3,19,7,0
cust_1990,Company_1990,pro,1999,2023-12-09,active,3,5,Healthcare,6.9,18,5,1
cust_1991,Company_1991,growth,799,2023-08-05,active,18,2,Healthcare,7.4,12,8,5
cust_1992,Company_1992,growth,799,2023-05-17,active,2,2,SaaS,3.0,25,2,4
cust_1993,Company_1993,growth,799,2023-07-01,churned,14,5,Ecommerce,2.2,9,4,2
cust_1994,Company_1994,pro,1999,2023-07-01,active,4,4,Other,8.1,25,7,1
cust_1995,Company_1995,starter,299,2023-01-24,active,20,3,Other,4.1,17,4,5
cust_1996,Company_1996,starter,299,2023-11-10,churned,14,4,Other,3.5,2,8,0
cust_1997,Company_1997,starter,299,2023-06-23,active,4,2,Finance,6.0,7,7,2
cust_1998,Company_1998,growth,799,2023-03-06,active,1,5,Ecommerce,3.0,12,4,4
cust_1999,Company_1999,starter,299,2023-08-12,active,5,4,Healthcare,1.9,24,8,4
cust_2000,Company_2000,growth,799,2023-08-06,active,1,1,SaaS,3.3,6,2,4
cust_2001,Company_2001,pro,1999,2023-05-08,active,12,5,Ecommerce,10.0,27,4,5
cust_2002,Company_2002,growth,799,2023-04-30,active,7,4,SaaS,3.7,7,1,2
cust_2003,Company_2003,starter,299,2023-09-19,active,4,1,Ecommerce,3.9,30,5,2
cust_2004,Company_2004,growth,799,2023-05-15,active,4,4,Finance,6.7,27,4,5
cust_2005,Company_2005,starter,299,2023-01-15,active,19,1,Healthcare,7.7,15,2,4
cust_2006,Company_2006,starter,299,2023-05-13,active,20,5,SaaS,5.7,30,1,3
cust_2007,Company_2007,growth,799,2023-10-10,active,5,1,Healthcare,3.1,16,2,1
cust_2008,Company_2008,pro,1999,2023-11-15,active,6,4,Finance,5.7,19,4,5
cust_2009,Company_2009,enterprise,4999,2023-07-22,active,23,29,Finance,9.3,12,5,5
cust_2010,Company_2010,pro,1999,2023-02-16,active,11,3,Finance,8.1,1,2,0
cust_2011,Company_2011,growth,799,2023-11-03,active,22,4,Finance,2.8,29,7,5
cust_2012,Company_2012,starter,299,2023-02-28,active,3,4,SaaS,2.7,19,7,1
cust_2013,Company_2013,growth,799,2023-05-08,active,14,2,SaaS,5.4,8,6,2
cust_2014,Company_2014,growth,799,2023-07-14,churned,16,1,Other,6.7,18,5,1
cust_2015,Company_2015,starter,299,2023-10-25,active,9,3,Healthcare,10.0,21,5,5
cust_2016,Company_2016,pro,1999,2023-11-11,active,14,4,SaaS,3.6,13,5,1
cust_2017,Company_2017,starter,299,2023-06-09,active,11,3,Healthcare,7.7,10,1,4
cust_2018,Company_2018,growth,799,2023-06-07,active,11,2,Other,8.2,0,7,1
cust_2019,Company_2019,starter,299,2023-07-09,active,9,4,Ecommerce,8.6,5,7,2
cust_2020,Company_2020,pro,1999,2023-01-28,active,4,3,Other,6.3,7,1,0
cust_2021,Company_2021,growth,799,2023-12-12,active,14,2,SaaS,2.2,9,3,3
cust_2022,Company_2022,growth,799,2023-09-02,active,23,3,Healthcare,1.8,10,2,3
cust_2023,Company_2023,starter,299,2023-02-10,active,6,1,SaaS,4.0,27,5,4
cust_2024,Company_2024,pro,1999,2023-11-24,active,13,1,Other,0.6,15,7,3
cust_2025,Company_2025,pro,1999,2023-10-14,active,5,1,Ecommerce,6.0,28,6,3
cust_2026,Company_2026,enterprise,4999,2023-01-07,active,9,46,Healthcare,8.0,27,3,5
cust_2027,Company_2027,pro,1999,2023-02-08,active,5,2,SaaS,2.4,8,4,5
cust_2028,Company_2028,pro,1999,2023-09-03,active,11,3,Other,7.4,27,1,3
cust_2029,Company_2029,growth,799,2023-11-22,active,6,3,Other,2.2,4,2,5
cust_2030,Company_2030,growth,799,2023-04-30,active,17,3,Finance,8.1,30,5,0
cust_2031,Company_2031,starter,299,2023-08-08,active,9,3,Finance,6.7,10,3,1
cust_2032,Company_2032,pro,1999,2023-02-09,active,4,2,Ecommerce,9.4,14,5,4
cust_2033,Company_2033,growth,799,2023-09-09,active,22,1,Healthcare,4.7,24,7,1
cust_2034,Company_2034,starter,299,2023-05-31,active,21,2,Healthcare,2.1,6,7,5
cust_2035,Company_2035,starter,299,2023-02-07,active,16,1,Other,1.1,27,2,4
cust_2036,Company_2036,pro,1999,2023-05-07,active,2,2,SaaS,4.2,25,4,2
cust_2037,Company_2037,pro,1999,2023-09-15,active,5,2,Finance,8.6,28,5,0
cust_2038,Company_2038,starter,299,2023-12-25,active,21,5,SaaS,7.3,12,8,3
cust_2039,Company_2039,growth,799,2023-09-21,active,3,3,Ecommerce,3.1,8,6,2
cust_2040,Company_2040,starter,299,2023-01-28,active,18,5,Finance,7.0,15,4,3
cust_2041,Company_2041,pro,1999,2023-10-10,churned,4,3,Ecommerce,6.6,3,3,4
cust_2042,Company_2042,growth,799,2023-09-15,active,17,5,Healthcare,8.1,18,7,4
cust_2043,Company_2043,growth,799,2023-03-21,active,23,3,Finance,5.1,22,3,3
cust_2044,Company_2044,starter,299,2023-08-19,churned,22,4,Ecommerce,0.8,2,7,5
cust_2045,Company_2045,starter,299,2023-05-18,active,5,5,Ecommerce,6.1,5,4,1
cust_2046,Company_2046,growth,799,2023-02-22,active,5,5,Healthcare,0.8,29,3,4
cust_2047,Company_2047,starter,299,2023-03-30,active,17,1,Other,5.8,6,3,1
cust_2048,Company_2048,starter,299,2023-03-01,active,1,2,SaaS,0.7,22,7,3
cust_2049,Company_2049,growth,799,2023-02-28,active,2,5,Other,6.9,17,8,5
cust_2050,Company_2050,starter,299,2023-01-06,churned,18,3,Ecommerce,4.0,25,2,2
cust_2051,Company_2051,starter,299,2023-05-01,active,18,3,Ecommerce,6.6,2,1,3
cust_2052,Company_2052,starter,299,2023-10-09,churned,21,3,Finance,4.4,18,6,5
cust_2053,Company_2053,pro,1999,2023-01-18,active,1,1,Healthcare,8.4,12,3,0
cust_2054,Company_2054,starter,299,2023-05-23,active,11,5,Healthcare,4.7,2,6,0
cust_2055,Company_2055,enterprise,4999,2023-01-24,active,14,43,Healthcare,4.5,2,2,0
cust_2056,Company_2056,enterprise,4999,2023-07-21,active,12,6,SaaS,7.2,28,4,2
cust_2057,Company_2057,starter,299,2023-08-17,active,18,4,Other,8.3,29,5,4
cust_2058,Company_2058,growth,799,2023-09-25,churned,20,5,Ecommerce,4.6,17,4,2
cust_2059,Company_2059,growth,799,2023-07-13,active,18,5,Other,4.3,12,8,0
cust_2060,Company_2060,growth,799,2023-10-04,active,14,5,Other,1.6,16,8,4
cust_2061,Company_2061,starter,299,2023-01-16,active,12,4,Ecommerce,3.9,27,2,4
cust_2062,Company_2062,growth,799,2023-07-13,active,1,2,Ecommerce,0.7,2,3,3
cust_2063,Company_2063,pro,1999,2023-07-03,active,15,5,Other,5.8,27,3,3
cust_2064,Company_2064,starter,299,2023-02-10,active,18,5,Finance,9.4,30,2,3
cust_2065,Company_2065,starter,299,2023-09-19,active,11,1,Healthcare,5.1,9,2,5
cust_2066,Company_2066,pro,1999,2023-09-07,active,10,2,SaaS,1.4,21,3,2
cust_2067,Company_2067,starter,299,2023-12-31,active,19,2,Healthcare,3.0,5,3,4
cust_2068,Company_2068,enterprise,4999,2023-06-21,active,17,29,SaaS,8.2,28,5,5
cust_2069,Company_2069,pro,1999,2023-05-17,active,5,5,Finance,7.0,11,8,0
cust_2070,Company_2070,starter,299,2023-09-16,churned,5,5,Ecommerce,1.7,27,6,3
cust_2071,Company_2071,pro,1999,2023-12-30,churned,19,1,SaaS,6.5,7,6,3
cust_2072,Company_2072,starter,299,2023-01-28,active,15,2,Finance,8.6,15,3,4
cust_2073,Company_2073,starter,299,2023-10-14,active,20,3,SaaS,1.1,15,3,1
cust_2074,Company_2074,growth,799,2023-08-20,active,8,4,SaaS,4.2,29,6,0
cust_2075,Company_2075,growth,799,2023-01-31,active,12,1,SaaS,1.6,11,1,4
cust_2076,Company_2076,starter,299,2023-08-26,active,4,1,Finance,2.3,2,1,5
cust_2077,Company_2077,starter,299,2023-08-14,active,2,2,Ecommerce,0.9,14,2,3
cust_2078,Company_2078,growth,799,2023-12-15,churned,1,4,Finance,9.1,26,2,4
cust_2079,Company_2079,growth,799,2023-06-09,active,18,3,Ecommerce,8.2,4,8,3
cust_2080,Company_2080,growth,799,2023-10-21,active,7,4,Finance,1.7,8,5,3
cust_2081,Company_2081,pro,1999,2023-07-31,active,24,5,Other,9.3,15,4,2
cust_2082,Company_2082,pro,1999,2023-02-12,active,7,1,SaaS,2.9,1,3,2
cust_2083,Company_2083,pro,1999,2023-12-06,active,20,2,SaaS,4.9,9,4,5
cust_2084,Company_2084,starter,299,2023-05-12,active,17,2,Finance,8.8,4,7,4
cust_2085,Company_2085,starter,299,2023-05-20,active,18,4,Healthcare,2.3,17,4,5
cust_2086,Company_2086,enterprise,4999,2023-06-03,active,18,36,Finance,9.7,10,4,3
cust_2087,Company_2087,enterprise,4999,2023-11-19,active,10,9,Other,1.0,10,1,3
cust_2088,Company_2088,pro,1999,2023-05-22,active,23,3,Healthcare,6.4,11,2,2
cust_2089,Company_2089,enterprise,4999,2023-03-23,active,7,47,SaaS,6.1,17,6,2
cust_2090,Company_2090,starter,299,2023-09-10,active,21,1,Other,1.5,7,2,0
cust_2091,Company_2091,enterprise,4999,2023-08-25,active,17,7,Other,9.9,0,3,2
cust_2092,Company_2092,pro,1999,2023-12-27,active,15,1,Ecommerce,2.1,0,7,5
cust_2093,Company_2093,growth,799,2023-04-30,active,11,3,SaaS,7.0,0,2,5
cust_2094,Company_2094,starter,299,2023-08-13,active,11,5,Finance,8.8,1,1,1
cust_2095,Company_2095,pro,1999,2023-12-25,active,2,1,Finance,2.5,23,3,2
cust_2096,Company_2096,enterprise,4999,2023-12-02,active,22,17,Healthcare,6.5,19,6,0
cust_2097,Company_2097,growth,799,2023-01-23,active,16,4,Ecommerce,8.5,14,1,2
cust_2098,Company_2098,pro,1999,2023-10-30,active,22,1,Ecommerce,6.8,26,2,0
cust_2099,Company_2099,starter,299,2023-07-21,active,10,5,Ecommerce,9.7,24,1,1
cust_2100,Company_2100,growth,799,2023-10-24,churned,4,3,Ecommerce,9.4,28,4,3
cust_2101,Company_2101,starter,299,2023-11-10,active,23,3,SaaS,1.2,9,2,1
cust_2102,Company_2102,enterprise,4999,2023-06-22,active,20,12,Other,3.9,24,4,2
cust_2103,Company_2103,growth,799,2023-06-24,churned,5,4,SaaS,0.8,13,8,4
cust_2104,Company_2104,enterprise,4999,2023-01-07,churned,21,37,Healthcare,9.5,29,1,0
cust_2105,Company_2105,growth,799,2023-08-13,active,16,2,Healthcare,5.3,22,3,5
cust_2106,Company_2106,pro,1999,2023-04-22,active,22,3,Finance,6.0,30,6,1
cust_2107,Company_2107,starter,299,2023-07-21,active,16,2,Finance,3.6,6,3,5
cust_2108,Company_2108,starter,299,2023-01-06,active,3,4,Finance,2.9,28,7,1
cust_2109,Company_2109,starter,299,2023-08-24,active,18,5,SaaS,6.5,21,3,1
cust_2110,Company_2110,pro,1999,2023-06-07,active,11,1,SaaS,7.5,1,1,5
cust_2111,Company_2111,pro,1999,2023-08-04,churned,22,2,SaaS,6.6,30,7,4
cust_2112,Company_2112,starter,299,2023-01-08,active,5,1,SaaS,4.1,14,4,1
cust_2113,Company_2113,growth,799,2023-01-04,active,10,3,Healthcare,3.7,28,8,2
cust_2114,Company_2114,pro,1999,2023-04-06,active,3,5,Healthcare,3.5,12,1,1
cust_2115,Company_2115,enterprise,4999,2023-05-04,active,14,12,SaaS,8.9,4,8,2
cust_2116,Company_2116,starter,299,2023-04-06,active,3,4,SaaS,7.1,4,1,3
cust_2117,Company_2117,starter,299,2023-06-26,active,6,5,SaaS,2.2,13,3,0
cust_2118,Company_2118,growth,799,2023-11-08,active,24,1,Finance,9.1,16,2,4
cust_2119,Company_2119,growth,799,2023-09-08,churned,24,3,Other,1.4,3,2,4
cust_2120,Company_2120,growth,799,2023-10-02,active,12,5,SaaS,7.4,28,6,4
cust_2121,Company_2121,pro,1999,2023-12-20,active,16,1,Healthcare,5.8,1,1,2
cust_2122,Company_2122,enterprise,4999,2023-09-03,active,18,45,Other,8.7,2,7,4
cust_2123,Company_2123,enterprise,4999,2023-09-18,active,19,12,Other,3.1,30,5,0
cust_2124,Company_2124,growth,799,2023-09-21,active,5,4,Ecommerce,0.5,5,4,4
cust_2125,Company_2125,starter,299,2023-03-07,active,21,2,Ecommerce,6.8,4,1,2
cust_2126,Company_2126,starter,299,2023-05-23,active,16,2,Ecommerce,9.3,27,2,0
cust_2127,Company_2127,growth,799,2023-07-04,active,19,2,SaaS,6.9,23,1,1
cust_2128,Company_2128,starter,299,2023-04-17,active,2,2,Ecommerce,8.6,4,8,3
cust_2129,Company_2129,starter,299,2023-03-07,active,23,2,Finance,7.3,1,3,4
cust_2130,Company_2130,starter,299,2023-06-21,active,2,4,Ecommerce,0.5,26,1,2
cust_2131,Company_2131,pro,1999,2023-11-01,active,8,4,Healthcare,4.9,12,2,4
cust_2132,Company_2132,growth,799,2023-03-09,active,3,2,Other,1.4,21,2,3
cust_2133,Company_2133,starter,299,2023-11-08,active,2,2,Other,7.6,16,4,0
cust_2134,Company_2134,enterprise,4999,2023-01-15,active,9,48,Other,8.3,2,7,3
cust_2135,Company_2135,starter,299,2023-10-18,active,3,2,SaaS,4.5,0,1,2
cust_2136,Company_2136,growth,799,2023-07-08,active,14,4,Healthcare,9.6,28,1,3
cust_2137,Company_2137,starter,299,2023-07-21,churned,5,5,Healthcare,3.9,1,5,4
cust_2138,Company_2138,starter,299,2023-05-11,active,10,4,Healthcare,4.2,6,5,4
cust_2139,Company_2139,pro,1999,2023-04-26,active,19,1,Finance,6.6,12,3,3
cust_2140,Company_2140,starter,299,2023-03-28,churned,13,1,SaaS,3.3,4,5,1
cust_2141,Company_2141,pro,1999,2023-12-07,active,5,3,Other,7.1,8,3,0
cust_2142,Company_2142,growth,799,2023-09-20,active,21,1,Other,7.5,30,2,5
cust_2143,Company_2143,growth,799,2023-07-28,active,5,3,SaaS,6.8,18,7,2
cust_2144,Company_2144,starter,299,2023-10-14,active,11,2,Finance,9.5,30,3,2
cust_2145,Company_2145,growth,799,2023-07-06,active,18,2,Finance,9.5,30,1,5
cust_2146,Company_2146,starter,299,2023-02-10,active,23,5,Healthcare,4.4,11,5,2
cust_2147,Company_2147,pro,1999,2023-07-19,active,23,3,Healthcare,3.6,14,7,4
cust_2148,Company_2148,pro,1999,2023-05-18,active,24,3,Ecommerce,3.9,7,7,2
cust_2149,Company_2149,growth,799,2023-05-19,active,13,5,Other,4.1,25,2,3
cust_2150,Company_2150,starter,299,2023-05-24,churned,5,3,Finance,4.0,17,1,4
cust_2151,Company_2151,starter,299,2023-11-13,active,10,3,Ecommerce,7.7,19,3,2
cust_2152,Company_2152,pro,1999,2023-07-10,active,19,3,Healthcare,2.2,27,4,0
cust_2153,Company_2153,growth,799,2023-05-22,active,5,5,SaaS,3.0,12,2,2
cust_2154,Company_2154,starter,299,2023-12-08,active,9,5,Ecommerce,2.9,28,3,3
cust_2155,Company_2155,pro,1999,2023-06-04,active,11,2,SaaS,4.8,13,4,5
cust_2156,Company_2156,pro,1999,2023-04-26,active,4,1,SaaS,5.6,21,2,3
cust_2157,Company_2157,enterprise,4999,2023-07-02,active,6,8,SaaS,4.0,17,8,0
cust_2158,Company_2158,enterprise,4999,2023-10-13,active,9,14,Finance,8.2,21,5,5
cust_2159,Company_2159,pro,1999,2023-08-10,active,17,3,Finance,8.5,20,8,0
cust_2160,Company_2160,starter,299,2023-04-10,active,21,1,Other,4.4,10,3,1
cust_2161,Company_2161,enterprise,4999,2023-08-25,active,15,28,Healthcare,7.0,13,4,1
cust_2162,Company_2162,growth,799,2023-02-27,active,9,1,Finance,8.2,26,8,4
cust_2163,Company_2163,starter,299,2023-07-08,active,11,1,SaaS,0.7,4,8,5
cust_2164,Company_2164,starter,299,2023-03-07,active,3,3,Healthcare,6.8,30,4,0
cust_2165,Company_2165,growth,799,2023-11-06,active,10,5,SaaS,7.8,6,7,4
cust_2166,Company_2166,pro,1999,2023-12-22,active,3,2,SaaS,2.4,6,7,4
cust_2167,Company_2167,starter,299,2023-12-30,active,5,4,Ecommerce,9.1,0,3,4
cust_2168,Company_2168,pro,1999,2023-09-06,active,8,3,Other,3.8,28,4,1
cust_2169,Company_2169,starter,299,2023-03-19,active,21,4,Ecommerce,7.1,6,3,0
cust_2170,Company_2170,starter,299,2023-08-31,active,23,2,Finance,2.6,7,7,3
cust_2171,Company_2171,starter,299,2023-06-29,active,2,1,SaaS,5.7,14,1,4
cust_2172,Company_2172,starter,299,2023-11-07,active,16,1,Other,8.2,26,4,3
cust_2173,Company_2173,starter,299,2023-01-08,churned,16,4,SaaS,3.9,27,4,4
cust_2174,Company_2174,growth,799,2023-11-20,active,6,4,Healthcare,9.3,24,5,4
cust_2175,Company_2175,pro,1999,2023-07-26,active,16,4,Finance,1.7,6,4,5
cust_2176,Company_2176,enterprise,4999,2023-03-14,active,6,33,SaaS,6.5,24,5,2
cust_2177,Company_2177,enterprise,4999,2023-06-27,active,18,48,Other,2.0,26,3,1
cust_2178,Company_2178,pro,1999,2023-07-01,active,13,2,Other,9.9,10,4,2
cust_2179,Company_2179,growth,799,2023-07-19,active,8,4,Ecommerce,1.1,20,2,4
cust_2180,Company_2180,starter,299,2023-07-23,active,22,3,SaaS,8.4,0,8,5
cust_2181,Company_2181,starter,299,2023-10-14,active,10,5,Finance,1.9,28,2,1
cust_2182,Company_2182,pro,1999,2023-03-31,active,13,5,Finance,6.8,7,8,5
cust_2183,Company_2183,starter,299,2023-02-02,active,11,4,SaaS,3.9,8,2,1
cust_2184,Company_2184,enterprise,4999,2023-12-04,active,3,28,Finance,1.2,18,6,2
cust_2185,Company_2185,growth,799,2023-01-09,active,19,1,Other,7.3,18,4,4
cust_2186,Company_2186,starter,299,2023-10-08,active,16,2,SaaS,5.0,0,3,0
cust_2187,Company_2187,starter,299,2023-08-11,active,6,1,Other,8.7,15,2,1
cust_2188,Company_2188,pro,1999,2023-02-15,active,5,2,Other,2.8,22,7,4
cust_2189,Company_2189,growth,799,2023-09-30,active,19,4,SaaS,5.9,16,8,1
cust_2190,Company_2190,starter,299,2023-08-07,active,16,2,SaaS,8.1,24,3,1
cust_2191,Company_2191,growth,799,2023-07-19,active,22,4,Finance,7.1,30,8,5
cust_2192,Company_2192,growth,799,2023-06-30,active,8,2,Other,9.1,22,5,1
cust_2193,Company_2193,starter,299,2023-02-16,active,21,3,Finance,2.3,30,6,1
cust_2194,Company_2194,starter,299,2023-03-16,active,2,5,SaaS,3.8,0,6,3
cust_2195,Company_2195,pro,1999,2023-05-20,active,10,4,Finance,5.1,22,1,0
cust_2196,Company_2196,starter,299,2023-10-15,active,15,3,Other,6.8,13,8,3
cust_2197,Company_2197,starter,299,2023-08-18,active,19,3,SaaS,4.5,6,7,2
cust_2198,Company_2198,growth,799,2023-01-18,active,9,1,SaaS,4.4,11,6,5
cust_2199,Company_2199,starter,299,2023-04-12,active,2,4,Finance,5.9,19,3,3
cust_2200,Company_2200,growth,799,2023-02-26,active,21,3,Ecommerce,5.9,12,4,2
cust_2201,Company_2201,starter,299,2023-12-22,active,12,1,Ecommerce,4.0,3,3,4
cust_2202,Company_2202,starter,299,2023-07-31,active,22,3,Ecommerce,9.9,27,6,4
cust_2203,Company_2203,starter,299,2023-09-26,active,20,5,Finance,6.3,11,5,3
cust_2204,Company_2204,growth,799,2023-05-07,active,10,3,Finance,7.6,9,5,0
cust_2205,Company_2205,pro,1999,2023-06-06,active,20,5,Other,6.1,24,4,5
cust_2206,Company_2206,enterprise,4999,2023-05-13,active,9,19,Ecommerce,6.0,8,7,2
cust_2207,Company_2207,starter,299,2023-12-13,active,22,2,Ecommerce,2.6,18,6,4
cust_2208,Company_2208,growth,799,2023-11-06,active,24,2,Other,6.9,17,5,0
cust_2209,Company_2209,starter,299,2023-02-23,active,1,5,Healthcare,1.7,22,3,0
cust_2210,Company_2210,pro,1999,2023-01-23,active,16,5,Finance,2.3,20,7,2
cust_2211,Company_2211,starter,299,2023-10-27,active,5,2,SaaS,2.8,1,5,2
cust_2212,Company_2212,growth,799,2023-06-05,active,13,2,Other,2.6,1,1,1
cust_2213,Company_2213,pro,1999,2023-07-02,active,4,1,Ecommerce,7.5,14,6,3
cust_2214,Company_2214,pro,1999,2023-09-28,active,23,2,Finance,6.0,20,8,0
cust_2215,Company_2215,growth,799,2023-08-09,active,3,5,Ecommerce,9.5,8,6,4
cust_2216,Company_2216,starter,299,2023-05-13,active,23,4,Ecommerce,1.3,7,6,0
cust_2217,Company_2217,pro,1999,2023-06-01,active,6,4,Ecommerce,9.4,23,3,0
cust_2218,Company_2218,pro,1999,2023-04-10,active,10,2,Finance,4.4,20,2,0
cust_2219,Company_2219,starter,299,2023-12-06,active,15,4,Other,7.5,21,7,4
cust_2220,Company_2220,pro,1999,2023-01-17,active,18,3,Ecommerce,5.9,8,7,4
cust_2221,Company_2221,enterprise,4999,2023-03-20,active,21,43,Healthcare,4.7,9,2,3
cust_2222,Company_2222,starter,299,2023-01-20,active,10,3,SaaS,2.0,17,6,0
cust_2223,Company_2223,starter,299,2023-10-14,active,20,4,Healthcare,3.7,14,6,5
cust_2224,Company_2224,pro,1999,2023-03-23,active,7,5,Ecommerce,6.4,7,1,1
cust_2225,Company_2225,starter,299,2023-06-19,active,13,1,Ecommerce,2.4,0,4,0
cust_2226,Company_2226,starter,299,2023-05-10,active,14,1,SaaS,6.9,13,8,2
cust_2227,Company_2227,enterprise,4999,2023-01-06,active,15,10,Healthcare,6.3,11,6,1
cust_2228,Company_2228,pro,1999,2023-01-30,active,6,3,Ecommerce,1.0,30,3,1
cust_2229,Company_2229,pro,1999,2023-10-12,active,9,2,Ecommerce,0.8,8,3,0
cust_2230,Company_2230,starter,299,2023-06-01,churned,15,5,SaaS,1.4,22,3,1
cust_2231,Company_2231,growth,799,2023-03-09,churned,10,3,SaaS,4.7,28,7,2
cust_2232,Company_2232,growth,799,2023-10-07,active,15,1,Healthcare,6.6,22,8,2
cust_2233,Company_2233,pro,1999,2023-07-31,active,4,5,Ecommerce,9.3,1,7,2
cust_2234,Company_2234,growth,799,2023-04-27,active,18,4,Ecommerce,8.0,15,3,2
cust_2235,Company_2235,growth,799,2023-02-02,active,6,5,SaaS,8.1,18,6,3
cust_2236,Company_2236,starter,299,2023-10-01,active,10,5,Ecommerce,9.5,15,4,5
cust_2237,Company_2237,starter,299,2023-10-21,active,3,1,Ecommerce,1.3,1,2,4
cust_2238,Company_2238,growth,799,2023-09-20,active,2,3,Other,4.5,29,1,5
cust_2239,Company_2239,enterprise,4999,2023-02-07,active,15,32,Finance,7.1,25,4,4
cust_2240,Company_2240,starter,299,2023-02-23,active,19,5,Finance,7.1,5,6,5
cust_2241,Company_2241,pro,1999,2023-02-26,active,16,2,Ecommerce,9.1,30,7,5
cust_2242,Company_2242,starter,299,2023-04-23,active,18,2,SaaS,3.9,9,3,1
cust_2243,Company_2243,starter,299,2023-04-01,active,13,3,Other,8.9,12,4,1
cust_2244,Company_2244,pro,1999,2023-01-01,active,23,2,Ecommerce,9.8,9,5,3
cust_2245,Company_2245,pro,1999,2023-01-10,active,10,5,Healthcare,5.3,18,6,0
cust_2246,Company_2246,starter,299,2023-01-11,churned,6,3,Other,7.0,24,6,0
cust_2247,Company_2247,growth,799,2023-06-10,active,7,4,Healthcare,2.9,22,3,3
cust_2248,Company_2248,growth,799,2023-12-03,active,7,5,Finance,4.4,8,3,3
cust_2249,Company_2249,enterprise,4999,2023-08-31,active,11,11,Finance,5.9,0,7,0
cust_2250,Company_2250,pro,1999,2023-06-28,active,18,5,Ecommerce,0.8,11,3,1
cust_2251,Company_2251,growth,799,2023-03-01,active,3,4,Ecommerce,0.9,18,6,2
cust_2252,Company_2252,pro,1999,2023-12-25,active,19,4,Ecommerce,4.9,23,3,5
cust_2253,Company_2253,growth,799,2023-11-15,active,24,2,SaaS,4.6,2,6,5
cust_2254,Company_2254,starter,299,2023-09-21,active,1,5,Finance,1.4,6,2,1
cust_2255,Company_2255,growth,799,2023-01-21,active,2,5,Ecommerce,7.2,5,2,5
cust_2256,Company_2256,starter,299,2023-03-19,active,4,2,SaaS,4.0,9,2,5
cust_2257,Company_2257,starter,299,2023-03-20,active,14,5,Healthcare,9.9,9,1,0
cust_2258,Company_2258,pro,1999,2023-02-26,active,17,5,Other,1.1,9,5,1
cust_2259,Company_2259,pro,1999,2023-12-11,churned,1,4,Ecommerce,5.9,16,8,3
cust_2260,Company_2260,growth,799,2023-09-03,active,8,5,Finance,7.9,30,7,5
cust_2261,Company_2261,growth,799,2023-07-24,active,24,1,Other,4.6,4,4,2
cust_2262,Company_2262,growth,799,2023-02-27,active,20,4,Ecommerce,2.2,6,3,0
cust_2263,Company_2263,starter,299,2023-02-02,active,2,5,Finance,5.6,25,2,2
cust_2264,Company_2264,pro,1999,2023-09-19,active,19,1,SaaS,5.0,19,8,1
cust_2265,Company_2265,pro,1999,2023-07-28,active,19,5,Finance,6.0,16,2,5
cust_2266,Company_2266,starter,299,2023-12-24,churned,7,5,SaaS,1.0,28,7,3
cust_2267,Company_2267,growth,799,2023-12-19,active,24,1,SaaS,0.6,29,4,5
cust_2268,Company_2268,starter,299,2023-06-22,active,7,2,SaaS,0.5,20,1,2
cust_2269,Company_2269,pro,1999,2023-05-19,active,8,2,Other,7.2,29,6,4
cust_2270,Company_2270,growth,799,2023-08-02,active,20,5,Other,1.1,14,7,4
cust_2271,Company_2271,growth,799,2023-03-25,active,15,2,Ecommerce,2.2,17,4,4
cust_2272,Company_2272,growth,799,2023-07-17,active,22,2,Ecommerce,8.2,13,2,4
cust_2273,Company_2273,starter,299,2023-02-28,active,21,4,Ecommerce,4.3,3,4,3
cust_2274,Company_2274,growth,799,2023-02-25,active,1,2,Ecommerce,6.8,25,3,1
cust_2275,Company_2275,enterprise,4999,2023-11-08,active,5,35,Other,7.4,7,6,1
cust_2276,Company_2276,growth,799,2023-11-04,active,24,5,Healthcare,3.6,30,1,3
cust_2277,Company_2277,enterprise,4999,2023-09-04,active,16,42,SaaS,4.5,20,6,4
cust_2278,Company_2278,starter,299,2023-11-22,active,18,3,Ecommerce,7.8,19,3,3
cust_2279,Company_2279,growth,799,2023-07-29,active,4,5,SaaS,3.8,18,7,4
cust_2280,Company_2280,pro,1999,2023-11-26,active,8,3,Finance,6.8,5,1,5
cust_2281,Company_2281,pro,1999,2023-03-19,active,23,3,Healthcare,5.6,24,3,4
cust_2282,Company_2282,pro,1999,2023-10-22,active,4,4,Ecommerce,3.4,16,3,2
cust_2283,Company_2283,starter,299,2023-11-05,active,9,1,Healthcare,7.5,28,3,4
cust_2284,Company_2284,pro,1999,2023-01-12,active,15,4,Ecommerce,7.8,13,7,4
cust_2285,Company_2285,enterprise,4999,2023-06-05,active,3,37,Other,4.3,0,1,4
cust_2286,Company_2286,pro,1999,2023-08-23,active,10,4,Finance,5.8,21,5,3
cust_2287,Company_2287,starter,299,2023-09-18,active,7,5,Finance,1.6,14,4,2
cust_2288,Company_2288,pro,1999,2023-09-23,active,21,4,Other,5.6,17,2,3
cust_2289,Company_2289,starter,299,2023-10-27,churned,18,3,Finance,0.6,19,3,5
cust_2290,Company_2290,growth,799,2023-07-21,active,1,2,SaaS,8.4,1,3,3
cust_2291,Company_2291,starter,299,2023-08-23,active,2,3,Other,6.2,1,1,4
cust_2292,Company_2292,starter,299,2023-10-01,active,9,1,Ecommerce,0.5,28,4,5
cust_2293,Company_2293,pro,1999,2023-06-18,active,16,5,Other,2.8,19,8,2
cust_2294,Company_2294,pro,1999,2023-02-24,active,18,2,SaaS,1.9,30,8,2
cust_2295,Company_2295,enterprise,4999,2023-01-25,active,1,44,Finance,7.3,24,7,0
cust_2296,Company_2296,growth,799,2023-11-02,active,12,1,Finance,4.2,3,5,4
cust_2297,Company_2297,starter,299,2023-08-13,active,18,3,Healthcare,4.8,1,8,5
cust_2298,Company_2298,enterprise,4999,2023-12-01,active,4,11,Healthcare,8.8,25,1,0
cust_2299,Company_2299,starter,299,2023-04-15,active,14,1,SaaS,2.7,29,5,2
cust_2300,Company_2300,enterprise,4999,2023-05-10,active,5,3,Healthcare,5.1,21,6,3
cust_2301,Company_2301,growth,799,2023-07-25,active,12,1,Healthcare,1.8,24,3,0
cust_2302,Company_2302,starter,299,2023-06-26,active,20,4,Ecommerce,3.5,13,3,1
cust_2303,Company_2303,enterprise,4999,2023-04-03,active,4,22,Ecommerce,2.5,20,5,3
cust_2304,Company_2304,pro,1999,2023-05-13,active,16,4,Finance,5.6,21,6,2
cust_2305,Company_2305,growth,799,2023-11-04,active,14,1,Ecommerce,5.6,10,1,3
cust_2306,Company_2306,pro,1999,2023-03-12,active,10,3,Ecommerce,1.5,22,1,0
cust_2307,Company_2307,pro,1999,2023-07-21,active,5,1,SaaS,9.3,24,8,1
cust_2308,Company_2308,enterprise,4999,2023-11-24,active,5,30,Healthcare,2.0,24,5,4
cust_2309,Company_2309,growth,799,2023-05-07,active,20,3,Finance,5.8,5,3,4
cust_2310,Company_2310,growth,799,2023-03-29,active,22,2,Finance,1.5,3,6,3
cust_2311,Company_2311,starter,299,2023-02-13,churned,15,3,SaaS,5.5,20,1,2
cust_2312,Company_2312,starter,299,2023-02-17,active,9,3,Finance,5.0,24,6,5
cust_2313,Company_2313,starter,299,2023-03-14,active,10,5,Finance,1.6,25,8,0
cust_2314,Company_2314,starter,299,2023-06-03,active,23,5,Healthcare,2.4,9,4,0
cust_2315,Company_2315,starter,299,2023-09-08,active,17,2,Ecommerce,1.7,6,7,0
cust_2316,Company_2316,pro,1999,2023-02-05,active,23,5,Other,9.8,13,1,4
cust_2317,Company_2317,growth,799,2023-10-01,active,6,5,SaaS,3.8,5,8,4
cust_2318,Company_2318,growth,799,2023-01-05,active,10,4,Ecommerce,3.5,2,6,1
cust_2319,Company_2319,starter,299,2023-12-21,active,10,2,Finance,7.4,15,1,0
cust_2320,Company_2320,growth,799,2023-02-24,active,12,4,Ecommerce,3.3,27,7,3
cust_2321,Company_2321,starter,299,2023-09-03,active,15,2,Other,8.2,18,2,2
cust_2322,Company_2322,starter,299,2023-07-22,active,5,5,Finance,8.9,20,7,2
cust_2323,Company_2323,enterprise,4999,2023-06-24,active,2,37,Other,8.0,22,1,0
cust_2324,Company_2324,starter,299,2023-11-01,active,18,2,Other,0.7,28,4,5
cust_2325,Company_2325,pro,1999,2023-03-25,active,4,5,Other,4.4,16,5,2
cust_2326,Company_2326,starter,299,2023-05-31,active,13,5,Other,3.3,24,8,4
cust_2327,Company_2327,starter,299,2023-03-29,active,18,3,Healthcare,3.6,22,6,4
cust_2328,Company_2328,starter,299,2023-09-23,churned,24,5,SaaS,2.2,2,8,5
cust_2329,Company_2329,growth,799,2023-10-03,active,20,1,Ecommerce,3.3,17,4,5
cust_2330,Company_2330,growth,799,2023-08-20,active,3,3,Other,5.5,29,5,2
cust_2331,Company_2331,pro,1999,2023-05-17,active,7,2,Other,10.0,16,2,0
cust_2332,Company_2332,starter,299,2023-04-22,churned,21,5,Other,3.7,13,2,0
cust_2333,Company_2333,growth,799,2023-11-09,active,16,1,Finance,9.5,10,1,0
cust_2334,Company_2334,pro,1999,2023-11-13,active,22,5,Ecommerce,8.4,14,8,4
cust_2335,Company_2335,starter,299,2023-06-11,active,5,4,Healthcare,6.1,7,6,0
cust_2336,Company_2336,growth,799,2023-12-03,active,11,5,SaaS,7.7,14,1,5
cust_2337,Company_2337,starter,299,2023-03-06,active,22,1,SaaS,6.0,25,2,0
cust_2338,Company_2338,starter,299,2023-09-30,active,5,4,Finance,1.8,27,6,2
cust_2339,Company_2339,starter,299,2023-08-07,active,2,5,Finance,8.4,25,2,4
cust_2340,Company_2340,pro,1999,2023-01-22,active,10,2,Finance,2.5,14,4,3
cust_2341,Company_2341,starter,299,2023-06-25,active,23,5,Healthcare,2.5,24,7,1
cust_2342,Company_2342,enterprise,4999,2023-02-10,active,7,33,Other,4.3,7,4,2
cust_2343,Company_2343,starter,299,2023-11-13,active,2,3,Other,3.6,27,7,0
cust_2344,Company_2344,starter,299,2023-05-30,active,15,1,Finance,8.7,26,7,1
cust_2345,Company_2345,growth,799,2023-10-18,active,6,1,SaaS,4.1,7,7,5
cust_2346,Company_2346,growth,799,2023-12-04,active,5,2,Healthcare,5.1,14,1,1
cust_2347,Company_2347,growth,799,2023-08-04,active,21,1,Finance,9.2,9,3,4
cust_2348,Company_2348,starter,299,2023-05-11,churned,9,4,SaaS,0.8,3,8,2
cust_2349,Company_2349,growth,799,2023-04-15,active,11,3,Healthcare,8.4,1,6,0
cust_2350,Company_2350,starter,299,2023-12-09,active,18,2,Healthcare,9.8,0,5,1
cust_2351,Company_2351,growth,799,2023-04-17,active,14,5,SaaS,3.0,8,5,3
cust_2352,Company_2352,starter,299,2023-10-24,active,8,2,SaaS,6.0,18,1,3
cust_2353,Company_2353,growth,799,2023-05-14,active,23,5,SaaS,5.9,5,5,4
cust_2354,Company_2354,growth,799,2023-05-19,active,11,3,SaaS,8.6,7,6,4
cust_2355,Company_2355,pro,1999,2023-08-21,active,5,1,Healthcare,3.0,6,1,5
cust_2356,Company_2356,enterprise,4999,2023-10-11,active,18,7,Healthcare,8.5,26,5,5
cust_2357,Company_2357,pro,1999,2023-01-18,active,7,2,Other,5.3,16,2,4
cust_2358,Company_2358,growth,799,2023-10-08,active,16,3,Other,2.6,7,4,3
cust_2359,Company_2359,starter,299,2023-09-01,churned,15,3,SaaS,2.7,0,1,4
cust_2360,Company_2360,enterprise,4999,2023-06-28,active,7,41,Healthcare,9.7,5,3,3
cust_2361,Company_2361,starter,299,2023-05-16,active,6,3,SaaS,6.7,5,4,0
cust_2362,Company_2362,growth,799,2023-12-01,active,12,2,SaaS,3.1,8,2,0
cust_2363,Company_2363,starter,299,2023-12-20,active,16,3,SaaS,5.9,5,5,2
cust_2364,Company_2364,enterprise,4999,2023-05-03,active,18,4,Other,5.1,19,5,0
cust_2365,Company_2365,enterprise,4999,2023-03-15,active,5,35,Healthcare,0.8,23,8,1
cust_2366,Company_2366,pro,1999,2023-05-11,active,19,2,Ecommerce,4.0,15,5,1
cust_2367,Company_2367,starter,299,2023-01-08,active,9,2,Ecommerce,4.5,3,1,0
cust_2368,Company_2368,starter,299,2023-07-15,active,17,4,Ecommerce,1.0,0,3,4
cust_2369,Company_2369,starter,299,2023-12-22,active,21,2,SaaS,0.8,10,4,3
cust_2370,Company_2370,pro,1999,2023-08-01,active,24,5,Finance,2.4,30,1,0
cust_2371,Company_2371,starter,299,2023-09-01,active,20,1,SaaS,5.2,4,6,4
cust_2372,Company_2372,enterprise,4999,2023-01-14,active,15,30,SaaS,2.3,24,1,5
cust_2373,Company_2373,growth,799,2023-03-24,active,3,5,Healthcare,5.9,23,8,0
cust_2374,Company_2374,growth,799,2023-09-11,active,5,1,Finance,3.5,29,5,5
cust_2375,Company_2375,growth,799,2023-02-27,active,16,2,Other,8.2,30,2,3
cust_2376,Company_2376,pro,1999,2023-08-21,active,9,4,SaaS,9.8,4,4,2
cust_2377,Company_2377,starter,299,2023-03-09,active,6,1,Healthcare,0.6,10,3,1
cust_2378,Company_2378,enterprise,4999,2023-05-19,active,3,47,SaaS,6.0,9,8,3
cust_2379,Company_2379,pro,1999,2023-07-12,churned,20,2,Healthcare,6.6,11,6,0
cust_2380,Company_2380,starter,299,2023-03-08,active,16,4,Other,8.3,23,1,5
cust_2381,Company_2381,starter,299,2023-06-26,active,23,5,Finance,1.6,1,3,0
cust_2382,Company_2382,starter,299,2023-12-08,active,4,5,Other,9.3,2,3,3
cust_2383,Company_2383,growth,799,2023-07-27,active,23,5,Other,8.9,8,8,4
cust_2384,Company_2384,growth,799,2023-09-21,active,22,2,Healthcare,4.1,1,1,4
cust_2385,Company_2385,growth,799,2023-06-09,active,15,5,Ecommerce,4.7,21,2,4
cust_2386,Company_2386,starter,299,2023-01-17,active,16,5,Ecommerce,1.3,9,1,0
cust_2387,Company_2387,growth,799,2023-09-28,active,7,2,Ecommerce,8.0,7,5,4
cust_2388,Company_2388,starter,299,2023-08-12,active,9,1,Other,2.0,7,7,2
cust_2389,Company_2389,starter,299,2023-04-06,active,5,1,Ecommerce,1.1,5,4,5
cust_2390,Company_2390,pro,1999,2023-12-18,active,24,1,Finance,9.1,0,4,1
cust_2391,Company_2391,starter,299,2023-01-11,active,1,4,Ecommerce,8.0,23,7,3
cust_2392,Company_2392,starter,299,2023-02-26,churned,20,5,Other,5.9,24,2,0
cust_2393,Company_2393,starter,299,2023-07-27,churned,1,1,Healthcare,5.9,23,3,1
cust_2394,Company_2394,starter,299,2023-09-11,active,7,5,Other,9.5,18,8,5
cust_2395,Company_2395,pro,1999,2023-01-23,churned,13,3,Finance,5.7,26,2,4
cust_2396,Company_2396,growth,799,2023-05-13,active,13,1,SaaS,9.3,26,5,5
cust_2397,Company_2397,starter,299,2023-08-11,active,4,2,Healthcare,1.3,3,2,2
cust_2398,Company_2398,starter,299,2023-11-06,active,18,3,Finance,5.3,24,5,1
cust_2399,Company_2399,enterprise,4999,2023-04-07,active,21,43,SaaS,1.1,6,6,1
cust_2400,Company_2400,starter,299,2023-07-30,active,1,4,Other,6.3,8,5,4
cust_2401,Company_2401,pro,1999,2023-05-20,active,13,2,SaaS,1.4,17,3,2
cust_2402,Company_2402,pro,1999,2023-01-09,active,5,5,SaaS,7.0,4,3,5
cust_2403,Company_2403,starter,299,2023-08-17,active,20,3,SaaS,1.9,28,7,1
cust_2404,Company_2404,starter,299,2023-06-27,active,17,4,Finance,7.0,28,3,3
cust_2405,Company_2405,starter,299,2023-07-03,active,21,4,Finance,2.0,29,4,2
cust_2406,Company_2406,enterprise,4999,2023-01-09,active,1,11,Other,1.4,24,3,4
cust_2407,Company_2407,pro,1999,2023-02-24,active,18,4,SaaS,6.5,25,6,2
cust_2408,Company_2408,growth,799,2023-05-27,active,22,4,SaaS,8.9,1,8,4
cust_2409,Company_2409,starter,299,2023-01-29,active,9,1,SaaS,1.3,17,4,4
cust_2410,Company_2410,starter,299,2023-02-14,churned,1,2,Ecommerce,9.8,4,7,0
cust_2411,Company_2411,starter,299,2023-03-06,active,1,3,Other,7.3,0,8,5
cust_2412,Company_2412,growth,799,2023-06-16,active,8,3,Finance,4.1,1,5,5
cust_2413,Company_2413,starter,299,2023-03-15,active,15,2,Finance,4.1,30,1,0
cust_2414,Company_2414,growth,799,2023-06-20,churned,8,4,Ecommerce,9.7,9,8,1
cust_2415,Company_2415,starter,299,2023-06-29,active,18,1,Healthcare,10.0,17,3,1
cust_2416,Company_2416,enterprise,4999,2023-02-21,active,24,30,Ecommerce,4.2,0,7,3
cust_2417,Company_2417,pro,1999,2023-07-18,active,12,4,Ecommerce,8.6,8,2,4
cust_2418,Company_2418,pro,1999,2023-07-29,active,18,3,Other,3.3,14,2,5
cust_2419,Company_2419,starter,299,2023-01-31,active,21,1,SaaS,4.4,29,2,4
cust_2420,Company_2420,starter,299,2023-10-17,active,16,2,Ecommerce,2.7,27,5,1
cust_2421,Company_2421,starter,299,2023-06-07,active,24,4,Other,1.9,3,3,0
cust_2422,Company_2422,starter,299,2023-11-23,active,14,5,Finance,2.1,8,3,0
cust_2423,Company_2423,enterprise,4999,2023-12-04,active,23,19,SaaS,7.8,3,8,1
cust_2424,Company_2424,growth,799,2023-02-11,active,17,2,SaaS,8.6,13,4,2
cust_2425,Company_2425,starter,299,2023-12-13,active,19,5,Other,8.2,23,2,4
cust_2426,Company_2426,growth,799,2023-10-28,active,14,4,Healthcare,3.0,24,1,2
cust_2427,Company_2427,pro,1999,2023-02-21,active,2,2,Finance,3.5,21,5,0
cust_2428,Company_2428,pro,1999,2023-04-06,active,8,1,Healthcare,1.0,19,7,0
cust_2429,Company_2429,pro,1999,2023-05-03,active,16,5,Healthcare,1.0,1,4,1
cust_2430,Company_2430,starter,299,2023-12-24,churned,7,4,Other,8.4,19,1,0
cust_2431,Company_2431,starter,299,2023-05-22,active,2,2,Finance,9.2,15,2,1
cust_2432,Company_2432,starter,299,2023-12-20,active,16,5,Healthcare,7.7,17,7,0
cust_2433,Company_2433,pro,1999,2023-02-23,active,21,2,Finance,7.0,19,1,5
cust_2434,Company_2434,growth,799,2023-02-20,active,19,4,Other,3.6,11,1,5
cust_2435,Company_2435,starter,299,2023-04-16,active,15,3,Other,2.1,3,1,3
cust_2436,Company_2436,enterprise,4999,2023-10-13,active,17,29,Other,7.6,15,3,3
cust_2437,Company_2437,growth,799,2023-01-29,active,23,1,Healthcare,1.5,0,2,4
cust_2438,Company_2438,growth,799,2023-03-21,active,5,5,Other,6.5,12,5,3
cust_2439,Company_2439,growth,799,2023-03-03,active,18,3,Ecommerce,0.9,28,7,4
cust_2440,Company_2440,pro,1999,2023-01-04,active,6,5,SaaS,6.9,22,6,2
cust_2441,Company_2441,growth,799,2023-09-14,churned,2,3,Finance,2.3,24,3,1
cust_2442,Company_2442,pro,1999,2023-04-06,active,6,1,Healthcare,6.1,25,7,4
cust_2443,Company_2443,growth,799,2023-07-15,active,18,4,Finance,4.3,15,1,3
cust_2444,Company_2444,pro,1999,2023-12-16,active,22,4,Other,7.1,7,6,5
cust_2445,Company_2445,pro,1999,2023-03-14,active,3,1,Healthcare,9.0,26,3,3
cust_2446,Company_2446,starter,299,2023-09-03,active,1,3,SaaS,9.8,30,5,1
cust_2447,Company_2447,starter,299,2023-04-19,active,23,1,Other,5.6,7,3,2
cust_2448,Company_2448,growth,799,2023-05-30,churned,17,1,SaaS,3.4,3,7,4
cust_2449,Company_2449,pro,1999,2023-02-08,active,1,2,SaaS,1.9,11,2,3
cust_2450,Company_2450,growth,799,2023-07-06,active,23,4,Finance,4.3,25,4,1
cust_2451,Company_2451,growth,799,2023-11-11,active,11,5,SaaS,1.4,10,1,0
cust_2452,Company_2452,pro,1999,2023-05-22,active,16,2,Healthcare,5.3,25,7,0
cust_2453,Company_2453,starter,299,2023-05-07,active,18,1,Ecommerce,5.7,2,8,3
cust_2454,Company_2454,starter,299,2023-02-20,active,5,3,Other,5.2,3,6,2
cust_2455,Company_2455,starter,299,2023-07-12,churned,21,5,Healthcare,2.0,23,7,0
cust_2456,Company_2456,starter,299,2023-05-30,active,14,3,Finance,4.5,14,8,1
cust_2457,Company_2457,starter,299,2023-02-03,churned,15,4,Ecommerce,1.1,16,8,0
cust_2458,Company_2458,starter,299,2023-05-15,active,21,2,Healthcare,6.8,1,4,0
cust_2459,Company_2459,growth,799,2023-06-07,active,8,2,Healthcare,3.3,2,5,4
cust_2460,Company_2460,pro,1999,2023-12-28,active,15,4,SaaS,2.0,5,6,2
cust_2461,Company_2461,pro,1999,2023-07-21,active,22,2,Healthcare,2.3,16,5,0
cust_2462,Company_2462,growth,799,2023-08-08,active,9,4,Healthcare,7.0,4,8,0
cust_2463,Company_2463,pro,1999,2023-12-28,active,7,2,Other,9.7,12,8,3
cust_2464,Company_2464,growth,799,2023-07-03,active,20,5,Healthcare,7.4,26,8,4
cust_2465,Company_2465,starter,299,2023-12-10,churned,23,3,Other,9.2,16,7,4
cust_2466,Company_2466,growth,799,2023-04-01,active,2,3,Ecommerce,3.0,11,1,5
cust_2467,Company_2467,growth,799,2023-11-06,active,5,5,Healthcare,7.6,30,6,4
cust_2468,Company_2468,pro,1999,2023-08-08,active,9,3,Ecommerce,7.0,23,6,3
cust_2469,Company_2469,growth,799,2023-08-31,active,17,4,Healthcare,7.3,11,5,1
cust_2470,Company_2470,growth,799,2023-02-09,active,19,1,Ecommerce,8.4,16,5,1
cust_2471,Company_2471,pro,1999,2023-09-02,active,7,2,Healthcare,7.4,5,1,5
cust_2472,Company_2472,starter,299,2023-11-26,active,5,1,SaaS,8.4,26,6,5
cust_2473,Company_2473,pro,1999,2023-08-07,active,20,4,SaaS,4.5,1,5,1
cust_2474,Company_2474,growth,799,2023-10-06,active,12,3,Other,4.3,17,4,0
cust_2475,Company_2475,starter,299,2023-02-23,active,14,1,Ecommerce,6.1,25,3,1
cust_2476,Company_2476,starter,299,2023-04-03,active,24,5,Other,0.6,28,5,1
cust_2477,Company_2477,growth,799,2023-05-18,active,16,1,Healthcare,5.7,27,2,3
cust_2478,Company_2478,growth,799,2023-01-10,active,7,1,Healthcare,9.3,14,1,2
cust_2479,Company_2479,growth,799,2023-01-17,active,10,2,Ecommerce,4.4,14,3,2
cust_2480,Company_2480,enterprise,4999,2023-07-12,active,19,8,Healthcare,2.0,8,8,3
cust_2481,Company_2481,enterprise,4999,2023-10-12,active,1,37,SaaS,7.5,24,6,2
cust_2482,Company_2482,starter,299,2023-06-29,active,20,5,Finance,1.5,19,4,5
cust_2483,Company_2483,growth,799,2023-03-07,active,15,4,Ecommerce,5.6,2,3,4
cust_2484,Company_2484,starter,299,2023-07-18,active,8,1,Finance,9.8,18,7,0
cust_2485,Company_2485,starter,299,2023-08-09,active,23,4,Finance,8.3,14,3,4
cust_2486,Company_2486,growth,799,2023-07-02,active,7,3,Other,7.6,18,6,0
cust_2487,Company_2487,growth,799,2023-01-01,active,17,4,Finance,8.3,13,8,2
cust_2488,Company_2488,pro,1999,2023-01-12,churned,6,1,SaaS,5.9,26,3,4
cust_2489,Company_2489,starter,299,2023-04-06,active,3,3,Ecommerce,6.4,8,5,4
cust_2490,Company_2490,growth,799,2023-01-18,active,19,2,Finance,9.6,7,4,1
cust_2491,Company_2491,starter,299,2023-03-27,active,8,1,Ecommerce,8.2,28,6,2
cust_2492,Company_2492,pro,1999,2023-01-31,active,4,2,Finance,3.2,25,1,1
cust_2493,Company_2493,pro,1999,2023-10-25,active,17,5,Finance,7.1,6,4,1
cust_2494,Company_2494,starter,299,2023-03-25,active,10,4,Ecommerce,6.1,4,1,4
cust_2495,Company_2495,starter,299,2023-10-16,active,24,2,SaaS,1.7,30,5,2
cust_2496,Company_2496,starter,299,2023-10-24,active,2,3,Other,4.2,29,3,0
cust_2497,Company_2497,starter,299,2023-05-05,active,16,1,Healthcare,4.9,18,6,2
cust_2498,Company_2498,starter,299,2023-01-08,active,13,3,SaaS,5.9,28,8,2
cust_2499,Company_2499,growth,799,2023-02-20,active,19,4,Healthcare,1.2,7,2,3
cust_2500,Company_2500,starter,299,2023-07-25,active,5,3,Healthcare,3.5,21,7,2
cust_2501,Company_2501,starter,299,2023-03-14,churned,23,5,Healthcare,1.6,25,4,0
cust_2502,Company_2502,starter,299,2023-10-31,active,6,5,Finance,3.5,4,5,0
cust_2503,Company_2503,starter,299,2023-12-28,churned,4,2,Finance,3.9,10,2,2
cust_2504,Company_2504,starter,299,2023-03-13,active,4,1,Finance,2.8,26,1,4
cust_2505,Company_2505,pro,1999,2023-09-06,active,19,2,Finance,4.9,4,6,5
cust_2506,Company_2506,pro,1999,2023-03-09,active,5,5,Other,2.7,26,5,5
cust_2507,Company_2507,pro,1999,2023-06-14,active,23,1,Other,2.2,29,1,2
cust_2508,Company_2508,pro,1999,2023-09-05,churned,16,4,Healthcare,8.4,6,4,1
cust_2509,Company_2509,pro,1999,2023-10-29,active,19,4,Finance,1.4,27,1,1
cust_2510,Company_2510,starter,299,2023-10-05,active,22,4,Finance,1.0,16,6,5
cust_2511,Company_2511,growth,799,2023-07-03,active,24,2,Other,2.1,24,6,5
cust_2512,Company_2512,growth,799,2023-09-02,active,5,2,SaaS,7.5,8,7,3
cust_2513,Company_2513,starter,299,2023-10-27,active,6,2,Finance,7.5,2,7,1
cust_2514,Company_2514,growth,799,2023-03-30,active,6,1,SaaS,5.6,11,7,1
cust_2515,Company_2515,pro,1999,2023-06-03,active,15,4,Ecommerce,6.1,8,3,5
cust_2516,Company_2516,starter,299,2023-03-28,active,6,3,SaaS,3.2,18,3,4
cust_2517,Company_2517,starter,299,2023-01-07,active,20,4,Healthcare,2.1,22,8,0
cust_2518,Company_2518,starter,299,2023-07-24,active,1,3,SaaS,9.6,11,7,1
cust_2519,Company_2519,starter,299,2023-09-02,active,10,1,Ecommerce,6.3,1,2,4
cust_2520,Company_2520,starter,299,2023-07-09,active,7,2,Ecommerce,2.0,26,8,0
cust_2521,Company_2521,starter,299,2023-10-31,active,8,1,SaaS,4.5,0,3,3
cust_2522,Company_2522,growth,799,2023-01-20,active,11,4,SaaS,9.3,23,7,0
cust_2523,Company_2523,growth,799,2023-08-12,active,5,2,Other,7.3,11,1,0
cust_2524,Company_2524,growth,799,2023-04-27,active,15,3,Healthcare,1.4,26,7,5
cust_2525,Company_2525,starter,299,2023-04-25,churned,22,2,Healthcare,1.6,20,5,2
cust_2526,Company_2526,pro,1999,2023-08-11,active,10,2,SaaS,4.2,8,5,0
cust_2527,Company_2527,enterprise,4999,2023-04-11,active,15,31,Healthcare,5.5,15,7,0
cust_2528,Company_2528,growth,799,2023-12-21,active,7,5,Finance,2.2,1,5,3
cust_2529,Company_2529,pro,1999,2023-08-31,active,11,1,Other,5.7,0,2,3
cust_2530,Company_2530,growth,799,2023-10-17,active,7,2,SaaS,8.9,9,4,3
cust_2531,Company_2531,starter,299,2023-05-17,active,3,2,Ecommerce,3.1,13,6,1
cust_2532,Company_2532,growth,799,2023-07-19,active,19,5,SaaS,2.1,27,5,4
cust_2533,Company_2533,starter,299,2023-04-26,active,13,2,Healthcare,5.8,1,5,5
cust_2534,Company_2534,growth,799,2023-04-12,active,17,3,SaaS,6.7,30,1,4
cust_2535,Company_2535,starter,299,2023-09-14,active,11,3,Healthcare,7.5,8,3,0
cust_2536,Company_2536,starter,299,2023-05-23,active,8,5,Other,0.7,25,1,4
cust_2537,Company_2537,pro,1999,2023-09-02,active,18,4,SaaS,3.4,27,7,5
cust_2538,Company_2538,starter,299,2023-04-24,active,15,5,Finance,3.1,14,1,3
cust_2539,Company_2539,pro,1999,2023-02-12,active,18,3,Healthcare,2.9,13,8,1
cust_2540,Company_2540,growth,799,2023-07-18,active,8,1,Finance,6.8,28,2,4
cust_2541,Company_2541,starter,299,2023-09-22,active,24,1,SaaS,1.9,15,3,4
cust_2542,Company_2542,pro,1999,2023-01-06,active,17,1,Healthcare,6.7,26,7,0
cust_2543,Company_2543,starter,299,2023-05-01,active,12,4,SaaS,3.7,1,4,5
cust_2544,Company_2544,starter,299,2023-05-17,active,14,2,Ecommerce,0.8,15,8,5
cust_2545,Company_2545,starter,299,2023-07-27,active,16,1,Other,9.4,5,3,3
cust_2546,Company_2546,growth,799,2023-09-01,active,19,1,Other,0.7,16,8,4
cust_2547,Company_2547,growth,799,2023-08-09,active,11,3,Other,8.2,1,7,3
cust_2548,Company_2548,pro,1999,2023-10-21,active,14,2,Other,7.1,27,8,3
cust_2549,Company_2549,starter,299,2023-06-11,active,21,1,Finance,5.9,4,2,5
cust_2550,Company_2550,growth,799,2023-05-15,active,21,4,SaaS,5.7,12,8,0
cust_2551,Company_2551,growth,799,2023-04-16,active,6,1,Healthcare,7.7,18,1,3
cust_2552,Company_2552,starter,299,2023-10-25,active,19,5,Other,1.3,18,3,3
cust_2553,Company_2553,starter,299,2023-03-20,active,14,2,Ecommerce,4.9,14,1,4
cust_2554,Company_2554,growth,799,2023-06-07,active,20,4,Other,3.3,0,4,5
cust_2555,Company_2555,growth,799,2023-10-02,active,22,2,SaaS,6.9,7,6,2
cust_2556,Company_2556,growth,799,2023-11-24,active,20,1,Finance,3.9,18,7,3
cust_2557,Company_2557,starter,299,2023-07-14,active,20,5,Finance,8.3,14,4,0
cust_2558,Company_2558,starter,299,2023-11-07,active,17,3,Ecommerce,5.8,16,5,5
cust_2559,Company_2559,pro,1999,2023-01-28,active,23,1,Healthcare,7.4,3,7,3
cust_2560,Company_2560,growth,799,2023-01-03,active,13,3,Ecommerce,6.9,10,1,0
cust_2561,Company_2561,starter,299,2023-05-10,active,19,2,Other,1.4,0,4,3
cust_2562,Company_2562,pro,1999,2023-02-28,active,16,5,Ecommerce,4.4,9,1,3
cust_2563,Company_2563,pro,1999,2023-04-15,active,1,5,SaaS,5.4,28,2,3
cust_2564,Company_2564,starter,299,2023-03-18,active,17,4,Other,2.2,27,5,2
cust_2565,Company_2565,pro,1999,2023-06-17,active,1,1,Healthcare,1.9,16,6,4
cust_2566,Company_2566,starter,299,2023-11-28,active,15,1,SaaS,4.5,0,7,4
cust_2567,Company_2567,growth,799,2023-11-04,active,13,2,Healthcare,4.4,4,1,4
cust_2568,Company_2568,starter,299,2023-03-10,active,1,1,Healthcare,1.0,24,3,3
cust_2569,Company_2569,starter,299,2023-05-16,active,9,3,Other,4.1,20,3,5
cust_2570,Company_2570,starter,299,2023-09-25,active,22,4,SaaS,1.3,0,5,5
cust_2571,Company_2571,enterprise,4999,2023-03-15,active,10,24,Ecommerce,4.4,0,2,1
cust_2572,Company_2572,enterprise,4999,2023-08-23,active,12,12,Other,9.1,18,8,3
cust_2573,Company_2573,pro,1999,2023-12-27,active,2,4,Healthcare,0.5,29,5,1
cust_2574,Company_2574,starter,299,2023-03-10,active,23,3,Finance,2.6,24,7,2
cust_2575,Company_2575,growth,799,2023-02-10,active,23,4,Finance,7.9,8,1,1
cust_2576,Company_2576,pro,1999,2023-12-26,active,9,5,Other,1.9,11,8,3
cust_2577,Company_2577,starter,299,2023-07-09,active,9,4,Healthcare,1.9,6,3,1
cust_2578,Company_2578,growth,799,2023-07-15,active,13,5,Other,9.7,13,5,4
cust_2579,Company_2579,starter,299,2023-07-10,active,19,4,Ecommerce,1.8,1,5,1
cust_2580,Company_2580,growth,799,2023-07-18,active,6,4,Other,6.4,0,7,3
cust_2581,Company_2581,starter,299,2023-08-21,active,19,2,Ecommerce,9.0,12,3,4
cust_2582,Company_2582,enterprise,4999,2023-11-05,active,24,14,Finance,7.6,23,8,3
cust_2583,Company_2583,growth,799,2023-08-26,active,23,5,Ecommerce,4.0,24,7,0
cust_2584,Company_2584,starter,299,2023-05-07,active,9,1,Other,9.5,25,5,4
cust_2585,Company_2585,pro,1999,2023-02-18,active,11,5,Ecommerce,9.8,19,2,1
cust_2586,Company_2586,enterprise,4999,2023-07-26,churned,1,5,Finance,3.3,20,8,3
cust_2587,Company_2587,starter,299,2023-11-12,active,24,1,Finance,7.5,21,4,0
cust_2588,Company_2588,pro,1999,2023-10-16,active,3,1,SaaS,2.4,25,8,2
cust_2589,Company_2589,starter,299,2023-11-22,active,18,1,Other,6.3,13,6,5
cust_2590,Company_2590,starter,299,2023-03-23,active,24,2,Finance,9.1,10,3,0
cust_2591,Company_2591,growth,799,2023-04-30,active,11,1,Other,9.4,13,7,4
cust_2592,Company_2592,enterprise,4999,2023-02-22,active,20,36,Other,4.3,29,1,5
cust_2593,Company_2593,enterprise,4999,2023-07-09,active,13,1,SaaS,5.0,11,4,5
cust_2594,Company_2594,enterprise,4999,2023-08-18,active,20,7,Other,4.6,10,8,1
cust_2595,Company_2595,pro,1999,2023-11-30,active,24,3,SaaS,3.4,25,5,3
cust_2596,Company_2596,starter,299,2023-12-30,active,6,1,Ecommerce,5.1,19,6,3
cust_2597,Company_2597,starter,299,2023-01-27,active,16,2,Ecommerce,1.2,11,1,1
cust_2598,Company_2598,growth,799,2023-10-22,active,22,1,Ecommerce,7.1,26,2,4
cust_2599,Company_2599,starter,299,2023-09-05,active,7,1,Ecommerce,3.3,5,5,2
cust_2600,Company_2600,starter,299,2023-08-18,active,10,1,Finance,5.2,0,8,5
cust_2601,Company_2601,enterprise,4999,2023-08-01,active,5,21,SaaS,9.3,28,1,5
cust_2602,Company_2602,pro,1999,2023-07-31,active,11,5,SaaS,8.0,20,1,5
cust_2603,Company_2603,growth,799,2023-07-02,active,3,2,Ecommerce,8.7,18,6,0
cust_2604,Company_2604,starter,299,2023-07-16,active,7,1,Other,8.2,17,6,4
cust_2605,Company_2605,starter,299,2023-06-27,active,18,1,Finance,9.0,14,5,2
cust_2606,Company_2606,pro,1999,2023-11-14,active,13,2,Other,6.8,29,7,0
cust_2607,Company_2607,growth,799,2023-08-31,churned,1,1,Other,2.8,26,1,5
cust_2608,Company_2608,starter,299,2023-06-09,active,4,1,Ecommerce,6.2,25,3,1
cust_2609,Company_2609,starter,299,2023-10-04,active,1,5,Healthcare,4.2,5,1,1
cust_2610,Company_2610,growth,799,2023-10-06,active,18,3,SaaS,6.8,17,1,1
cust_2611,Company_2611,starter,299,2023-03-22,active,20,1,Healthcare,3.2,13,4,1
cust_2612,Company_2612,pro,1999,2023-06-25,active,24,2,SaaS,9.4,19,8,2
cust_2613,Company_2613,starter,299,2023-01-11,active,17,1,Healthcare,5.1,16,8,0
cust_2614,Company_2614,growth,799,2023-01-22,active,22,5,Other,1.4,26,5,1
cust_2615,Company_2615,starter,299,2023-04-13,active,22,2,Healthcare,4.1,3,6,4
cust_2616,Company_2616,starter,299,2023-06-23,churned,18,2,Healthcare,2.8,21,2,0
cust_2617,Company_2617,growth,799,2023-07-26,active,2,4,Ecommerce,1.9,10,4,4
cust_2618,Company_2618,enterprise,4999,2023-12-14,active,1,18,Finance,7.3,9,8,5
cust_2619,Company_2619,growth,799,2023-01-30,active,18,2,Ecommerce,1.3,24,2,2
cust_2620,Company_2620,starter,299,2023-02-07,active,20,2,Other,3.1,28,8,3
cust_2621,Company_2621,enterprise,4999,2023-03-09,active,14,21,Other,4.1,0,6,1
cust_2622,Company_2622,enterprise,4999,2023-03-12,active,24,48,Other,3.4,4,6,3
cust_2623,Company_2623,pro,1999,2023-08-18,active,1,4,Other,4.3,10,1,3
cust_2624,Company_2624,starter,299,2023-07-22,active,13,1,Finance,0.9,23,2,5
cust_2625,Company_2625,growth,799,2023-05-17,active,1,5,SaaS,0.6,6,1,4
cust_2626,Company_2626,starter,299,2023-03-26,active,2,2,SaaS,1.9,4,1,4
cust_2627,Company_2627,starter,299,2023-03-22,active,23,4,Finance,5.9,22,6,1
cust_2628,Company_2628,pro,1999,2023-10-22,active,21,4,SaaS,1.0,22,7,0
cust_2629,Company_2629,starter,299,2023-08-26,active,12,4,Finance,6.8,8,5,5
cust_2630,Company_2630,growth,799,2023-03-12,active,2,5,Other,3.2,9,6,1
cust_2631,Company_2631,growth,799,2023-03-05,churned,18,5,SaaS,7.3,19,7,2
cust_2632,Company_2632,growth,799,2023-09-29,active,7,3,Finance,4.3,12,3,1
cust_2633,Company_2633,growth,799,2023-12-18,active,12,4,Other,5.2,10,7,3
cust_2634,Company_2634,starter,299,2023-07-29,active,4,2,Finance,5.6,0,8,0
cust_2635,Company_2635,starter,299,2023-11-24,active,5,4,SaaS,1.7,11,2,2
cust_2636,Company_2636,growth,799,2023-01-14,active,3,2,SaaS,1.1,7,2,3
cust_2637,Company_2637,growth,799,2023-02-18,active,11,3,Other,4.7,1,6,1
cust_2638,Company_2638,starter,299,2023-06-04,active,3,5,Finance,3.4,18,5,0
cust_2639,Company_2639,pro,1999,2023-05-16,active,24,2,SaaS,7.0,10,8,4
cust_2640,Company_2640,starter,299,2023-08-24,active,4,1,Other,6.6,17,7,3
cust_2641,Company_2641,enterprise,4999,2023-06-03,active,23,14,Healthcare,3.6,28,2,4
cust_2642,Company_2642,starter,299,2023-06-15,active,23,3,Other,4.9,17,1,2
cust_2643,Company_2643,growth,799,2023-01-26,active,6,4,Healthcare,8.1,2,5,1
cust_2644,Company_2644,pro,1999,2023-11-25,active,4,2,SaaS,6.2,13,8,1
cust_2645,Company_2645,starter,299,2023-03-15,active,23,4,Ecommerce,8.0,4,4,4
cust_2646,Company_2646,enterprise,4999,2023-07-27,active,10,12,Other,9.3,10,4,1
cust_2647,Company_2647,pro,1999,2023-08-24,active,13,5,Ecommerce,3.0,14,8,1
cust_2648,Company_2648,growth,799,2023-12-30,active,6,5,Finance,6.7,1,3,1
cust_2649,Company_2649,growth,799,2023-01-12,active,19,1,SaaS,4.5,6,4,1
cust_2650,Company_2650,growth,799,2023-05-31,active,5,3,Healthcare,6.8,19,3,4
cust_2651,Company_2651,starter,299,2023-12-11,active,16,3,SaaS,3.6,8,6,1
cust_2652,Company_2652,pro,1999,2023-01-30,active,15,5,Other,6.4,6,4,0
cust_2653,Company_2653,starter,299,2023-07-21,active,10,2,Ecommerce,2.3,24,7,5
cust_2654,Company_2654,pro,1999,2023-03-19,active,5,4,Healthcare,2.6,30,2,3
cust_2655,Company_2655,pro,1999,2023-09-17,active,23,4,Healthcare,9.3,23,8,0
cust_2656,Company_2656,enterprise,4999,2023-08-15,active,1,24,SaaS,2.8,25,1,2
cust_2657,Company_2657,growth,799,2023-03-28,active,20,3,Ecommerce,6.5,2,1,5
cust_2658,Company_2658,growth,799,2023-12-29,active,10,2,Healthcare,3.1,21,7,3
cust_2659,Company_2659,pro,1999,2023-07-07,active,17,4,Healthcare,1.8,18,1,3
cust_2660,Company_2660,pro,1999,2023-01-08,active,2,4,Ecommerce,8.1,21,6,5
cust_2661,Company_2661,pro,1999,2023-07-26,active,9,1,Finance,5.9,8,6,4
cust_2662,Company_2662,growth,799,2023-10-28,active,7,2,Other,7.1,18,8,5
cust_2663,Company_2663,growth,799,2023-10-05,active,23,5,SaaS,2.9,29,7,0
cust_2664,Company_2664,growth,799,2023-11-14,active,11,1,Finance,6.2,25,4,1
cust_2665,Company_2665,pro,1999,2023-08-12,active,10,2,Ecommerce,9.8,8,7,0
cust_2666,Company_2666,starter,299,2023-03-22,active,23,5,SaaS,6.8,29,2,2
cust_2667,Company_2667,growth,799,2023-10-15,active,11,1,SaaS,7.1,5,8,3
cust_2668,Company_2668,pro,1999,2023-03-25,active,5,5,Other,7.2,9,8,2
cust_2669,Company_2669,starter,299,2023-11-23,active,6,4,Other,7.1,2,3,1
cust_2670,Company_2670,starter,299,2023-09-27,active,21,4,SaaS,3.6,17,5,0
cust_2671,Company_2671,starter,299,2023-01-26,active,13,2,Finance,6.0,11,7,2
cust_2672,Company_2672,growth,799,2023-10-22,active,20,3,Healthcare,0.7,21,6,4
cust_2673,Company_2673,growth,799,2023-08-16,active,20,4,Ecommerce,8.9,17,4,0
cust_2674,Company_2674,pro,1999,2023-08-16,active,5,1,SaaS,8.5,1,3,3
cust_2675,Company_2675,starter,299,2023-07-25,churned,5,4,Finance,3.9,10,8,5
cust_2676,Company_2676,growth,799,2023-05-23,active,11,5,Healthcare,3.6,24,6,3
cust_2677,Company_2677,starter,299,2023-03-30,active,9,3,SaaS,0.6,12,8,2
cust_2678,Company_2678,growth,799,2023-08-01,active,17,3,SaaS,3.9,13,7,2
cust_2679,Company_2679,starter,299,2023-02-24,active,5,3,Finance,3.0,24,8,2
cust_2680,Company_2680,starter,299,2023-04-14,active,7,5,Healthcare,0.7,24,4,2
cust_2681,Company_2681,pro,1999,2023-01-22,active,24,1,Ecommerce,4.4,1,5,2
cust_2682,Company_2682,starter,299,2023-04-19,active,17,1,Ecommerce,0.9,22,6,5
cust_2683,Company_2683,starter,299,2023-11-10,active,24,1,Other,7.9,8,2,1
cust_2684,Company_2684,starter,299,2023-10-24,active,1,4,SaaS,8.3,15,8,4
cust_2685,Company_2685,pro,1999,2023-03-11,active,9,2,Other,3.1,6,6,3
cust_2686,Company_2686,growth,799,2023-09-27,active,1,1,Healthcare,2.4,24,7,5
cust_2687,Company_2687,growth,799,2023-09-18,active,1,4,Ecommerce,5.9,21,1,2
cust_2688,Company_2688,growth,799,2023-11-18,churned,18,4,SaaS,2.1,19,5,2
cust_2689,Company_2689,starter,299,2023-01-23,active,8,3,Other,6.2,24,3,2
cust_2690,Company_2690,growth,799,2023-11-09,active,1,3,Ecommerce,0.9,3,8,5
cust_2691,Company_2691,growth,799,2023-05-27,active,18,3,Other,4.0,30,2,5
cust_2692,Company_2692,starter,299,2023-09-20,active,14,5,Ecommerce,2.4,16,3,4
cust_2693,Company_2693,starter,299,2023-11-25,active,17,5,Finance,1.5,13,3,1
cust_2694,Company_2694,growth,799,2023-04-23,active,6,4,SaaS,7.5,11,7,5
cust_2695,Company_2695,growth,799,2023-05-24,active,6,4,Finance,9.3,6,2,3
cust_2696,Company_2696,starter,299,2023-01-02,active,13,5,Ecommerce,6.7,20,2,2
cust_2697,Company_2697,starter,299,2023-09-29,active,3,5,Ecommerce,3.3,4,7,2
cust_2698,Company_2698,pro,1999,2023-10-16,active,10,5,Other,8.4,29,7,1
cust_2699,Company_2699,starter,299,2023-08-24,churned,24,4,SaaS,4.8,16,1,1
cust_2700,Company_2700,pro,1999,2023-04-27,active,16,5,SaaS,0.8,26,7,2
cust_2701,Company_2701,pro,1999,2024-01-01,active,18,4,SaaS,6.9,17,5,3
cust_2702,Company_2702,enterprise,4999,2023-10-25,active,11,5,Healthcare,4.5,10,6,1
cust_2703,Company_2703,growth,799,2023-02-09,active,18,1,Healthcare,7.6,14,2,2
cust_2704,Company_2704,growth,799,2023-06-14,active,16,5,Other,3.4,16,7,1
cust_2705,Company_2705,growth,799,2023-10-09,active,7,5,Other,4.7,6,1,1
cust_2706,Company_2706,enterprise,4999,2023-12-17,active,16,10,Ecommerce,6.1,21,2,1
cust_2707,Company_2707,starter,299,2023-11-20,active,22,3,SaaS,5.7,25,2,1
cust_2708,Company_2708,enterprise,4999,2023-11-28,active,18,25,SaaS,5.4,4,1,5
cust_2709,Company_2709,pro,1999,2023-01-04,active,13,5,SaaS,8.8,1,8,4
cust_2710,Company_2710,starter,299,2023-09-04,active,5,2,Healthcare,5.8,28,4,1
cust_2711,Company_2711,starter,299,2023-12-28,active,17,4,Finance,6.3,14,1,1
cust_2712,Company_2712,pro,1999,2023-01-23,active,14,4,Other,6.3,27,4,1
cust_2713,Company_2713,starter,299,2023-12-20,churned,15,4,Healthcare,2.7,3,3,5
cust_2714,Company_2714,pro,1999,2023-04-22,active,4,3,SaaS,7.0,24,6,3
cust_2715,Company_2715,growth,799,2023-01-17,active,12,1,Other,5.0,19,4,4
cust_2716,Company_2716,starter,299,2023-05-24,churned,9,3,Other,5.6,3,2,2
cust_2717,Company_2717,starter,299,2023-09-05,active,2,1,Ecommerce,9.4,20,6,0
cust_2718,Company_2718,starter,299,2023-10-02,churned,15,4,Other,6.2,23,1,4
cust_2719,Company_2719,growth,799,2023-08-19,active,20,1,Ecommerce,2.7,9,5,2
cust_2720,Company_2720,growth,799,2023-05-30,active,9,4,Other,8.2,0,4,3
cust_2721,Company_2721,pro,1999,2023-08-07,active,10,1,Healthcare,2.6,4,6,3
cust_2722,Company_2722,starter,299,2023-09-13,active,17,1,Finance,6.0,15,6,3
cust_2723,Company_2723,pro,1999,2023-03-24,active,20,2,Healthcare,2.7,16,7,4
cust_2724,Company_2724,pro,1999,2023-04-17,churned,23,5,SaaS,3.6,11,5,5
cust_2725,Company_2725,starter,299,2023-04-27,active,8,1,Healthcare,8.6,23,6,0
cust_2726,Company_2726,growth,799,2023-11-17,active,24,2,Other,4.6,12,1,3
cust_2727,Company_2727,enterprise,4999,2023-06-03,active,10,31,Finance,4.2,23,2,2
cust_2728,Company_2728,pro,1999,2023-10-21,active,12,1,Healthcare,3.0,29,2,3
cust_2729,Company_2729,starter,299,2023-01-02,churned,11,2,Ecommerce,1.2,21,2,3
cust_2730,Company_2730,growth,799,2023-02-06,active,21,3,SaaS,2.7,24,5,2
cust_2731,Company_2731,growth,799,2023-07-17,active,23,5,Finance,8.3,6,8,3
cust_2732,Company_2732,starter,299,2023-03-07,active,19,2,Other,4.3,21,4,1
cust_2733,Company_2733,pro,1999,2023-01-15,active,5,3,SaaS,6.0,20,7,5
cust_2734,Company_2734,pro,1999,2023-03-01,active,18,4,Healthcare,4.8,3,7,3
cust_2735,Company_2735,growth,799,2023-02-09,active,1,3,Healthcare,9.2,8,3,0
cust_2736,Company_2736,starter,299,2023-03-07,active,5,2,Finance,6.3,17,1,0
cust_2737,Company_2737,pro,1999,2023-04-17,active,24,4,Other,2.6,13,8,2
cust_2738,Company_2738,growth,799,2023-01-09,active,4,4,Other,1.2,4,5,2
cust_2739,Company_2739,pro,1999,2023-03-03,active,9,5,Ecommerce,2.5,24,6,0
cust_2740,Company_2740,growth,799,2023-07-22,active,12,3,Ecommerce,8.8,12,1,0
cust_2741,Company_2741,growth,799,2023-05-07,active,16,4,Ecommerce,1.1,18,6,5
cust_2742,Company_2742,enterprise,4999,2023-07-15,active,20,23,Other,7.7,20,3,3
cust_2743,Company_2743,growth,799,2023-07-12,active,9,3,Other,0.9,6,6,0
cust_2744,Company_2744,enterprise,4999,2023-06-21,active,11,47,Ecommerce,8.4,25,5,2
cust_2745,Company_2745,enterprise,4999,2023-05-11,active,18,10,Ecommerce,5.6,17,4,4
cust_2746,Company_2746,starter,299,2023-08-29,active,8,1,Finance,9.3,8,7,5
cust_2747,Company_2747,pro,1999,2023-02-12,active,12,3,Other,8.4,4,6,0
cust_2748,Company_2748,starter,299,2023-12-23,active,19,5,Healthcare,6.1,10,4,0
cust_2749,Company_2749,starter,299,2023-12-19,active,1,5,Finance,3.2,14,8,5
cust_2750,Company_2750,growth,799,2023-02-18,active,17,5,Finance,5.3,1,2,5
cust_2751,Company_2751,growth,799,2023-09-03,active,8,2,Other,1.3,2,2,2
cust_2752,Company_2752,starter,299,2023-09-04,active,18,1,SaaS,5.1,17,2,4
cust_2753,Company_2753,growth,799,2023-01-24,active,20,5,Finance,4.5,4,6,3
cust_2754,Company_2754,pro,1999,2023-07-28,active,21,1,Ecommerce,8.7,26,4,1
cust_2755,Company_2755,enterprise,4999,2023-02-06,active,12,12,Ecommerce,0.6,1,1,1
cust_2756,Company_2756,starter,299,2023-04-05,active,17,3,Finance,9.1,0,6,1
cust_2757,Company_2757,starter,299,2023-02-18,active,4,2,SaaS,4.3,15,1,0
cust_2758,Company_2758,starter,299,2023-05-12,active,11,5,Ecommerce,0.7,27,7,3
cust_2759,Company_2759,pro,1999,2023-04-16,active,24,2,Ecommerce,8.6,8,1,0
cust_2760,Company_2760,enterprise,4999,2023-04-29,active,19,43,Ecommerce,0.9,12,3,5
cust_2761,Company_2761,starter,299,2023-12-06,active,24,1,SaaS,1.6,6,5,4
cust_2762,Company_2762,starter,299,2023-04-25,churned,19,2,Ecommerce,4.0,16,7,0
cust_2763,Company_2763,pro,1999,2023-03-23,active,8,3,Finance,8.4,13,5,2
cust_2764,Company_2764,starter,299,2023-06-05,active,6,3,Finance,6.3,13,1,1
cust_2765,Company_2765,starter,299,2023-09-20,active,14,3,Ecommerce,7.6,23,6,1
cust_2766,Company_2766,growth,799,2023-08-21,active,21,2,Finance,6.8,17,6,1
cust_2767,Company_2767,growth,799,2023-04-29,active,12,1,Finance,7.0,12,7,2
cust_2768,Company_2768,pro,1999,2023-10-16,active,3,4,Ecommerce,4.0,7,1,4
cust_2769,Company_2769,enterprise,4999,2023-08-02,active,10,31,Finance,2.6,12,6,1
cust_2770,Company_2770,starter,299,2023-08-15,active,9,4,Healthcare,7.3,21,4,2
cust_2771,Company_2771,starter,299,2023-10-25,active,23,4,Ecommerce,7.7,28,6,5
cust_2772,Company_2772,starter,299,2023-05-29,active,7,4,Healthcare,9.3,4,5,0
cust_2773,Company_2773,starter,299,2023-02-11,active,6,4,Ecommerce,7.6,17,4,2
cust_2774,Company_2774,starter,299,2023-12-04,active,10,3,Other,7.6,7,1,3
cust_2775,Company_2775,pro,1999,2023-07-21,active,24,3,Other,5.0,20,4,4
cust_2776,Company_2776,growth,799,2023-10-07,churned,22,1,Finance,8.7,21,2,0
cust_2777,Company_2777,starter,299,2023-09-21,active,21,4,SaaS,0.8,0,8,1
cust_2778,Company_2778,growth,799,2023-07-14,active,2,2,SaaS,9.5,8,7,3
cust_2779,Company_2779,enterprise,4999,2023-12-31,active,1,9,Healthcare,7.5,18,4,0
cust_2780,Company_2780,starter,299,2023-03-04,active,10,2,Other,7.8,25,8,3
cust_2781,Company_2781,starter,299,2023-11-25,active,9,5,Ecommerce,4.2,22,5,2
cust_2782,Company_2782,pro,1999,2023-04-16,active,7,4,Ecommerce,7.6,18,5,0
cust_2783,Company_2783,starter,299,2023-10-21,active,9,1,SaaS,2.2,13,7,5
cust_2784,Company_2784,starter,299,2023-08-24,active,3,4,SaaS,4.4,28,4,1
cust_2785,Company_2785,starter,299,2023-11-04,churned,4,4,SaaS,2.1,25,1,0
cust_2786,Company_2786,growth,799,2023-05-07,active,19,5,SaaS,7.7,2,4,1
cust_2787,Company_2787,starter,299,2023-05-20,active,7,4,Healthcare,6.7,6,5,4
cust_2788,Company_2788,pro,1999,2023-05-25,active,2,5,Finance,1.3,1,2,3
cust_2789,Company_2789,growth,799,2023-04-21,churned,2,3,Other,1.4,12,1,2
cust_2790,Company_2790,growth,799,2023-12-30,active,19,1,SaaS,1.0,9,3,0
cust_2791,Company_2791,starter,299,2023-10-15,active,14,1,Healthcare,9.2,1,2,4
cust_2792,Company_2792,growth,799,2023-05-07,active,10,2,Finance,5.3,23,6,2
cust_2793,Company_2793,growth,799,2023-03-21,active,2,2,SaaS,4.5,22,8,4
cust_2794,Company_2794,enterprise,4999,2023-02-19,active,16,38,SaaS,2.5,17,7,0
cust_2795,Company_2795,starter,299,2023-09-04,active,4,1,Healthcare,1.6,28,3,5
cust_2796,Company_2796,starter,299,2023-12-16,active,10,1,Ecommerce,3.4,14,1,1
cust_2797,Company_2797,enterprise,4999,2023-09-24,active,18,6,Finance,1.4,4,8,5
cust_2798,Company_2798,starter,299,2023-03-11,active,16,1,Other,2.5,13,8,4
cust_2799,Company_2799,starter,299,2023-07-14,active,10,2,Other,1.2,17,2,0
cust_2800,Company_2800,enterprise,4999,2023-09-13,active,10,8,Healthcare,1.7,18,5,1
cust_2801,Company_2801,starter,299,2023-03-19,active,4,1,SaaS,7.2,2,6,1
cust_2802,Company_2802,starter,299,2023-07-30,active,20,2,Healthcare,1.1,17,5,2
cust_2803,Company_2803,starter,299,2023-06-15,active,6,4,Finance,9.0,0,3,5
cust_2804,Company_2804,starter,299,2023-09-07,active,24,4,Other,5.7,22,5,4
cust_2805,Company_2805,growth,799,2023-07-03,active,14,3,Other,5.9,30,4,0
cust_2806,Company_2806,starter,299,2023-02-24,active,19,3,Healthcare,4.8,30,7,1
cust_2807,Company_2807,starter,299,2023-09-16,active,10,2,Healthcare,6.6,2,8,1
cust_2808,Company_2808,starter,299,2023-03-10,active,21,3,SaaS,3.0,27,1,3
cust_2809,Company_2809,starter,299,2023-01-22,active,3,3,SaaS,8.5,0,7,4
cust_2810,Company_2810,growth,799,2023-08-04,active,6,5,Healthcare,7.9,3,1,0
cust_2811,Company_2811,enterprise,4999,2023-07-30,active,14,4,Finance,9.9,25,2,3
cust_2812,Company_2812,starter,299,2023-03-14,active,1,2,Ecommerce,5.3,3,2,2
cust_2813,Company_2813,pro,1999,2023-12-04,active,6,2,Other,1.9,5,3,2
cust_2814,Company_2814,starter,299,2023-05-23,active,16,2,Other,2.3,19,5,0
cust_2815,Company_2815,starter,299,2023-02-17,active,2,5,Finance,4.8,25,2,1
cust_2816,Company_2816,starter,299,2023-02-22,churned,23,2,Finance,6.8,26,6,1
cust_2817,Company_2817,starter,299,2023-08-15,active,5,5,Other,1.7,26,1,3
cust_2818,Company_2818,starter,299,2023-11-24,active,23,3,Healthcare,5.8,1,8,4
cust_2819,Company_2819,starter,299,2023-03-07,churned,18,1,SaaS,9.0,3,5,5
cust_2820,Company_2820,enterprise,4999,2023-05-05,active,10,22,Ecommerce,8.0,16,2,5
cust_2821,Company_2821,starter,299,2023-08-29,active,18,4,Finance,7.5,20,3,4
cust_2822,Company_2822,starter,299,2023-02-13,active,21,5,Other,2.6,12,4,2
cust_2823,Company_2823,growth,799,2023-10-14,active,21,1,Ecommerce,4.9,18,2,5
cust_2824,Company_2824,starter,299,2023-04-24,active,22,4,Finance,9.3,28,4,5
cust_2825,Company_2825,growth,799,2023-10-22,active,1,3,Other,3.6,11,8,2
cust_2826,Company_2826,growth,799,2023-06-06,active,23,5,Finance,2.3,28,1,3
cust_2827,Company_2827,growth,799,2023-08-09,active,19,3,Finance,9.0,16,7,0
cust_2828,Company_2828,starter,299,2023-01-25,active,13,4,Ecommerce,2.7,24,5,2
cust_2829,Company_2829,growth,799,2023-01-23,active,3,2,Healthcare,4.4,29,4,3
cust_2830,Company_2830,growth,799,2023-02-05,active,10,5,SaaS,1.8,7,1,4
cust_2831,Company_2831,starter,299,2023-09-03,active,24,5,Ecommerce,6.6,27,7,2
cust_2832,Company_2832,starter,299,2023-08-24,active,16,2,Finance,8.1,25,1,4
cust_2833,Company_2833,starter,299,2023-04-05,active,8,3,Ecommerce,2.5,16,1,0
cust_2834,Company_2834,starter,299,2023-08-21,churned,23,1,Finance,3.7,30,7,4
cust_2835,Company_2835,starter,299,2023-10-01,active,11,3,Other,9.3,12,3,3
cust_2836,Company_2836,growth,799,2023-07-13,active,1,2,Finance,4.8,7,4,1
cust_2837,Company_2837,growth,799,2023-11-14,active,11,3,Finance,2.2,7,2,2
cust_2838,Company_2838,growth,799,2023-03-13,active,17,1,Finance,0.7,26,3,4
cust_2839,Company_2839,growth,799,2023-04-05,active,23,1,Healthcare,2.0,15,5,1
cust_2840,Company_2840,growth,799,2023-03-09,active,1,4,Healthcare,5.6,24,3,0
cust_2841,Company_2841,starter,299,2023-05-04,active,19,4,Healthcare,6.2,15,1,3
cust_2842,Company_2842,starter,299,2023-03-06,active,12,2,SaaS,8.5,18,3,4
cust_2843,Company_2843,starter,299,2023-09-30,churned,12,2,SaaS,4.5,21,1,0
cust_2844,Company_2844,growth,799,2023-11-26,active,8,5,Ecommerce,5.1,15,2,4
cust_2845,Company_2845,starter,299,2023-01-30,churned,21,5,Finance,4.6,12,3,1
cust_2846,Company_2846,pro,1999,2023-07-12,active,23,3,Healthcare,1.1,23,6,2
cust_2847,Company_2847,enterprise,4999,2023-06-08,active,1,38,Other,8.2,4,4,0
cust_2848,Company_2848,starter,299,2023-06-26,active,24,2,Ecommerce,7.6,2,7,5
cust_2849,Company_2849,growth,799,2023-08-27,active,18,3,Finance,4.1,14,5,1
cust_2850,Company_2850,growth,799,2023-03-02,active,20,3,Ecommerce,6.9,22,2,0
cust_2851,Company_2851,growth,799,2023-09-13,active,14,4,Finance,1.1,5,8,5
cust_2852,Company_2852,pro,1999,2023-08-03,active,3,5,Ecommerce,5.8,26,6,3
cust_2853,Company_2853,growth,799,2023-07-28,churned,22,5,SaaS,2.0,7,2,5
cust_2854,Company_2854,starter,299,2023-09-02,active,21,4,SaaS,4.2,26,8,5
cust_2855,Company_2855,growth,799,2023-06-21,active,8,2,Healthcare,1.7,11,3,0
cust_2856,Company_2856,pro,1999,2023-07-13,active,21,3,Other,4.0,7,8,0
cust_2857,Company_2857,starter,299,2023-03-19,active,20,1,SaaS,0.8,23,4,3
cust_2858,Company_2858,pro,1999,2023-05-06,active,19,5,Ecommerce,8.8,22,2,1
cust_2859,Company_2859,starter,299,2023-08-12,active,12,5,Healthcare,4.1,6,3,3
cust_2860,Company_2860,pro,1999,2023-10-02,active,23,4,Other,2.4,21,8,3
cust_2861,Company_2861,starter,299,2023-02-06,active,11,5,Ecommerce,0.9,3,5,5
cust_2862,Company_2862,pro,1999,2023-07-18,active,12,4,Healthcare,3.3,13,8,1
cust_2863,Company_2863,pro,1999,2023-07-08,active,3,4,Ecommerce,9.9,10,6,1
cust_2864,Company_2864,enterprise,4999,2023-05-08,active,16,24,Healthcare,3.5,24,7,4
cust_2865,Company_2865,growth,799,2023-07-30,active,9,5,Finance,6.1,5,3,2
cust_2866,Company_2866,pro,1999,2023-10-23,active,10,1,SaaS,3.4,20,3,2
cust_2867,Company_2867,starter,299,2023-07-31,churned,19,5,Healthcare,3.6,17,6,0
cust_2868,Company_2868,starter,299,2023-12-11,active,2,2,Healthcare,8.8,22,8,1
cust_2869,Company_2869,growth,799,2023-04-29,active,24,1,Other,4.7,24,4,2
cust_2870,Company_2870,growth,799,2023-05-18,churned,5,5,SaaS,3.4,27,6,0
cust_2871,Company_2871,starter,299,2023-04-11,active,10,4,Other,9.8,22,1,2
cust_2872,Company_2872,enterprise,4999,2023-09-10,active,24,9,Finance,1.6,16,5,5
cust_2873,Company_2873,growth,799,2023-08-23,active,1,5,Other,1.8,9,8,4
cust_2874,Company_2874,growth,799,2023-03-15,active,8,2,SaaS,9.3,22,5,2
cust_2875,Company_2875,starter,299,2023-07-22,active,16,4,SaaS,4.3,13,4,5
cust_2876,Company_2876,starter,299,2023-09-24,active,14,1,SaaS,9.9,28,3,0
cust_2877,Company_2877,pro,1999,2023-01-26,active,24,3,Other,9.2,4,7,2
cust_2878,Company_2878,pro,1999,2023-10-06,active,7,2,Healthcare,8.6,21,7,0
cust_2879,Company_2879,enterprise,4999,2023-09-18,active,6,45,Other,6.2,15,2,5
cust_2880,Company_2880,starter,299,2023-01-05,active,11,3,Other,9.2,28,7,4
cust_2881,Company_2881,starter,299,2023-10-15,active,12,3,Other,7.3,1,2,1
cust_2882,Company_2882,starter,299,2023-11-15,active,12,1,Other,9.3,11,1,5
cust_2883,Company_2883,enterprise,4999,2023-01-01,active,3,22,Finance,4.2,15,6,4
cust_2884,Company_2884,pro,1999,2023-12-29,active,21,1,Ecommerce,9.5,23,1,2
cust_2885,Company_2885,starter,299,2023-02-04,active,2,3,Ecommerce,1.1,12,7,4
cust_2886,Company_2886,starter,299,2023-12-18,active,7,2,Other,6.5,3,5,4
cust_2887,Company_2887,growth,799,2023-09-02,active,10,3,Other,1.0,1,1,0
cust_2888,Company_2888,enterprise,4999,2023-09-22,active,11,29,SaaS,5.1,26,8,4
cust_2889,Company_2889,starter,299,2023-02-16,churned,20,4,SaaS,4.3,19,4,3
cust_2890,Company_2890,pro,1999,2023-08-12,active,3,5,Healthcare,4.5,25,7,0
cust_2891,Company_2891,starter,299,2023-10-20,active,16,4,Healthcare,3.9,23,4,5
cust_2892,Company_2892,starter,299,2023-07-31,active,3,1,Finance,8.7,10,4,2
cust_2893,Company_2893,starter,299,2023-07-02,active,21,5,Finance,4.5,14,3,4
cust_2894,Company_2894,starter,299,2023-07-06,active,8,5,Other,7.8,16,3,2
cust_2895,Company_2895,starter,299,2023-07-24,churned,22,4,Healthcare,3.7,1,2,5
cust_2896,Company_2896,starter,299,2023-05-18,active,14,4,Other,8.8,0,4,0
cust_2897,Company_2897,starter,299,2023-09-21,active,11,4,Ecommerce,5.1,12,7,4
cust_2898,Company_2898,growth,799,2023-11-28,active,8,1,Finance,8.2,22,1,1
cust_2899,Company_2899,starter,299,2023-09-23,active,12,4,SaaS,9.7,0,8,1
cust_2900,Company_2900,enterprise,4999,2023-01-04,active,18,31,Ecommerce,8.9,26,1,5
cust_2901,Company_2901,growth,799,2023-04-25,active,18,2,Healthcare,8.0,15,8,5
cust_2902,Company_2902,enterprise,4999,2023-03-01,active,4,33,Finance,1.8,4,8,5
cust_2903,Company_2903,growth,799,2023-07-19,churned,7,5,SaaS,0.6,29,2,1
cust_2904,Company_2904,starter,299,2023-03-14,active,23,2,Ecommerce,3.3,9,8,1
cust_2905,Company_2905,pro,1999,2023-01-27,active,12,4,Healthcare,9.9,3,7,0
cust_2906,Company_2906,growth,799,2023-10-26,active,21,4,Finance,7.2,13,6,3
cust_2907,Company_2907,growth,799,2023-08-22,active,14,5,Other,7.4,12,4,1
cust_2908,Company_2908,starter,299,2023-05-17,churned,1,3,Ecommerce,2.0,26,5,1
cust_2909,Company_2909,enterprise,4999,2023-07-14,active,22,13,Healthcare,6.4,30,3,1
cust_2910,Company_2910,pro,1999,2023-10-24,active,3,2,Other,7.2,14,1,2
cust_2911,Company_2911,growth,799,2023-09-02,active,22,1,SaaS,3.7,25,2,0
cust_2912,Company_2912,enterprise,4999,2023-06-18,active,2,7,SaaS,1.2,22,3,3
cust_2913,Company_2913,starter,299,2023-09-16,churned,2,3,Other,5.9,6,5,3
cust_2914,Company_2914,enterprise,4999,2023-11-03,active,15,14,Ecommerce,3.5,16,4,2
cust_2915,Company_2915,growth,799,2023-02-15,active,20,3,Other,4.3,18,2,2
cust_2916,Company_2916,starter,299,2023-12-30,active,17,4,Finance,6.9,7,3,0
cust_2917,Company_2917,pro,1999,2023-02-16,active,16,4,Healthcare,4.0,24,3,2
cust_2918,Company_2918,starter,299,2023-06-20,active,9,5,Ecommerce,9.9,15,3,2
cust_2919,Company_2919,starter,299,2023-01-18,active,23,2,SaaS,5.7,21,1,0
cust_2920,Company_2920,starter,299,2023-07-13,active,1,5,SaaS,5.8,10,5,1
cust_2921,Company_2921,pro,1999,2023-09-11,active,4,2,SaaS,8.9,22,4,1
cust_2922,Company_2922,starter,299,2023-08-04,active,21,4,Other,7.3,26,4,0
cust_2923,Company_2923,starter,299,2023-01-30,active,2,5,SaaS,5.5,19,4,0
cust_2924,Company_2924,growth,799,2023-09-24,active,4,3,Other,9.7,5,4,2
cust_2925,Company_2925,growth,799,2023-05-23,active,3,5,Ecommerce,6.4,1,4,0
cust_2926,Company_2926,enterprise,4999,2023-12-28,active,8,27,Healthcare,1.3,24,7,3
cust_2927,Company_2927,starter,299,2023-11-26,active,1,1,Ecommerce,9.9,21,7,4
cust_2928,Company_2928,starter,299,2023-10-20,active,10,3,Healthcare,8.5,27,6,5
cust_2929,Company_2929,starter,299,2023-02-15,active,2,5,Ecommerce,6.9,23,4,0
cust_2930,Company_2930,pro,1999,2023-08-10,active,16,5,Healthcare,6.4,9,3,0
cust_2931,Company_2931,growth,799,2023-03-05,active,24,4,Other,2.7,13,6,5
cust_2932,Company_2932,starter,299,2023-02-23,active,13,4,Healthcare,7.1,3,8,3
cust_2933,Company_2933,starter,299,2023-03-06,active,22,2,Healthcare,9.3,13,6,0
cust_2934,Company_2934,starter,299,2023-12-02,active,13,2,Healthcare,9.3,5,3,1
cust_2935,Company_2935,growth,799,2023-08-11,active,15,5,SaaS,5.9,22,4,3
cust_2936,Company_2936,growth,799,2023-02-13,active,13,3,Ecommerce,2.3,29,1,3
cust_2937,Company_2937,starter,299,2023-10-26,active,8,5,Other,1.5,10,6,4
cust_2938,Company_2938,growth,799,2023-08-27,active,5,5,Healthcare,4.1,0,4,4
cust_2939,Company_2939,starter,299,2023-09-30,active,1,1,Finance,1.7,14,2,3
cust_2940,Company_2940,starter,299,2023-10-10,active,19,1,Ecommerce,6.1,30,6,3
cust_2941,Company_2941,starter,299,2023-02-17,active,18,1,SaaS,8.5,9,7,0
cust_2942,Company_2942,starter,299,2023-11-30,active,12,1,Other,2.2,8,3,4
cust_2943,Company_2943,enterprise,4999,2023-10-15,active,16,30,SaaS,6.5,20,1,1
cust_2944,Company_2944,growth,799,2023-01-10,active,4,2,Finance,6.5,2,7,5
cust_2945,Company_2945,starter,299,2023-05-21,active,6,1,Healthcare,6.8,19,6,1
cust_2946,Company_2946,enterprise,4999,2023-03-24,active,8,27,Other,2.5,3,1,3
cust_2947,Company_2947,starter,299,2023-01-22,active,1,4,Ecommerce,0.7,4,5,1
cust_2948,Company_2948,enterprise,4999,2023-11-30,active,23,17,Other,4.8,7,8,5
cust_2949,Company_2949,growth,799,2023-01-13,active,23,4,SaaS,8.2,24,5,2
cust_2950,Company_2950,starter,299,2023-12-06,active,20,4,Healthcare,2.9,23,7,4
cust_2951,Company_2951,enterprise,4999,2023-04-17,active,12,17,Finance,2.6,10,2,2
cust_2952,Company_2952,starter,299,2023-08-08,active,18,4,Finance,9.3,16,4,5
cust_2953,Company_2953,pro,1999,2023-05-18,active,17,3,Other,7.5,7,6,5
cust_2954,Company_2954,growth,799,2023-08-08,active,21,4,Healthcare,2.6,12,5,4
cust_2955,Company_2955,starter,299,2023-03-20,active,1,4,Healthcare,4.0,15,1,4
cust_2956,Company_2956,enterprise,4999,2023-05-29,active,8,42,Healthcare,7.8,19,4,5
cust_2957,Company_2957,pro,1999,2023-05-09,active,10,4,Other,7.1,27,1,2
cust_2958,Company_2958,starter,299,2023-06-06,active,11,3,SaaS,6.2,17,5,3
cust_2959,Company_2959,growth,799,2023-01-05,active,2,3,Ecommerce,9.2,24,4,4
cust_2960,Company_2960,starter,299,2023-08-28,active,15,4,Ecommerce,8.5,18,6,2
cust_2961,Company_2961,growth,799,2023-06-26,active,22,1,Ecommerce,5.8,0,2,3
cust_2962,Company_2962,starter,299,2023-10-14,churned,12,1,Ecommerce,7.0,20,1,2
cust_2963,Company_2963,enterprise,4999,2023-01-12,active,22,36,SaaS,3.5,10,4,0
cust_2964,Company_2964,starter,299,2023-08-26,active,20,2,Ecommerce,7.6,19,6,1
cust_2965,Company_2965,starter,299,2023-02-21,churned,4,3,Other,0.8,27,3,3
cust_2966,Company_2966,starter,299,2023-08-24,churned,9,4,Healthcare,9.1,25,6,0
cust_2967,Company_2967,growth,799,2023-09-26,active,12,5,Ecommerce,5.8,21,6,2
cust_2968,Company_2968,starter,299,2023-02-11,active,9,4,SaaS,8.1,26,2,4
cust_2969,Company_2969,starter,299,2023-02-18,active,3,3,Finance,8.4,10,4,5
cust_2970,Company_2970,growth,799,2023-01-17,active,14,2,Other,8.5,13,8,1
cust_2971,Company_2971,starter,299,2023-05-09,churned,13,2,SaaS,6.8,26,8,2
cust_2972,Company_2972,enterprise,4999,2023-03-27,active,14,7,Ecommerce,7.7,0,5,4
cust_2973,Company_2973,starter,299,2023-12-02,active,15,1,Other,6.4,1,7,4
cust_2974,Company_2974,starter,299,2023-11-05,active,14,2,Other,6.2,30,2,3
cust_2975,Company_2975,pro,1999,2023-01-31,active,10,3,Other,8.3,17,3,1
cust_2976,Company_2976,enterprise,4999,2023-12-27,active,24,15,SaaS,9.5,30,4,2
cust_2977,Company_2977,pro,1999,2023-09-29,active,18,1,Finance,5.3,27,2,5
cust_2978,Company_2978,starter,299,2023-03-19,churned,2,5,Ecommerce,4.3,11,1,5
cust_2979,Company_2979,starter,299,2023-03-31,active,24,2,Finance,1.8,11,6,3
cust_2980,Company_2980,starter,299,2023-04-05,active,20,1,Finance,3.3,0,5,5
cust_2981,Company_2981,starter,299,2023-02-13,active,17,2,Finance,2.9,28,6,1
cust_2982,Company_2982,enterprise,4999,2023-02-13,active,2,11,Other,5.1,3,2,2
cust_2983,Company_2983,starter,299,2023-03-17,active,22,4,Other,1.7,28,6,0
cust_2984,Company_2984,enterprise,4999,2023-04-20,active,6,28,Ecommerce,7.0,2,1,5
cust_2985,Company_2985,growth,799,2023-04-28,active,20,1,Other,5.7,12,2,2
cust_2986,Company_2986,growth,799,2023-12-14,active,15,4,SaaS,7.8,11,3,4
cust_2987,Company_2987,growth,799,2023-08-20,churned,16,3,Finance,8.6,23,2,2
cust_2988,Company_2988,pro,1999,2023-01-29,active,9,1,SaaS,8.2,5,1,1
cust_2989,Company_2989,pro,1999,2023-07-13,active,24,2,Other,5.2,19,1,1
cust_2990,Company_2990,pro,1999,2023-06-08,active,21,1,Ecommerce,6.1,16,7,3
cust_2991,Company_2991,pro,1999,2023-01-25,active,8,1,Finance,0.6,24,4,2
cust_2992,Company_2992,growth,799,2023-12-20,active,15,3,SaaS,5.6,23,3,1
cust_2993,Company_2993,pro,1999,2023-10-05,active,17,1,Ecommerce,8.4,21,3,3
cust_2994,Company_2994,starter,299,2023-01-25,churned,11,2,Finance,4.1,3,5,1
cust_2995,Company_2995,starter,299,2023-02-20,active,8,5,Ecommerce,3.9,7,3,0
cust_2996,Company_2996,pro,1999,2023-04-11,active,22,4,Other,1.7,24,7,1
cust_2997,Company_2997,growth,799,2023-01-05,active,8,1,Healthcare,9.9,23,7,4
cust_2998,Company_2998,starter,299,2023-09-19,active,19,4,Healthcare,5.1,1,1,0
cust_2999,Company_2999,starter,299,2023-02-11,active,9,1,SaaS,9.7,29,1,3
cust_3000,Company_3000,starter,299,2023-05-04,active,9,1,Other,8.5,10,2,1
