customer_id,company_name,plan,mrr,start_date,status,tenure_months,seats,industry,avg_dau,login_days_30,features_used,support_tickets,plan_encoded,churned,churn_probability,health_score,health_status
cust_1,Company_1,growth,799,2023-01-13,active,24,2,Ecommerce,7.5,21,2,4,1,0,0.0514103734658955,65.0,At Risk
cust_2,Company_2,growth,799,2023-01-16,active,3,5,Other,0.8,6,7,1,1,0,0.1713181443003927,55.3,At Risk
cust_3,Company_3,growth,799,2023-05-23,active,1,2,Healthcare,3.7,4,4,2,1,0,0.0971991447089056,38.1,Critical
cust_4,Company_4,starter,299,2023-07-14,active,4,3,Other,3.0,1,8,4,0,0,0.1334733673992028,34.8,Critical
cust_5,Company_5,starter,299,2023-07-13,active,3,5,Finance,6.0,22,2,0,0,0,0.1578510698851583,66.3,At Risk
cust_6,Company_6,growth,799,2023-05-29,active,3,1,Healthcare,3.1,20,6,1,1,0,0.0992147406032839,76.3,Healthy
cust_7,Company_7,starter,299,2023-04-18,active,22,1,Other,6.5,17,4,1,0,0,0.1229042702620786,85.5,Healthy
cust_8,Company_8,growth,799,2023-05-19,active,21,2,Finance,8.5,24,1,1,1,0,0.0702823804370446,75.0,Healthy
cust_9,Company_9,pro,1999,2023-06-11,active,13,2,Other,8.8,10,4,5,2,0,0.0543844954815785,60.0,At Risk
cust_10,Company_10,growth,799,2023-11-26,active,15,2,Ecommerce,7.6,17,5,5,1,0,0.0535086784634299,75.5,Healthy
cust_11,Company_11,growth,799,2023-10-26,active,13,2,Other,5.2,24,1,0,1,0,0.0718753510346617,80.0,Healthy
cust_12,Company_12,starter,299,2023-03-23,active,22,1,Healthcare,4.1,14,5,4,0,0,0.1249191495753131,71.0,At Risk
cust_13,Company_13,pro,1999,2023-01-06,active,22,5,Finance,7.8,10,2,2,2,0,0.0438307977490841,60.0,At Risk
cust_14,Company_14,growth,799,2023-08-21,active,1,3,Other,7.7,16,2,5,1,0,0.0816365418313458,36.1,Critical
cust_15,Company_15,starter,299,2023-11-24,active,17,2,Finance,7.7,17,1,4,0,0,0.1126480685811456,55.5,At Risk
cust_16,Company_16,starter,299,2023-01-10,active,4,3,Ecommerce,1.1,28,2,0,0,0,0.2187757350302709,68.3,At Risk
cust_17,Company_17,pro,1999,2023-02-05,active,18,2,Healthcare,9.5,5,5,4,2,0,0.0539884900321161,57.5,At Risk
cust_18,Company_18,pro,1999,2023-08-05,active,7,2,Finance,4.3,21,6,3,2,0,0.0428424237987508,74.6,At Risk
cust_19,Company_19,pro,1999,2023-08-20,active,4,1,Finance,0.7,17,4,4,2,0,0.0949844784296033,53.8,At Risk
cust_20,Company_20,starter,299,2023-02-06,active,23,2,SaaS,9.1,27,6,0,0,0,0.1951760711986269,100.0,Healthy
cust_21,Company_21,growth,799,2023-05-23,active,22,5,Ecommerce,7.4,28,8,1,1,0,0.0658096481120691,95.0,Healthy
cust_22,Company_22,pro,1999,2023-07-28,active,7,4,Finance,4.5,14,1,5,2,0,0.0446437509398996,40.6,Critical
cust_23,Company_23,growth,799,2023-11-27,churned,4,3,SaaS,2.9,6,8,1,1,1,0.1715906502859605,,
cust_24,Company_24,growth,799,2023-05-23,active,15,1,Healthcare,8.2,27,2,0,1,0,0.0722554590779742,85.0,Healthy
cust_25,Company_25,growth,799,2023-10-04,active,1,2,Ecommerce,4.4,15,4,3,1,0,0.0783721588880305,49.6,Critical
cust_26,Company_26,enterprise,4999,2023-03-26,churned,13,25,Finance,9.3,25,8,2,3,1,0.0391094158899659,,
cust_27,Company_27,growth,799,2023-10-12,active,22,2,Ecommerce,3.3,30,1,4,1,0,0.0672643912270226,60.0,At Risk
cust_28,Company_28,pro,1999,2023-02-01,active,24,1,Other,5.0,29,3,0,2,0,0.0508064243690671,90.0,Healthy
cust_29,Company_29,enterprise,4999,2023-02-11,active,6,5,Ecommerce,4.3,30,4,4,3,0,0.0488156019910592,62.5,At Risk
cust_30,Company_30,growth,799,2023-11-14,active,3,5,Other,5.5,29,5,1,1,0,0.081212328206278,76.3,Healthy
cust_31,Company_31,growth,799,2023-06-10,active,8,2,Finance,4.8,29,2,0,1,0,0.0841142894980036,76.7,Healthy
cust_32,Company_32,growth,799,2023-10-16,churned,4,2,Other,3.0,29,6,0,1,1,0.1459223974314789,,
cust_33,Company_33,pro,1999,2023-07-09,active,10,5,Finance,6.3,25,1,5,2,0,0.0419039413226299,55.8,At Risk
cust_34,Company_34,pro,1999,2023-06-03,active,22,2,Finance,1.6,3,3,2,2,0,0.0548909828150165,54.5,At Risk
cust_35,Company_35,starter,299,2023-04-18,active,23,3,Other,5.1,28,1,0,0,0,0.2089866521218695,80.0,Healthy
cust_36,Company_36,growth,799,2023-05-22,churned,2,2,Finance,2.0,14,7,4,1,1,0.1396341483014855,,
cust_37,Company_37,starter,299,2023-02-08,active,23,5,SaaS,8.4,18,3,3,0,0,0.0990312398148834,72.0,At Risk
cust_38,Company_38,starter,299,2023-06-07,active,12,1,Finance,2.5,7,2,2,0,0,0.1297767501175221,55.5,At Risk
cust_39,Company_39,pro,1999,2023-07-28,active,20,2,Ecommerce,9.8,25,3,3,2,0,0.0459809808027,75.0,Healthy
cust_40,Company_40,starter,299,2023-06-20,active,14,2,Finance,2.0,22,2,3,0,0,0.1926483661277175,70.0,At Risk
cust_41,Company_41,pro,1999,2023-08-29,active,8,4,Finance,3.4,25,4,1,2,0,0.0489460121523466,81.7,Healthy
cust_42,Company_42,starter,299,2023-04-09,active,13,1,Finance,3.8,16,7,5,0,0,0.1354864952561632,74.0,At Risk
cust_43,Company_43,enterprise,4999,2023-10-02,active,11,8,Finance,2.2,30,5,0,3,0,0.042522491665113,97.9,Healthy
cust_44,Company_44,starter,299,2023-08-11,active,12,3,Healthcare,6.3,16,2,3,0,0,0.1038651013234588,64.0,At Risk
cust_45,Company_45,pro,1999,2023-04-08,churned,9,4,SaaS,5.4,25,4,2,2,1,0.0592548421052616,,
cust_46,Company_46,growth,799,2023-12-07,active,11,1,Finance,5.3,21,7,2,1,0,0.0794339149998491,87.9,Healthy
cust_47,Company_47,growth,799,2023-06-01,active,18,4,Healthcare,6.9,28,3,4,1,0,0.0622056243092393,70.0,At Risk
cust_48,Company_48,growth,799,2023-07-27,active,18,3,Finance,2.5,25,6,3,1,0,0.0798417279413411,85.0,Healthy
cust_49,Company_49,growth,799,2023-12-12,active,7,2,SaaS,3.2,21,6,0,1,0,0.113752321596267,89.6,Healthy
cust_50,Company_50,pro,1999,2023-05-01,active,22,2,Ecommerce,0.7,7,8,4,2,0,0.0740244692235022,60.5,At Risk
cust_51,Company_51,pro,1999,2023-02-07,active,15,5,Ecommerce,7.3,12,8,3,2,0,0.0454847205627699,73.0,At Risk
cust_52,Company_52,starter,299,2023-12-02,churned,23,1,Healthcare,2.6,25,8,0,0,1,0.3440042044110323,,
cust_53,Company_53,growth,799,2023-03-04,active,15,4,Other,9.9,19,6,3,1,0,0.064723914988691,83.5,Healthy
cust_54,Company_54,growth,799,2023-09-16,active,14,5,Healthcare,9.0,23,8,3,1,0,0.0606084375586616,85.0,Healthy
cust_55,Company_55,starter,299,2023-05-07,active,21,5,Healthcare,6.5,8,8,0,0,0,0.1085046578365248,82.0,Healthy
cust_56,Company_56,pro,1999,2023-05-01,active,9,5,SaaS,1.8,7,7,5,2,0,0.0880566517920788,54.3,At Risk
cust_57,Company_57,starter,299,2023-04-20,active,3,3,Other,4.9,1,4,3,0,0,0.121050119458974,32.8,Critical
cust_58,Company_58,starter,299,2023-10-27,churned,23,5,Healthcare,5.0,30,6,2,0,1,0.2096649668224253,,
cust_59,Company_59,pro,1999,2023-08-03,active,18,5,Other,9.0,15,4,2,2,0,0.0527572082899025,77.5,Healthy
cust_60,Company_60,growth,799,2023-01-15,active,13,4,Ecommerce,8.5,29,3,4,1,0,0.0553855815816421,70.0,At Risk
cust_61,Company_61,growth,799,2023-07-21,active,19,1,SaaS,6.6,4,8,1,1,0,0.0860665863217918,71.0,At Risk
cust_62,Company_62,starter,299,2023-07-14,active,11,3,Finance,7.7,12,5,3,0,0,0.078131270658426,70.9,At Risk
cust_63,Company_63,starter,299,2023-02-11,churned,16,5,SaaS,10.0,11,4,5,0,1,0.2295439625655735,,
cust_64,Company_64,starter,299,2023-11-30,active,2,2,Ecommerce,8.5,19,3,1,0,0,0.112369049889783,62.7,At Risk
cust_65,Company_65,starter,299,2023-12-09,active,4,2,Healthcare,7.1,24,6,1,0,0,0.1184278711611474,78.3,Healthy
cust_66,Company_66,growth,799,2023-02-28,active,6,1,Other,0.7,9,7,3,1,0,0.1358600523296129,56.0,At Risk
cust_67,Company_67,enterprise,4999,2023-04-12,active,3,41,Ecommerce,1.5,24,5,5,3,0,0.0383287191967638,61.3,At Risk
cust_68,Company_68,growth,799,2023-03-03,active,19,3,Other,4.6,11,2,4,1,0,0.0658653290156427,51.5,At Risk
cust_69,Company_69,growth,799,2023-01-07,active,14,1,Healthcare,9.6,20,8,5,1,0,0.0554744537129007,80.0,Healthy
cust_70,Company_70,starter,299,2023-04-01,active,24,3,Other,8.2,17,8,3,0,0,0.1126990742688831,80.5,Healthy
cust_71,Company_71,growth,799,2023-10-31,active,9,2,SaaS,3.1,14,4,3,1,0,0.0833269983654548,64.8,At Risk
cust_72,Company_72,growth,799,2023-12-09,active,13,4,Finance,2.2,6,6,2,1,0,0.1207382000652837,69.0,At Risk
cust_73,Company_73,starter,299,2023-11-02,active,23,5,SaaS,5.4,6,2,1,0,0,0.1315748227782056,59.0,At Risk
cust_74,Company_74,pro,1999,2023-09-08,active,18,4,Healthcare,4.8,0,2,2,2,0,0.0363259434133057,45.0,Critical
cust_75,Company_75,starter,299,2023-12-21,active,8,5,Finance,5.0,16,6,3,0,0,0.1234447487953155,70.7,At Risk
cust_76,Company_76,enterprise,4999,2023-10-09,active,11,30,Finance,3.4,7,2,5,3,0,0.0403411892448507,43.4,Critical
cust_77,Company_77,starter,299,2023-03-03,active,24,2,Ecommerce,2.6,15,5,5,0,0,0.1198898406315333,72.5,At Risk
cust_78,Company_78,growth,799,2023-09-26,active,20,1,Ecommerce,3.3,11,3,2,1,0,0.0794357146473377,66.5,At Risk
cust_79,Company_79,starter,299,2023-10-01,active,5,1,Other,3.3,30,3,5,0,0,0.1329010224523895,55.4,At Risk
cust_80,Company_80,pro,1999,2023-09-09,active,4,5,Finance,5.0,14,6,1,2,0,0.0490568209185951,69.3,At Risk
cust_81,Company_81,enterprise,4999,2023-05-10,active,16,5,Healthcare,5.2,18,1,1,3,0,0.0410876132336263,72.0,At Risk
cust_82,Company_82,starter,299,2023-10-16,churned,10,2,SaaS,5.8,13,4,4,0,1,0.1294702869195588,,
cust_83,Company_83,starter,299,2023-08-15,active,10,4,Finance,5.9,1,2,1,0,0,0.1132075204513321,47.3,Critical
cust_84,Company_84,growth,799,2023-05-16,active,22,2,Ecommerce,5.7,5,1,3,1,0,0.0728024957972885,42.5,Critical
cust_85,Company_85,growth,799,2023-11-01,active,16,2,Finance,7.2,22,8,0,1,0,0.0782239997848258,100.0,Healthy
cust_86,Company_86,growth,799,2023-05-16,active,21,2,Healthcare,1.6,7,3,2,1,0,0.0957517003413572,60.5,At Risk
cust_87,Company_87,pro,1999,2023-02-06,active,2,3,Other,7.6,18,5,3,2,0,0.0448614864330529,61.2,At Risk
cust_88,Company_88,starter,299,2023-12-19,active,10,3,Other,5.6,14,2,4,0,0,0.1496400995793778,51.8,At Risk
cust_89,Company_89,starter,299,2023-08-10,active,24,3,SaaS,1.4,30,1,5,0,0,0.1979624815812091,60.0,At Risk
cust_90,Company_90,pro,1999,2023-10-23,active,2,2,Healthcare,5.4,14,5,1,2,0,0.0544598313471446,65.2,At Risk
cust_91,Company_91,enterprise,4999,2023-08-12,active,21,6,Healthcare,3.8,10,6,5,3,0,0.0527031871721479,65.0,At Risk
cust_92,Company_92,starter,299,2023-03-24,active,11,4,Finance,6.8,12,1,3,0,0,0.0984845095011842,50.9,At Risk
cust_93,Company_93,starter,299,2023-05-10,churned,11,4,Other,8.3,0,8,3,0,1,0.2090617200314303,,
cust_94,Company_94,starter,299,2023-09-23,active,12,4,Healthcare,7.7,6,5,4,0,0,0.0875080437342783,59.0,At Risk
cust_95,Company_95,starter,299,2023-05-28,active,15,4,SaaS,0.8,20,4,5,0,0,0.2206030659499655,75.0,Healthy
cust_96,Company_96,starter,299,2023-10-10,active,1,1,Ecommerce,9.9,29,2,3,0,0,0.0985461043235356,47.1,Critical
cust_97,Company_97,enterprise,4999,2023-11-28,active,5,46,Finance,5.3,8,7,3,3,0,0.0608114754198491,52.4,At Risk
cust_98,Company_98,enterprise,4999,2023-05-05,active,15,25,Ecommerce,9.3,16,3,0,3,0,0.0459900666413891,84.0,Healthy
cust_99,Company_99,starter,299,2023-08-01,active,11,5,Finance,8.3,9,5,4,0,0,0.0777651446799024,61.4,At Risk
cust_100,Company_100,growth,799,2023-12-04,active,16,4,Other,5.1,10,7,3,1,0,0.0817679625154643,70.0,At Risk
cust_101,Company_101,enterprise,4999,2023-04-07,active,23,25,Ecommerce,8.6,13,1,2,3,0,0.044522032913711,59.5,At Risk
cust_102,Company_102,pro,1999,2023-12-28,active,13,2,Healthcare,9.7,4,6,0,2,0,0.0454075781173246,76.0,Healthy
cust_103,Company_103,pro,1999,2023-08-14,active,4,4,SaaS,7.4,13,3,0,2,0,0.0504858049893406,62.8,At Risk
cust_104,Company_104,growth,799,2023-05-16,active,11,4,SaaS,8.6,27,7,2,1,0,0.0728192776744828,87.9,Healthy
cust_105,Company_105,growth,799,2023-09-07,churned,18,1,Ecommerce,6.5,29,5,1,1,1,0.0857841171860964,,
cust_106,Company_106,pro,1999,2023-08-11,active,4,1,Healthcare,2.1,9,1,0,2,0,0.0676646865925539,46.8,Critical
cust_107,Company_107,starter,299,2023-01-29,active,10,4,Ecommerce,2.8,13,3,1,0,0,0.1343933123056659,70.3,At Risk
cust_108,Company_108,starter,299,2023-11-09,active,13,2,Healthcare,9.2,4,4,3,0,0,0.0979434983655198,56.0,At Risk
cust_109,Company_109,growth,799,2023-08-24,active,9,4,Finance,6.9,5,2,3,1,0,0.0700530874563088,41.3,Critical
cust_110,Company_110,enterprise,4999,2023-10-28,active,10,28,Finance,4.8,9,4,3,3,0,0.0462086368480383,59.3,At Risk
cust_111,Company_111,pro,1999,2023-02-24,active,8,3,Other,3.3,22,5,0,2,0,0.0450615713858741,91.7,Healthy
cust_112,Company_112,enterprise,4999,2023-12-04,active,13,37,SaaS,9.2,23,8,2,3,0,0.0413007493507124,90.0,Healthy
cust_113,Company_113,pro,1999,2023-04-28,active,20,2,Ecommerce,6.4,21,3,5,2,0,0.0501319989799434,70.0,At Risk
cust_114,Company_114,starter,299,2023-11-18,churned,21,4,SaaS,6.0,23,3,0,0,1,0.2045361134013261,,
cust_115,Company_115,enterprise,4999,2023-06-17,active,24,13,Ecommerce,8.0,28,6,4,3,0,0.027399454548046,80.0,Healthy
cust_116,Company_116,growth,799,2023-05-20,active,6,4,Finance,7.6,10,2,3,1,0,0.0563182555728907,42.5,Critical
cust_117,Company_117,enterprise,4999,2023-03-14,active,8,47,Healthcare,9.7,25,6,0,3,0,0.0338135749903932,91.7,Healthy
cust_118,Company_118,pro,1999,2023-01-08,active,9,4,Finance,6.9,21,5,4,2,0,0.0422010676890373,73.8,At Risk
cust_119,Company_119,starter,299,2023-11-23,churned,12,2,Healthcare,0.7,28,6,4,0,1,0.2190332921631646,,
cust_120,Company_120,starter,299,2023-02-02,active,21,3,Healthcare,1.6,1,1,2,0,0,0.1441059617785084,41.5,Critical
cust_121,Company_121,enterprise,4999,2023-03-01,active,4,35,Ecommerce,4.2,11,7,4,3,0,0.0502092045200247,49.8,Critical
cust_122,Company_122,pro,1999,2023-03-21,active,14,4,Other,4.4,30,5,0,2,0,0.041629036267613,100.0,Healthy
cust_123,Company_123,growth,799,2023-04-22,active,15,2,Finance,1.4,21,6,4,1,0,0.1026092013027736,80.0,Healthy
cust_124,Company_124,enterprise,4999,2023-11-27,active,12,18,Ecommerce,9.7,30,8,0,3,0,0.0747056539409243,100.0,Healthy
cust_125,Company_125,growth,799,2023-11-25,active,21,1,SaaS,8.0,7,3,4,1,0,0.0561932459728995,50.5,At Risk
cust_126,Company_126,starter,299,2023-10-11,active,7,2,Finance,7.9,25,1,2,0,0,0.1235619299344092,59.6,At Risk
cust_127,Company_127,pro,1999,2023-03-16,active,5,2,SaaS,6.8,0,3,0,2,0,0.0582744459803576,45.4,Critical
cust_128,Company_128,starter,299,2023-05-02,active,19,2,Finance,1.0,23,7,4,0,0,0.2030656274807048,80.0,Healthy
cust_129,Company_129,starter,299,2023-02-02,active,16,3,Other,6.1,14,4,4,0,0,0.1006376871901742,66.0,At Risk
cust_130,Company_130,starter,299,2023-12-04,active,17,1,SaaS,10.0,27,7,3,0,0,0.1380154664195557,85.0,Healthy
cust_131,Company_131,growth,799,2023-09-09,active,23,1,SaaS,3.6,4,2,1,1,0,0.0712550721649111,56.0,At Risk
cust_132,Company_132,starter,299,2023-11-21,active,19,3,Healthcare,9.9,16,5,3,0,0,0.1020016381536423,79.0,Healthy
cust_133,Company_133,growth,799,2023-08-09,active,4,1,Other,7.3,6,7,3,1,0,0.096658900945071,47.3,Critical
cust_134,Company_134,pro,1999,2023-07-31,active,11,4,Healthcare,7.4,10,7,2,2,0,0.0455836918775583,72.9,At Risk
cust_135,Company_135,growth,799,2023-07-11,active,5,4,SaaS,1.4,2,2,3,1,0,0.1124421257359011,28.4,Critical
cust_136,Company_136,starter,299,2023-07-10,active,5,5,Other,5.8,21,2,3,0,0,0.1442948152920437,55.4,At Risk
cust_137,Company_137,starter,299,2023-12-07,active,14,1,Finance,6.2,11,2,4,0,0,0.0974921418821461,51.5,At Risk
cust_138,Company_138,growth,799,2023-03-21,active,22,1,Finance,8.5,11,2,2,1,0,0.0624576308860426,61.5,At Risk
cust_139,Company_139,growth,799,2023-08-08,active,18,5,Other,6.9,17,1,4,1,0,0.0612774596737084,55.5,At Risk
cust_140,Company_140,enterprise,4999,2023-12-22,churned,9,18,Finance,9.3,11,1,1,3,1,0.0863959373201477,,
cust_141,Company_141,pro,1999,2023-10-17,active,22,2,SaaS,1.4,16,4,3,2,0,0.0642817393823565,74.0,At Risk
cust_142,Company_142,growth,799,2023-06-24,active,6,3,Other,6.2,28,1,1,1,0,0.0748498368778681,62.5,At Risk
cust_143,Company_143,starter,299,2023-11-13,active,2,3,Healthcare,6.8,15,8,3,0,0,0.0896089605842222,56.7,At Risk
cust_144,Company_144,starter,299,2023-09-20,active,4,1,Finance,6.9,18,8,4,0,0,0.0968859616681335,60.3,At Risk
cust_145,Company_145,growth,799,2023-01-24,active,8,5,SaaS,0.6,9,4,1,1,0,0.1294816914869335,65.2,At Risk
cust_146,Company_146,pro,1999,2023-05-29,active,11,4,Healthcare,2.2,12,4,4,2,0,0.070970731017844,60.9,At Risk
cust_147,Company_147,growth,799,2023-12-09,churned,12,1,Healthcare,0.7,29,2,2,1,1,0.1345432663520076,,
cust_148,Company_148,growth,799,2023-10-21,active,13,4,Finance,1.6,0,6,1,1,0,0.1149005140050989,65.0,At Risk
cust_149,Company_149,pro,1999,2023-11-13,active,15,3,SaaS,4.6,3,4,3,2,0,0.0584067735622891,54.5,At Risk
cust_150,Company_150,growth,799,2023-09-26,active,3,3,Finance,2.6,24,3,0,1,0,0.0952451665109891,71.3,At Risk
cust_151,Company_151,growth,799,2023-02-28,active,17,3,Finance,7.4,26,3,1,1,0,0.0679595564407887,85.0,Healthy
cust_152,Company_152,starter,299,2023-05-12,active,7,2,SaaS,2.2,24,8,3,0,0,0.1585882553736372,74.6,At Risk
cust_153,Company_153,pro,1999,2023-10-24,active,15,5,Other,3.6,20,6,1,2,0,0.0434538600607433,95.0,Healthy
cust_154,Company_154,growth,799,2023-08-29,active,15,3,Other,1.0,16,2,2,1,0,0.1105772462393068,69.0,At Risk
cust_155,Company_155,growth,799,2023-01-20,active,2,3,SaaS,6.6,27,2,4,1,0,0.0647132862975291,44.2,Critical
cust_156,Company_156,growth,799,2023-07-16,active,15,1,Healthcare,9.1,18,4,2,1,0,0.0698953205870087,82.0,Healthy
cust_157,Company_157,growth,799,2023-09-14,active,5,4,SaaS,8.2,26,6,5,1,0,0.0625415131109756,65.4,At Risk
cust_158,Company_158,starter,299,2023-11-27,churned,6,4,Healthcare,5.5,19,3,2,0,1,0.1699711663927761,,
cust_159,Company_159,starter,299,2023-05-25,active,13,3,Other,1.0,20,6,0,0,0,0.2628383546975477,100.0,Healthy
cust_160,Company_160,starter,299,2023-10-13,active,22,3,Other,8.8,10,2,4,0,0,0.0972390558320035,50.0,At Risk
cust_161,Company_161,growth,799,2023-06-29,active,10,4,Ecommerce,6.2,30,2,2,1,0,0.067714685844453,70.8,At Risk
cust_162,Company_162,growth,799,2023-11-26,active,11,5,SaaS,6.6,13,6,0,1,0,0.0775080923491756,87.4,Healthy
cust_163,Company_163,starter,299,2023-04-03,active,7,4,Ecommerce,2.7,4,3,0,0,0,0.1253758646631774,55.6,At Risk
cust_164,Company_164,starter,299,2023-02-21,active,17,5,SaaS,6.8,28,3,4,0,0,0.1108623455806977,70.0,At Risk
cust_165,Company_165,starter,299,2023-03-25,active,6,5,Ecommerce,7.4,1,7,2,0,0,0.0994804910338104,49.0,Critical
cust_166,Company_166,growth,799,2023-05-02,active,15,4,Ecommerce,5.6,9,8,1,1,0,0.0810993664861724,78.5,Healthy
cust_167,Company_167,starter,299,2023-10-20,active,15,3,Healthcare,5.3,13,3,1,0,0,0.1276071657947236,74.5,At Risk
cust_168,Company_168,pro,1999,2023-03-12,active,9,4,Finance,5.8,3,2,2,2,0,0.0454694297344168,43.3,Critical
cust_169,Company_169,starter,299,2023-03-24,active,9,5,Ecommerce,8.4,2,4,3,0,0,0.1039947944084705,46.8,Critical
cust_170,Company_170,pro,1999,2023-01-14,active,14,5,Finance,2.7,2,6,1,2,0,0.0480099376247445,68.0,At Risk
cust_171,Company_171,starter,299,2023-02-20,active,23,2,Ecommerce,0.9,29,8,5,0,0,0.2563357047665611,80.0,Healthy
cust_172,Company_172,pro,1999,2023-12-28,active,16,1,SaaS,0.7,6,3,4,2,0,0.0690886361305707,49.0,Critical
cust_173,Company_173,enterprise,4999,2023-11-08,active,17,50,Finance,2.8,3,1,1,3,0,0.0407216911674451,49.5,Critical
cust_174,Company_174,growth,799,2023-11-15,churned,15,4,Other,5.6,20,4,5,1,1,0.0788634143575048,,
cust_175,Company_175,starter,299,2023-08-08,active,1,2,Other,4.5,21,2,4,0,0,0.1461598971886444,42.1,Critical
cust_176,Company_176,enterprise,4999,2023-02-04,active,17,33,Other,0.7,27,8,0,3,0,0.032657188325145,100.0,Healthy
cust_177,Company_177,growth,799,2023-07-11,active,9,3,SaaS,3.8,23,2,4,1,0,0.0642713828735848,58.8,At Risk
cust_178,Company_178,pro,1999,2023-06-20,churned,5,5,Finance,8.2,5,8,5,2,1,0.0780796026776601,,
cust_179,Company_179,growth,799,2023-04-04,churned,5,4,SaaS,3.3,1,4,0,1,1,0.1553313884826141,,
cust_180,Company_180,starter,299,2023-06-08,active,17,5,Healthcare,2.9,24,4,2,0,0,0.1658314143751282,85.0,Healthy
cust_181,Company_181,starter,299,2023-01-25,active,21,1,Finance,4.7,12,8,3,0,0,0.1158010417285068,73.0,At Risk
cust_182,Company_182,starter,299,2023-04-06,active,16,3,Other,3.0,2,7,0,0,0,0.1274609930568212,73.0,At Risk
cust_183,Company_183,growth,799,2023-04-03,active,18,1,SaaS,3.6,9,5,3,1,0,0.0815854257441976,68.5,At Risk
cust_184,Company_184,growth,799,2023-08-07,active,6,3,Healthcare,0.9,27,6,4,1,0,0.1147084624101388,67.5,At Risk
cust_185,Company_185,enterprise,4999,2023-05-21,active,21,4,SaaS,6.9,12,6,4,3,0,0.0397649102222319,68.0,At Risk
cust_186,Company_186,pro,1999,2023-12-14,active,6,2,Other,6.9,14,1,1,2,0,0.0471591930910651,53.5,At Risk
cust_187,Company_187,starter,299,2023-11-27,active,12,5,SaaS,6.2,21,8,2,0,0,0.1195991826018326,90.0,Healthy
cust_188,Company_188,starter,299,2023-02-09,churned,19,3,Healthcare,3.5,8,4,0,0,1,0.1392747210353749,,
cust_189,Company_189,starter,299,2023-04-06,active,16,5,SaaS,3.0,8,8,1,0,0,0.1227263995271941,77.0,Healthy
cust_190,Company_190,enterprise,4999,2023-05-27,active,23,32,Ecommerce,1.7,27,2,3,3,0,0.0338391966241073,70.0,At Risk
cust_191,Company_191,starter,299,2024-01-01,active,15,3,Finance,7.2,17,5,2,0,0,0.1038963001717563,85.5,Healthy
cust_192,Company_192,pro,1999,2023-12-31,active,23,2,Finance,5.3,3,4,1,2,0,0.0629342335319396,64.5,At Risk
cust_193,Company_193,starter,299,2023-09-10,active,1,5,Finance,4.9,17,3,4,0,0,0.130891390128771,42.6,Critical
cust_194,Company_194,pro,1999,2023-02-03,active,10,4,Other,4.4,13,2,1,2,0,0.0334120099886532,65.3,At Risk
cust_195,Company_195,enterprise,4999,2023-11-25,active,3,44,Other,3.8,28,3,1,3,0,0.0535095603109469,66.3,At Risk
cust_196,Company_196,growth,799,2023-01-29,active,4,3,Ecommerce,2.0,29,4,2,1,0,0.1203735019821079,68.3,At Risk
cust_197,Company_197,enterprise,4999,2023-09-23,active,10,17,Ecommerce,6.5,17,5,1,3,0,0.0424676901947483,86.3,Healthy
cust_198,Company_198,growth,799,2023-11-11,active,18,2,Other,9.4,4,3,5,1,0,0.0729226581389821,46.0,Critical
cust_199,Company_199,growth,799,2023-11-06,active,11,5,SaaS,8.3,0,2,0,1,0,0.0657432338963456,52.9,At Risk
cust_200,Company_200,enterprise,4999,2023-10-23,active,9,50,Other,4.5,20,1,3,3,0,0.0439031582664321,58.8,At Risk
cust_201,Company_201,pro,1999,2023-10-07,active,10,3,Healthcare,2.8,25,7,2,2,0,0.0485538026842278,85.8,Healthy
cust_202,Company_202,growth,799,2023-12-19,active,2,4,Healthcare,4.9,10,3,2,1,0,0.0713283558685658,44.2,Critical
cust_203,Company_203,pro,1999,2023-06-13,active,24,3,Healthcare,1.7,11,2,2,2,0,0.0471316040393643,61.5,At Risk
cust_204,Company_204,starter,299,2023-03-04,active,9,2,SaaS,1.0,30,7,4,0,0,0.1939177653226688,73.8,At Risk
cust_205,Company_205,growth,799,2023-03-23,active,11,3,Ecommerce,7.7,15,8,3,1,0,0.0564352299589764,75.4,Healthy
cust_206,Company_206,pro,1999,2023-09-12,active,1,4,Other,4.8,7,4,4,2,0,0.0780065271995601,32.6,Critical
cust_207,Company_207,starter,299,2023-01-26,active,10,4,Finance,5.6,27,2,3,0,0,0.1685093690960954,65.8,At Risk
cust_208,Company_208,starter,299,2023-05-16,active,24,4,Finance,0.9,1,4,2,0,0,0.1200377018722891,56.5,At Risk
cust_209,Company_209,growth,799,2023-02-07,active,13,5,Finance,8.3,19,2,1,1,0,0.0658219355670859,78.5,Healthy
cust_210,Company_210,enterprise,4999,2023-07-21,active,12,22,Other,9.4,24,3,1,3,0,0.0429328765121181,85.0,Healthy
cust_211,Company_211,growth,799,2023-07-25,churned,17,1,Ecommerce,7.3,25,8,4,1,1,0.0600547115354973,,
cust_212,Company_212,growth,799,2023-11-07,active,17,5,Finance,2.0,19,5,4,1,0,0.1065551541891953,78.5,Healthy
cust_213,Company_213,starter,299,2023-09-18,active,18,5,Finance,5.0,0,6,2,0,0,0.1198916223435597,60.0,At Risk
cust_214,Company_214,growth,799,2023-08-02,active,19,1,Other,5.0,30,4,5,1,0,0.0663238853566557,75.0,Healthy
cust_215,Company_215,starter,299,2023-09-03,active,6,5,Healthcare,1.9,21,4,0,0,0,0.243332690469088,82.5,Healthy
cust_216,Company_216,growth,799,2023-12-25,active,4,4,Finance,4.5,13,4,3,1,0,0.0767883763631841,52.8,At Risk
cust_217,Company_217,growth,799,2023-11-10,active,16,1,Ecommerce,5.4,17,6,5,1,0,0.0689031772544391,75.5,Healthy
cust_218,Company_218,growth,799,2023-07-12,active,11,4,Other,3.8,11,5,4,1,0,0.0858734726390745,64.4,At Risk
cust_219,Company_219,growth,799,2023-05-07,active,9,2,Finance,7.8,22,4,5,1,0,0.0546240206112609,68.8,At Risk
cust_220,Company_220,pro,1999,2023-06-12,active,16,3,Finance,1.7,21,7,3,2,0,0.0453122086411463,85.0,Healthy
cust_221,Company_221,pro,1999,2023-03-16,churned,10,1,Finance,9.3,20,5,5,2,1,0.035656017095579,,
cust_222,Company_222,growth,799,2023-04-14,active,18,5,Finance,1.8,19,4,1,1,0,0.1180944435247714,88.5,Healthy
cust_223,Company_223,starter,299,2023-09-29,active,8,1,SaaS,4.4,22,8,0,0,0,0.1796959896098089,91.7,Healthy
cust_224,Company_224,growth,799,2023-03-12,active,1,2,Healthcare,6.7,28,8,3,1,0,0.1030307446631436,62.1,At Risk
cust_225,Company_225,growth,799,2023-05-28,active,11,1,SaaS,6.7,7,1,1,1,0,0.0730063705642131,53.4,At Risk
cust_226,Company_226,growth,799,2023-04-01,active,2,4,Healthcare,2.3,23,5,0,1,0,0.1227364974638024,79.2,Healthy
cust_227,Company_227,starter,299,2023-10-18,churned,20,3,Finance,4.8,20,8,1,0,1,0.1721062249211214,,
cust_228,Company_228,pro,1999,2023-08-28,active,9,1,Finance,2.0,14,5,5,2,0,0.0706179044770902,64.8,At Risk
cust_229,Company_229,starter,299,2023-06-22,active,10,2,Ecommerce,6.3,20,7,3,0,0,0.1095280776623253,80.8,Healthy
cust_230,Company_230,growth,799,2023-02-14,active,13,2,Ecommerce,5.0,29,4,0,1,0,0.0919549481839238,95.0,Healthy
cust_231,Company_231,starter,299,2023-05-01,active,15,3,Finance,6.0,18,1,2,0,0,0.153366186783777,67.0,At Risk
cust_232,Company_232,growth,799,2023-12-21,churned,8,1,Healthcare,3.4,12,5,5,1,1,0.1047864488998953,,
cust_233,Company_233,starter,299,2023-06-01,active,12,2,Ecommerce,5.0,14,6,3,0,0,0.1106492692702764,76.0,Healthy
cust_234,Company_234,pro,1999,2023-08-30,active,18,2,Ecommerce,7.0,19,2,4,2,0,0.0428009309925863,63.5,At Risk
cust_235,Company_235,growth,799,2023-12-27,churned,12,5,SaaS,1.1,17,4,4,1,1,0.119308242732025,,
cust_236,Company_236,growth,799,2023-03-26,active,11,4,SaaS,7.0,22,8,0,1,0,0.075892699914707,97.9,Healthy
cust_237,Company_237,pro,1999,2023-08-17,active,2,5,Healthcare,4.8,1,8,5,2,0,0.0667766709436052,30.7,Critical
cust_238,Company_238,pro,1999,2023-01-12,active,13,1,Ecommerce,6.0,1,7,2,2,0,0.0491269913868513,61.5,At Risk
cust_239,Company_239,pro,1999,2023-10-05,active,2,1,Healthcare,0.8,13,3,1,2,0,0.0792332869098048,53.7,At Risk
cust_240,Company_240,pro,1999,2023-11-27,active,14,4,Healthcare,8.8,29,7,3,2,0,0.0425187654077281,85.0,Healthy
cust_241,Company_241,starter,299,2023-12-05,churned,18,3,SaaS,2.2,17,7,4,0,1,0.1847959001724522,,
cust_242,Company_242,starter,299,2023-04-25,active,1,3,Healthcare,6.9,17,7,4,0,0,0.1026560564075146,52.6,At Risk
cust_243,Company_243,starter,299,2023-04-28,active,8,2,Finance,2.3,28,2,0,0,0,0.1927277740303886,76.7,Healthy
cust_244,Company_244,pro,1999,2023-08-03,active,20,1,Ecommerce,2.5,3,1,3,2,0,0.0525296688326514,39.5,Critical
cust_245,Company_245,growth,799,2023-12-27,active,2,1,Healthcare,4.7,17,4,0,1,0,0.0776022848664678,69.7,At Risk
cust_246,Company_246,starter,299,2023-05-29,active,8,5,Finance,6.0,24,6,1,0,0,0.1367799493019972,86.7,Healthy
cust_247,Company_247,starter,299,2023-03-15,active,22,4,Finance,3.1,17,3,5,0,0,0.1560377207056073,65.5,At Risk
cust_248,Company_248,growth,799,2023-10-12,churned,16,3,Healthcare,8.0,10,7,3,1,1,0.0716981806362423,,
cust_249,Company_249,starter,299,2023-07-12,active,6,4,Ecommerce,8.6,9,3,3,0,0,0.0942171521218974,46.0,Critical
cust_250,Company_250,enterprise,4999,2023-10-15,active,14,36,Other,1.8,7,5,1,3,0,0.040591418824753,75.5,Healthy
cust_251,Company_251,starter,299,2023-02-10,active,15,1,Other,7.4,6,1,2,0,0,0.0924252406784697,49.0,Critical
cust_252,Company_252,starter,299,2023-11-06,churned,20,1,Ecommerce,8.1,18,4,3,0,1,0.0950882751955125,,
cust_253,Company_253,starter,299,2023-06-20,active,10,1,Ecommerce,9.4,30,2,5,0,0,0.0945535025128393,60.8,At Risk
cust_254,Company_254,enterprise,4999,2023-09-03,active,8,46,Ecommerce,4.3,7,6,2,3,0,0.0406167626442371,62.2,At Risk
cust_255,Company_255,starter,299,2023-10-01,active,21,3,Finance,5.4,15,8,0,0,0,0.1581078590241302,92.5,Healthy
cust_256,Company_256,pro,1999,2023-08-29,active,11,3,Finance,4.4,18,4,5,2,0,0.0498635285774853,69.9,At Risk
cust_257,Company_257,starter,299,2023-05-14,active,18,5,Healthcare,3.3,6,6,1,0,0,0.1295619381043659,74.0,At Risk
cust_258,Company_258,starter,299,2023-05-06,active,16,3,Finance,7.8,15,8,3,0,0,0.0829779362765762,77.5,Healthy
cust_259,Company_259,starter,299,2023-06-30,churned,6,5,Healthcare,2.2,28,1,4,0,1,0.2221667592042306,,
cust_260,Company_260,starter,299,2023-02-08,churned,22,1,Healthcare,1.8,20,4,0,0,1,0.2908711701566923,,
cust_261,Company_261,pro,1999,2023-01-05,active,7,3,SaaS,6.4,21,8,5,2,0,0.0471946522391325,69.6,At Risk
cust_262,Company_262,growth,799,2023-01-04,active,18,1,SaaS,5.5,8,5,0,1,0,0.0749417078716833,82.0,Healthy
cust_263,Company_263,growth,799,2023-12-24,active,22,2,SaaS,9.2,16,3,1,1,0,0.064507040069305,79.0,Healthy
cust_264,Company_264,starter,299,2023-09-27,active,9,3,Healthcare,1.3,30,7,3,0,0,0.1872067113709571,78.8,Healthy
cust_265,Company_265,growth,799,2023-12-23,active,8,1,SaaS,1.4,12,7,4,1,0,0.1322790601963517,59.7,At Risk
cust_266,Company_266,growth,799,2023-11-23,active,1,1,Healthcare,8.5,20,6,4,1,0,0.07840630995716,57.1,At Risk
cust_267,Company_267,enterprise,4999,2023-02-18,active,17,15,Ecommerce,9.1,22,8,2,3,0,0.0336396172725845,90.0,Healthy
cust_268,Company_268,starter,299,2023-02-08,active,22,5,Other,6.8,5,6,0,0,0,0.1054723944618838,77.5,Healthy
cust_269,Company_269,enterprise,4999,2023-10-28,active,5,46,Healthcare,9.3,9,3,4,3,0,0.0496718846452485,38.9,Critical
cust_270,Company_270,starter,299,2023-07-19,active,22,3,Healthcare,7.7,4,2,4,0,0,0.0929008622054368,41.0,Critical
cust_271,Company_271,pro,1999,2023-06-27,active,2,2,SaaS,3.7,24,7,2,2,0,0.0556808682815265,69.2,At Risk
cust_272,Company_272,starter,299,2023-05-20,active,15,3,Other,9.4,13,3,5,0,0,0.1290043754547483,59.5,At Risk
cust_273,Company_273,growth,799,2023-07-14,active,3,3,Ecommerce,7.3,2,5,1,1,0,0.079791409299184,49.3,Critical
cust_274,Company_274,starter,299,2023-11-21,active,5,3,Finance,1.5,0,5,3,0,0,0.1292904990046193,40.4,Critical
cust_275,Company_275,starter,299,2023-05-19,churned,4,2,Healthcare,4.8,17,7,0,0,1,0.1877153319610097,,
cust_276,Company_276,starter,299,2023-07-01,churned,18,5,Finance,8.7,0,5,3,0,1,0.2048388248512877,,
cust_277,Company_277,starter,299,2023-02-13,active,24,2,Other,5.5,21,7,1,0,0,0.1745120587531411,95.0,Healthy
cust_278,Company_278,starter,299,2023-06-04,active,9,1,Ecommerce,4.6,13,5,3,0,0,0.1120611378619194,68.3,At Risk
cust_279,Company_279,pro,1999,2023-07-04,active,9,4,Other,6.4,14,2,1,2,0,0.0437259939449327,64.8,At Risk
cust_280,Company_280,starter,299,2023-07-22,active,11,4,Finance,4.7,13,3,2,0,0,0.1170434916046404,67.4,At Risk
cust_281,Company_281,starter,299,2023-12-22,active,7,2,Healthcare,9.7,9,8,4,0,0,0.0935273530049537,53.1,At Risk
cust_282,Company_282,pro,1999,2023-06-16,active,13,4,Finance,1.6,18,4,4,2,0,0.0636048338602682,72.0,At Risk
cust_283,Company_283,enterprise,4999,2023-04-03,active,22,2,Healthcare,9.5,6,8,2,3,0,0.047367898242535,69.0,At Risk
cust_284,Company_284,pro,1999,2023-02-05,active,14,2,Finance,2.8,21,3,5,2,0,0.046265847493174,70.0,At Risk
cust_285,Company_285,growth,799,2023-07-13,active,3,5,Healthcare,6.0,17,7,4,1,0,0.0678143690700966,56.8,At Risk
cust_286,Company_286,starter,299,2023-07-04,active,23,5,Other,6.6,2,2,1,0,0,0.0963274755746571,53.0,At Risk
cust_287,Company_287,growth,799,2023-07-01,active,6,1,Other,9.8,21,7,2,1,0,0.064538718366336,77.5,Healthy
cust_288,Company_288,enterprise,4999,2023-08-09,churned,4,17,Ecommerce,5.4,16,4,3,3,1,0.0773806842155407,,
cust_289,Company_289,starter,299,2023-08-26,active,22,5,Ecommerce,3.8,0,8,0,0,0,0.1378046872937058,70.0,At Risk
cust_290,Company_290,starter,299,2023-02-13,active,4,2,Finance,3.5,14,4,4,0,0,0.1260668198973301,49.3,Critical
cust_291,Company_291,growth,799,2023-09-01,active,4,4,Finance,1.1,1,2,0,1,0,0.1327067442218453,39.8,Critical
cust_292,Company_292,pro,1999,2023-11-28,active,4,2,Ecommerce,5.4,17,3,2,2,0,0.0638508110771748,58.8,At Risk
cust_293,Company_293,growth,799,2023-08-25,active,8,2,Ecommerce,6.6,13,7,0,1,0,0.0812258456237099,81.2,Healthy
cust_294,Company_294,pro,1999,2023-04-12,active,15,4,SaaS,7.2,6,5,5,2,0,0.055680171225442,59.0,At Risk
cust_295,Company_295,pro,1999,2023-02-02,active,19,5,Ecommerce,4.0,6,8,0,2,0,0.0458804668472562,79.0,Healthy
cust_296,Company_296,starter,299,2023-09-08,active,17,3,Other,4.2,12,2,2,0,0,0.1330521641386733,63.0,At Risk
cust_297,Company_297,starter,299,2023-08-23,active,20,3,Other,6.1,21,3,2,0,0,0.1298783926739527,80.0,Healthy
cust_298,Company_298,starter,299,2023-06-06,active,4,2,Other,4.2,19,3,4,0,0,0.1551492204502044,51.8,At Risk
cust_299,Company_299,starter,299,2023-04-06,active,16,2,Other,2.1,9,3,1,0,0,0.1406907953593831,68.5,At Risk
cust_300,Company_300,starter,299,2023-08-19,churned,20,3,SaaS,5.1,6,7,4,0,1,0.1256555226252675,,
cust_301,Company_301,growth,799,2023-09-11,active,14,4,Healthcare,5.1,2,1,1,1,0,0.0776196904296499,48.0,Critical
cust_302,Company_302,starter,299,2023-05-21,active,8,2,Healthcare,5.9,24,8,4,0,0,0.1289620936502004,71.7,At Risk
cust_303,Company_303,growth,799,2023-10-21,active,4,5,Finance,5.6,24,1,5,1,0,0.0741992357226231,43.3,Critical
cust_304,Company_304,growth,799,2023-04-22,active,14,2,Finance,8.8,1,8,2,1,0,0.0743043108730813,61.5,At Risk
cust_305,Company_305,starter,299,2023-02-14,active,15,1,Ecommerce,2.5,23,6,5,0,0,0.1731175496581915,80.0,Healthy
cust_306,Company_306,growth,799,2023-08-08,active,6,2,Ecommerce,8.2,18,6,4,1,0,0.0536479901858744,64.5,At Risk
cust_307,Company_307,starter,299,2023-10-03,active,6,3,Finance,5.9,30,2,1,0,0,0.1413709985452264,67.5,At Risk
cust_308,Company_308,enterprise,4999,2023-07-30,active,2,42,Ecommerce,7.2,4,4,1,3,0,0.058086834236847,45.2,Critical
cust_309,Company_309,pro,1999,2023-05-07,active,22,2,Other,6.5,20,7,3,2,0,0.0555735987436354,85.0,Healthy
cust_310,Company_310,growth,799,2023-11-21,active,3,3,Finance,4.8,15,6,4,1,0,0.0639010486618972,53.8,At Risk
cust_311,Company_311,starter,299,2023-02-17,active,24,3,SaaS,8.1,12,4,3,0,0,0.0864638459476521,68.0,At Risk
cust_312,Company_312,pro,1999,2023-09-11,active,9,3,Finance,5.7,4,8,2,2,0,0.0498317064260574,59.8,At Risk
cust_313,Company_313,pro,1999,2023-01-25,active,2,4,SaaS,1.7,27,3,3,2,0,0.0572570007346612,54.2,At Risk
cust_314,Company_314,growth,799,2023-08-08,active,7,2,Finance,2.0,29,5,0,1,0,0.1451928555190378,89.6,Healthy
cust_315,Company_315,growth,799,2023-05-09,active,3,2,SaaS,4.3,9,4,3,1,0,0.0687568879163836,44.8,Critical
cust_316,Company_316,growth,799,2023-12-27,churned,4,4,SaaS,1.8,7,8,0,1,1,0.2121416255115755,,
cust_317,Company_317,starter,299,2023-06-25,active,4,4,Ecommerce,5.0,7,7,0,0,0,0.1202842745226878,63.8,At Risk
cust_318,Company_318,pro,1999,2023-02-22,active,4,3,Ecommerce,4.1,26,3,5,2,0,0.0563837839713846,53.3,At Risk
cust_319,Company_319,enterprise,4999,2023-03-15,active,3,1,Other,6.7,14,6,5,3,0,0.0409958697145419,52.3,At Risk
cust_320,Company_320,starter,299,2023-03-19,active,14,4,Ecommerce,1.3,3,3,0,0,0,0.1352557356053942,64.5,At Risk
cust_321,Company_321,growth,799,2023-07-16,active,12,3,Ecommerce,2.9,20,2,1,1,0,0.0810390502783889,80.0,Healthy
cust_322,Company_322,growth,799,2023-11-04,active,24,1,Finance,2.5,19,4,5,1,0,0.0716900850168747,73.5,At Risk
cust_323,Company_323,starter,299,2023-11-27,active,2,2,Healthcare,4.2,7,8,5,0,0,0.1064058432331645,39.7,Critical
cust_324,Company_324,growth,799,2023-09-28,active,1,3,Ecommerce,4.2,26,7,2,1,0,0.1093525658583069,67.1,At Risk
cust_325,Company_325,growth,799,2023-03-30,active,16,1,SaaS,6.1,0,5,1,1,0,0.0750803693543668,65.0,At Risk
cust_326,Company_326,starter,299,2023-01-31,active,13,5,Healthcare,4.5,12,2,5,0,0,0.1364789175312257,53.0,At Risk
cust_327,Company_327,growth,799,2023-11-12,active,5,3,SaaS,5.4,6,3,4,1,0,0.0844029511401841,34.4,Critical
cust_328,Company_328,starter,299,2023-10-28,active,21,1,Finance,7.1,23,4,0,0,0,0.1573915140241266,95.0,Healthy
cust_329,Company_329,starter,299,2023-08-11,active,4,5,SaaS,3.4,23,3,0,0,0,0.1922643917107797,73.3,At Risk
cust_330,Company_330,starter,299,2023-03-12,churned,23,4,Finance,5.5,25,5,1,0,1,0.2333430835154468,,
cust_331,Company_331,starter,299,2023-05-18,active,24,1,Finance,8.2,8,2,2,0,0,0.0750670711400203,57.0,At Risk
cust_332,Company_332,pro,1999,2023-10-23,active,21,4,Other,3.9,15,3,2,2,0,0.0486054735885681,72.5,At Risk
cust_333,Company_333,starter,299,2023-02-22,active,19,1,Ecommerce,7.5,0,1,0,0,0,0.1314409838852078,50.0,At Risk
cust_334,Company_334,starter,299,2023-08-30,active,12,2,Ecommerce,9.3,27,1,4,0,0,0.1224728923410194,60.0,At Risk
cust_335,Company_335,pro,1999,2024-01-01,active,24,2,Finance,2.9,29,6,2,2,0,0.0452280998169542,90.0,Healthy
cust_336,Company_336,pro,1999,2023-10-20,active,12,1,Ecommerce,2.6,16,1,3,2,0,0.0460073254330659,59.0,At Risk
cust_337,Company_337,starter,299,2023-08-27,active,10,3,Finance,1.3,14,1,2,0,0,0.1718557471127239,56.8,At Risk
cust_338,Company_338,starter,299,2023-10-16,active,10,2,Healthcare,4.0,15,4,5,0,0,0.1317555029444514,63.3,At Risk
cust_339,Company_339,enterprise,4999,2023-05-06,churned,5,27,SaaS,2.7,11,1,2,3,1,0.0960639252794635,,
cust_340,Company_340,starter,299,2023-12-03,active,13,3,SaaS,2.4,7,7,3,0,0,0.1222103713030951,65.5,At Risk
cust_341,Company_341,enterprise,4999,2023-03-14,active,23,3,Ecommerce,9.0,16,7,5,3,0,0.0366372652629988,74.0,At Risk
cust_342,Company_342,pro,1999,2023-08-23,active,24,1,Other,1.8,26,7,0,2,0,0.0374263302601004,100.0,Healthy
cust_343,Company_343,growth,799,2023-02-01,active,14,2,Ecommerce,3.3,27,6,3,1,0,0.0873658399559921,85.0,Healthy
cust_344,Company_344,pro,1999,2023-06-17,active,11,2,SaaS,9.5,4,2,1,2,0,0.0430716088276708,53.9,At Risk
cust_345,Company_345,starter,299,2023-08-19,active,15,1,Other,3.9,24,4,3,0,0,0.1744110269623235,80.0,Healthy
cust_346,Company_346,starter,299,2023-05-16,churned,4,3,Other,0.9,26,6,1,0,1,0.2420534692951885,,
cust_347,Company_347,starter,299,2023-05-08,active,12,1,Finance,3.0,5,1,3,0,0,0.1418110133353145,42.5,Critical
cust_348,Company_348,pro,1999,2023-10-12,active,24,1,Healthcare,1.5,25,3,0,2,0,0.0338712403614783,90.0,Healthy
cust_349,Company_349,starter,299,2023-04-24,active,5,4,Finance,7.0,30,2,4,0,0,0.098468410374801,50.4,At Risk
cust_350,Company_350,growth,799,2023-02-08,active,1,2,Healthcare,8.2,2,6,0,1,0,0.1082723829729507,50.1,At Risk
cust_351,Company_351,starter,299,2023-08-25,active,2,5,Healthcare,8.3,12,8,0,0,0,0.0964887899303302,67.2,At Risk
cust_352,Company_352,starter,299,2023-08-07,active,6,2,Finance,3.2,28,3,0,0,0,0.1677226962867272,77.5,Healthy
cust_353,Company_353,growth,799,2023-11-12,active,8,4,Healthcare,8.9,15,1,0,1,0,0.0702311611445111,64.2,At Risk
cust_354,Company_354,starter,299,2023-03-12,active,14,5,Ecommerce,6.5,25,1,3,0,0,0.164968138950959,65.0,At Risk
cust_355,Company_355,pro,1999,2023-07-03,active,16,4,Finance,9.2,16,6,3,2,0,0.0447758876902089,79.0,Healthy
cust_356,Company_356,starter,299,2023-01-14,active,11,1,Finance,1.1,15,6,4,0,0,0.1631847872978097,70.4,At Risk
cust_357,Company_357,enterprise,4999,2023-03-23,active,4,16,Finance,5.6,25,1,1,3,0,0.0571302247877648,58.3,At Risk
cust_358,Company_358,growth,799,2023-07-18,active,12,2,Ecommerce,2.7,10,6,4,1,0,0.0947161566070672,65.0,At Risk
cust_359,Company_359,starter,299,2023-12-25,active,12,5,Ecommerce,5.8,6,8,4,0,0,0.1176147842688245,59.0,At Risk
cust_360,Company_360,starter,299,2023-09-09,churned,2,2,Other,2.6,16,8,0,0,1,0.2339523843224758,,
cust_361,Company_361,starter,299,2023-11-11,active,7,3,Ecommerce,9.2,27,6,0,0,0,0.1242214457063051,89.6,Healthy
cust_362,Company_362,starter,299,2023-10-28,active,23,1,Other,8.7,30,2,2,0,0,0.1099994752100417,75.0,Healthy
cust_363,Company_363,pro,1999,2023-12-06,active,13,3,Finance,3.6,5,7,5,2,0,0.0685397040882177,57.5,At Risk
cust_364,Company_364,enterprise,4999,2023-11-29,active,11,36,Other,8.0,7,3,3,3,0,0.0402378903665043,53.4,At Risk
cust_365,Company_365,starter,299,2023-12-19,churned,10,1,Other,4.2,24,1,1,0,1,0.2163172581931404,,
cust_366,Company_366,growth,799,2023-11-10,active,8,1,Healthcare,1.8,23,2,1,1,0,0.0983827062183903,71.7,At Risk
cust_367,Company_367,starter,299,2023-06-13,active,6,1,Finance,4.7,8,4,1,0,0,0.1155984094792723,59.5,At Risk
cust_368,Company_368,growth,799,2023-06-29,active,9,1,SaaS,4.2,23,7,1,1,0,0.0774068461631024,88.8,Healthy
cust_369,Company_369,pro,1999,2023-09-10,active,13,4,SaaS,8.4,25,4,1,2,0,0.0445471437426982,90.0,Healthy
cust_370,Company_370,growth,799,2023-01-18,churned,10,3,SaaS,1.2,5,7,1,1,1,0.166741874628943,,
cust_371,Company_371,pro,1999,2023-10-08,active,3,5,Healthcare,7.2,13,3,4,2,0,0.047995229597933,40.8,Critical
cust_372,Company_372,pro,1999,2023-03-22,active,2,2,Ecommerce,4.4,17,5,5,2,0,0.0459988767355192,54.7,At Risk
cust_373,Company_373,starter,299,2023-05-02,churned,4,5,Other,8.5,4,1,2,0,1,0.1200761717322332,,
cust_374,Company_374,starter,299,2023-02-14,active,10,5,Healthcare,2.4,0,4,1,0,0,0.1237149008571796,55.8,At Risk
cust_375,Company_375,growth,799,2023-02-11,active,16,3,Healthcare,5.0,28,5,0,1,0,0.0830925397289615,100.0,Healthy
cust_376,Company_376,growth,799,2023-07-18,active,6,4,Finance,2.3,1,5,3,1,0,0.1086048762416064,44.0,Critical
cust_377,Company_377,growth,799,2023-04-26,active,9,2,SaaS,1.3,11,7,4,1,0,0.1282839071282271,60.3,At Risk
cust_378,Company_378,starter,299,2023-02-01,active,13,4,Other,7.0,29,8,4,0,0,0.1300465841811661,80.0,Healthy
cust_379,Company_379,pro,1999,2023-09-01,active,10,1,Other,5.9,16,3,0,2,0,0.0524950200030191,79.8,Healthy
cust_380,Company_380,enterprise,4999,2023-08-18,active,6,11,Ecommerce,8.2,4,1,3,3,0,0.0417453138083485,28.5,Critical
cust_381,Company_381,starter,299,2023-12-16,active,14,2,Other,2.9,29,2,0,0,0,0.1868406541973244,85.0,Healthy
cust_382,Company_382,starter,299,2023-07-23,active,18,3,Other,4.9,27,1,5,0,0,0.1832615578824137,60.0,At Risk
cust_383,Company_383,growth,799,2023-09-25,active,14,2,Ecommerce,5.9,18,2,0,1,0,0.072260170146956,82.0,Healthy
cust_384,Company_384,growth,799,2023-02-21,active,10,3,Healthcare,3.0,20,8,4,1,0,0.0773220678413461,75.8,Healthy
cust_385,Company_385,growth,799,2023-01-20,active,6,2,Other,6.3,22,7,0,1,0,0.0834322501787999,87.5,Healthy
cust_386,Company_386,starter,299,2023-06-19,active,23,4,Finance,9.0,0,6,2,0,0,0.1563785842574717,60.0,At Risk
cust_387,Company_387,starter,299,2023-09-09,active,23,2,Ecommerce,3.4,23,8,2,0,0,0.1709507720191063,90.0,Healthy
cust_388,Company_388,starter,299,2023-08-02,active,20,2,Healthcare,2.5,26,7,5,0,0,0.1779508954936657,80.0,Healthy
cust_389,Company_389,growth,799,2023-09-22,active,12,5,Ecommerce,1.1,22,7,1,1,0,0.1228485986322867,95.0,Healthy
cust_390,Company_390,pro,1999,2023-09-26,churned,19,2,Ecommerce,8.5,7,1,3,2,1,0.0498341986099755,,
cust_391,Company_391,starter,299,2023-07-04,active,23,3,Healthcare,5.3,20,2,5,0,0,0.1620574582343757,65.0,At Risk
cust_392,Company_392,starter,299,2023-07-10,active,16,2,Healthcare,6.1,11,6,1,0,0,0.0943005888887784,81.5,Healthy
cust_393,Company_393,pro,1999,2023-05-13,active,24,1,Finance,0.8,1,3,4,2,0,0.0853245638409577,41.5,Critical
cust_394,Company_394,pro,1999,2023-04-20,active,8,2,Finance,6.7,16,1,5,2,0,0.041974688751475,45.7,Critical
cust_395,Company_395,starter,299,2023-03-09,active,21,1,Ecommerce,2.9,25,5,5,0,0,0.1663381620160588,80.0,Healthy
cust_396,Company_396,enterprise,4999,2023-11-26,active,9,25,Finance,4.9,6,8,2,3,0,0.0419096776697301,62.8,At Risk
cust_397,Company_397,growth,799,2023-11-16,active,13,1,Other,10.0,30,6,4,1,0,0.0598657031584162,80.0,Healthy
cust_398,Company_398,growth,799,2023-11-08,active,10,1,Healthcare,1.1,8,6,2,1,0,0.1229854446934226,67.8,At Risk
cust_399,Company_399,starter,299,2023-12-31,active,21,2,Other,7.8,28,1,4,0,0,0.099029163161369,60.0,At Risk
cust_400,Company_400,growth,799,2023-06-13,active,22,1,Healthcare,10.0,8,7,3,1,0,0.0744705993954058,67.0,At Risk
cust_401,Company_401,starter,299,2023-01-19,active,19,5,Ecommerce,3.8,22,4,5,0,0,0.166334461415572,75.0,Healthy
cust_402,Company_402,growth,799,2023-09-01,active,22,3,Ecommerce,8.5,28,3,2,1,0,0.0600786327455309,80.0,Healthy
cust_403,Company_403,starter,299,2023-03-07,active,24,5,Ecommerce,9.5,28,6,5,0,0,0.1243302344377684,80.0,Healthy
cust_404,Company_404,starter,299,2023-07-01,active,8,3,Healthcare,8.0,10,6,2,0,0,0.086870740757847,66.7,At Risk
cust_405,Company_405,growth,799,2023-08-26,active,4,5,Other,9.5,2,8,1,1,0,0.1026435391274071,51.3,At Risk
cust_406,Company_406,growth,799,2023-12-15,active,13,4,SaaS,8.8,4,3,1,1,0,0.0824479427498129,61.0,At Risk
cust_407,Company_407,starter,299,2023-10-19,churned,15,2,SaaS,5.1,20,3,2,0,1,0.1746559714948253,,
cust_408,Company_408,growth,799,2023-01-03,active,15,2,Other,7.8,15,2,1,1,0,0.0622983138173956,72.5,At Risk
cust_409,Company_409,growth,799,2023-11-21,active,14,4,Healthcare,0.5,17,4,5,1,0,0.1096358101386519,70.5,At Risk
cust_410,Company_410,starter,299,2023-01-08,active,11,5,Ecommerce,0.7,0,4,1,0,0,0.1311645300817291,57.9,At Risk
cust_411,Company_411,growth,799,2023-06-26,active,10,4,Other,6.1,5,2,0,1,0,0.0710714001419055,58.3,At Risk
cust_412,Company_412,starter,299,2023-05-29,active,15,5,Other,3.7,28,3,2,0,0,0.1653492503915536,80.0,Healthy
cust_413,Company_413,enterprise,4999,2023-09-08,active,12,11,Healthcare,0.7,7,3,1,3,0,0.0401082145058572,65.5,At Risk
cust_414,Company_414,pro,1999,2023-10-29,active,17,3,SaaS,4.1,20,5,4,2,0,0.0443805127916687,80.0,Healthy
cust_415,Company_415,growth,799,2023-11-01,active,2,1,SaaS,7.1,13,8,3,1,0,0.0782459363554257,53.7,At Risk
cust_416,Company_416,starter,299,2023-05-10,active,16,2,SaaS,3.4,21,2,5,0,0,0.1751650096207281,65.0,At Risk
cust_417,Company_417,growth,799,2023-11-15,active,20,4,SaaS,5.4,19,2,2,1,0,0.070213977054623,73.5,At Risk
cust_418,Company_418,starter,299,2023-02-24,active,16,2,Finance,8.4,6,6,5,0,0,0.1005132205226585,59.0,At Risk
cust_419,Company_419,growth,799,2023-03-24,active,2,2,Healthcare,3.6,0,1,5,1,0,0.1118225701312291,9.2,Critical
cust_420,Company_420,starter,299,2023-02-26,active,19,2,SaaS,7.9,2,2,2,0,0,0.0828623513247735,48.0,Critical
cust_421,Company_421,growth,799,2023-08-22,active,10,1,SaaS,8.2,27,1,2,1,0,0.0616596260043903,65.8,At Risk
cust_422,Company_422,starter,299,2023-12-13,active,11,1,SaaS,8.6,28,1,0,0,0,0.1239281296345754,77.9,Healthy
cust_423,Company_423,pro,1999,2023-12-06,active,21,3,Healthcare,9.6,8,2,2,2,0,0.0444602495797172,57.0,At Risk
cust_424,Company_424,pro,1999,2023-04-04,active,4,4,Finance,8.4,22,8,3,2,0,0.0490938303473789,68.3,At Risk
cust_425,Company_425,growth,799,2023-03-27,active,4,1,Ecommerce,1.5,29,8,4,1,0,0.1182645154771396,63.3,At Risk
cust_426,Company_426,growth,799,2023-04-03,active,20,3,Other,0.8,21,3,3,1,0,0.0946623874393965,75.0,Healthy
cust_427,Company_427,enterprise,4999,2023-02-27,active,14,5,Finance,6.7,0,4,5,3,0,0.0405609543633399,45.0,Critical
cust_428,Company_428,pro,1999,2023-09-23,active,17,5,SaaS,4.6,23,4,3,2,0,0.0505822513242155,80.0,Healthy
cust_429,Company_429,starter,299,2023-12-13,active,21,5,Other,1.0,20,3,4,0,0,0.2013497188375161,70.0,At Risk
cust_430,Company_430,pro,1999,2023-09-11,active,6,4,Finance,2.8,8,1,4,2,0,0.0574080641429534,29.5,Critical
cust_431,Company_431,starter,299,2023-11-26,active,13,2,SaaS,4.9,25,8,0,0,0,0.2000664405919786,100.0,Healthy
cust_432,Company_432,pro,1999,2023-08-17,active,11,4,SaaS,1.5,13,1,4,2,0,0.0503742901691883,47.4,Critical
cust_433,Company_433,growth,799,2023-02-16,active,20,3,Other,5.8,20,8,2,1,0,0.0790962022497965,90.0,Healthy
cust_434,Company_434,starter,299,2023-01-28,active,8,3,Other,7.8,19,8,5,0,0,0.0882852481416271,70.2,At Risk
cust_435,Company_435,growth,799,2023-08-20,active,4,2,SaaS,3.7,26,5,4,1,0,0.0768064749718504,63.3,At Risk
cust_436,Company_436,growth,799,2023-12-26,churned,4,2,Healthcare,1.8,22,7,0,1,1,0.1853256134207578,,
cust_437,Company_437,starter,299,2023-04-11,churned,7,4,Ecommerce,4.8,25,4,5,0,1,0.1842045788705044,,
cust_438,Company_438,starter,299,2023-08-01,active,2,5,SaaS,7.8,14,8,5,0,0,0.0869317462149219,50.2,At Risk
cust_439,Company_439,growth,799,2023-09-16,active,5,1,Other,7.5,17,7,4,1,0,0.0635805270163555,60.9,At Risk
cust_440,Company_440,growth,799,2023-09-18,active,6,2,Ecommerce,1.5,21,6,4,1,0,0.1069768774378261,67.5,At Risk
cust_441,Company_441,pro,1999,2023-08-03,active,20,2,Finance,4.3,10,5,3,2,0,0.0539808943365923,70.0,At Risk
cust_442,Company_442,pro,1999,2023-03-12,active,14,5,Finance,8.5,17,6,5,2,0,0.0373627987864682,75.5,Healthy
cust_443,Company_443,pro,1999,2023-10-11,active,21,2,Other,7.3,21,6,5,2,0,0.0476932823298927,80.0,Healthy
cust_444,Company_444,starter,299,2023-12-30,active,21,2,Other,5.7,20,6,5,0,0,0.1505970770389003,80.0,Healthy
cust_445,Company_445,starter,299,2023-06-30,active,18,5,Healthcare,6.9,28,5,3,0,0,0.1112774422804554,85.0,Healthy
cust_446,Company_446,pro,1999,2023-09-25,churned,4,2,SaaS,6.9,6,5,1,2,1,0.0773619851704459,,
cust_447,Company_447,enterprise,4999,2023-12-16,active,9,4,Finance,2.4,17,1,2,3,0,0.0483044966759626,59.3,At Risk
cust_448,Company_448,pro,1999,2023-02-22,active,20,5,Ecommerce,7.6,17,7,1,2,0,0.048052961112205,90.5,Healthy
cust_449,Company_449,growth,799,2023-12-23,active,10,1,Healthcare,4.2,30,6,4,1,0,0.0644505914078525,75.8,Healthy
cust_450,Company_450,starter,299,2023-05-09,active,7,4,Ecommerce,9.2,22,6,4,0,0,0.0970007896665521,69.6,At Risk
cust_451,Company_451,growth,799,2023-11-05,active,7,2,Finance,4.8,21,2,1,1,0,0.0737278522384739,69.6,At Risk
cust_452,Company_452,enterprise,4999,2023-09-21,active,4,28,Finance,5.8,4,3,4,3,0,0.0532856998205085,29.3,Critical
cust_453,Company_453,pro,1999,2023-01-03,active,11,2,SaaS,2.0,10,1,5,2,0,0.0756471087181642,42.9,Critical
cust_454,Company_454,growth,799,2023-12-05,active,10,5,Other,3.9,25,6,4,1,0,0.0675260494722152,75.8,Healthy
cust_455,Company_455,starter,299,2023-04-05,churned,17,5,Ecommerce,4.5,17,7,0,0,1,0.1965826144976619,,
cust_456,Company_456,starter,299,2023-04-20,active,22,3,Finance,2.6,24,8,4,0,0,0.1645519760126542,80.0,Healthy
cust_457,Company_457,pro,1999,2023-11-29,active,1,3,Healthcare,2.8,20,4,0,2,0,0.0815855334688737,72.1,At Risk
cust_458,Company_458,growth,799,2023-06-14,active,13,1,Healthcare,2.9,23,5,0,1,0,0.0962823517437376,100.0,Healthy
cust_459,Company_459,enterprise,4999,2023-07-11,active,17,29,Healthcare,0.9,28,4,2,3,0,0.0374350597821586,85.0,Healthy
cust_460,Company_460,growth,799,2023-02-19,active,6,5,Other,0.6,2,4,5,1,0,0.1230944307788617,35.5,Critical
cust_461,Company_461,growth,799,2023-04-20,active,22,1,Ecommerce,5.6,22,7,5,1,0,0.0671218595010469,80.0,Healthy
cust_462,Company_462,pro,1999,2023-02-06,active,24,1,Healthcare,7.3,1,2,0,2,0,0.039303155250093,56.5,At Risk
cust_463,Company_463,starter,299,2023-05-09,churned,18,2,Finance,4.4,14,7,3,0,1,0.1252660011674423,,
cust_464,Company_464,starter,299,2023-07-19,churned,22,1,Other,1.1,23,1,5,0,1,0.26398573162835,,
cust_465,Company_465,pro,1999,2023-07-03,active,17,3,Other,1.3,24,8,3,2,0,0.0365518636953517,85.0,Healthy
cust_466,Company_466,starter,299,2023-12-05,active,1,5,Ecommerce,1.8,12,5,5,0,0,0.1354272759082616,45.1,Critical
cust_467,Company_467,starter,299,2023-12-13,active,24,1,Other,8.8,4,2,0,0,0,0.1030431651796139,61.0,At Risk
cust_468,Company_468,starter,299,2023-11-02,active,13,1,Finance,2.5,23,6,1,0,0,0.1845161514639019,95.0,Healthy
cust_469,Company_469,growth,799,2023-11-27,active,17,2,Ecommerce,6.4,8,4,0,1,0,0.0746722086279727,77.0,Healthy
cust_470,Company_470,starter,299,2023-10-18,active,2,5,Healthcare,6.6,2,5,5,0,0,0.1104615457469473,32.2,Critical
cust_471,Company_471,starter,299,2023-02-20,active,7,4,Finance,3.9,21,4,0,0,0,0.1910710467543231,84.6,Healthy
cust_472,Company_472,starter,299,2023-02-05,active,7,4,Finance,6.4,9,3,4,0,0,0.0897932708435912,43.1,Critical
cust_473,Company_473,growth,799,2023-06-11,active,14,3,Ecommerce,8.0,22,7,2,1,0,0.0685837241213105,90.0,Healthy
cust_474,Company_474,pro,1999,2023-03-10,active,22,4,Healthcare,4.7,24,5,3,2,0,0.0469589656329568,85.0,Healthy
cust_475,Company_475,growth,799,2023-03-31,active,21,3,Ecommerce,9.0,6,5,5,1,0,0.0802330983583027,59.0,At Risk
cust_476,Company_476,pro,1999,2023-02-09,active,24,1,Other,6.5,26,7,4,2,0,0.0500485110478196,80.0,Healthy
cust_477,Company_477,starter,299,2023-01-19,active,18,5,Healthcare,6.7,4,6,3,0,0,0.0933252870588304,61.0,At Risk
cust_478,Company_478,starter,299,2023-10-29,active,24,2,Healthcare,5.3,2,7,2,0,0,0.1127952534147455,63.0,At Risk
cust_479,Company_479,growth,799,2023-12-06,active,8,5,Ecommerce,7.7,4,8,1,1,0,0.0799490325031558,62.7,At Risk
cust_480,Company_480,starter,299,2023-10-17,active,22,2,Healthcare,9.4,1,4,3,0,0,0.117152105629704,51.5,At Risk
cust_481,Company_481,starter,299,2023-05-16,active,12,2,Other,9.1,11,7,3,0,0,0.0939926368404964,71.5,At Risk
cust_482,Company_482,enterprise,4999,2023-01-24,active,2,21,SaaS,7.2,16,5,5,3,0,0.0441134192046943,53.2,At Risk
cust_483,Company_483,starter,299,2023-10-06,active,19,4,Finance,6.1,28,2,4,0,0,0.1295857642938088,65.0,At Risk
cust_484,Company_484,starter,299,2023-04-25,active,17,3,Healthcare,8.0,28,1,4,0,0,0.1041401488029355,60.0,At Risk
cust_485,Company_485,pro,1999,2023-08-14,active,6,5,Finance,2.5,5,3,2,2,0,0.072185743361488,45.0,Critical
cust_486,Company_486,growth,799,2023-03-02,active,22,3,SaaS,5.1,15,8,1,1,0,0.072638579037379,87.5,Healthy
cust_487,Company_487,growth,799,2023-11-28,churned,14,1,Ecommerce,5.9,5,3,5,1,1,0.099130550915355,,
cust_488,Company_488,growth,799,2023-10-21,churned,5,3,Ecommerce,5.4,12,1,5,1,1,0.0886982191668465,,
cust_489,Company_489,pro,1999,2023-05-26,active,3,5,Healthcare,8.7,5,4,3,2,0,0.0680059934899382,38.8,Critical
cust_490,Company_490,growth,799,2023-10-26,active,6,5,Finance,2.1,21,6,3,1,0,0.1147356773806505,72.5,At Risk
cust_491,Company_491,growth,799,2023-02-05,active,8,2,SaaS,0.7,16,7,1,1,0,0.1339401048483247,80.7,Healthy
cust_492,Company_492,growth,799,2023-04-01,active,16,5,SaaS,8.8,17,2,0,1,0,0.0797344180161458,80.5,Healthy
cust_493,Company_493,growth,799,2023-03-08,active,20,1,Healthcare,5.5,11,1,5,1,0,0.0892354815758955,46.5,Critical
cust_494,Company_494,growth,799,2023-04-28,active,16,4,Finance,6.1,23,2,3,1,0,0.0684199601873371,70.0,At Risk
cust_495,Company_495,starter,299,2023-09-02,active,8,1,Finance,6.2,17,7,2,0,0,0.1011779483516935,77.2,Healthy
cust_496,Company_496,starter,299,2023-12-30,active,24,5,Other,1.6,0,7,5,0,0,0.1505199832638648,50.0,At Risk
cust_497,Company_497,starter,299,2023-06-11,active,14,2,Healthcare,6.7,8,5,4,0,0,0.079834785087123,62.0,At Risk
cust_498,Company_498,growth,799,2023-07-07,active,20,4,Ecommerce,4.4,25,8,1,1,0,0.071705623002764,95.0,Healthy
cust_499,Company_499,starter,299,2023-10-12,active,16,3,Other,3.8,22,7,5,0,0,0.1485359482235341,80.0,Healthy
cust_500,Company_500,starter,299,2023-12-04,active,4,4,Ecommerce,1.5,16,7,2,0,0,0.1797639513224215,67.3,At Risk
cust_501,Company_501,pro,1999,2023-11-11,active,23,1,Ecommerce,4.2,20,1,0,2,0,0.0444160567151582,80.0,Healthy
cust_502,Company_502,pro,1999,2023-08-30,active,20,1,Finance,2.6,2,1,5,2,0,0.0713331005457888,33.0,Critical
cust_503,Company_503,starter,299,2023-07-25,active,20,3,Other,1.0,24,3,5,0,0,0.2019155632606448,70.0,At Risk
cust_504,Company_504,growth,799,2023-01-06,active,7,5,Finance,2.4,25,4,4,1,0,0.0832811144507861,64.6,At Risk
cust_505,Company_505,starter,299,2023-01-19,active,12,1,Ecommerce,1.3,8,7,2,0,0,0.1368678087252275,72.0,At Risk
cust_506,Company_506,growth,799,2023-07-27,active,19,1,SaaS,9.2,17,5,5,1,0,0.0586464275745543,75.5,Healthy
cust_507,Company_507,pro,1999,2023-10-26,active,12,3,Ecommerce,6.3,6,8,3,2,0,0.0553497531830703,64.0,At Risk
cust_508,Company_508,growth,799,2023-05-14,active,6,1,Other,1.2,9,6,0,1,0,0.1560078272127055,71.0,At Risk
cust_509,Company_509,pro,1999,2023-05-12,active,18,5,Finance,7.1,30,7,4,2,0,0.0641754540163558,80.0,Healthy
cust_510,Company_510,growth,799,2023-05-05,active,11,4,Healthcare,9.0,27,1,3,1,0,0.0617834579476274,62.9,At Risk
cust_511,Company_511,starter,299,2023-02-04,active,13,2,Ecommerce,8.1,13,6,4,0,0,0.0824189011784699,69.5,At Risk
cust_512,Company_512,growth,799,2023-12-25,active,9,1,Healthcare,6.9,26,6,0,1,0,0.0871344943495716,93.8,Healthy
cust_513,Company_513,growth,799,2023-04-02,active,16,2,Other,3.1,30,4,3,1,0,0.0725321376556426,80.0,Healthy
cust_514,Company_514,pro,1999,2023-05-01,active,24,3,Ecommerce,2.7,26,4,4,2,0,0.0520231724758226,75.0,Healthy
cust_515,Company_515,starter,299,2023-02-24,active,4,4,Other,0.6,27,1,3,0,0,0.2155637511772531,48.3,Critical
cust_516,Company_516,starter,299,2023-06-11,active,16,5,Finance,5.2,24,5,3,0,0,0.1495311435227031,85.0,Healthy
cust_517,Company_517,starter,299,2023-10-23,churned,5,4,Healthcare,9.4,1,6,3,0,1,0.1443737878447931,,
cust_518,Company_518,pro,1999,2023-03-31,active,15,5,Healthcare,3.5,0,1,5,2,0,0.056688865490236,30.0,Critical
cust_519,Company_519,starter,299,2023-10-25,active,4,5,Finance,2.3,8,4,2,0,0,0.1224043588484033,50.3,At Risk
cust_520,Company_520,growth,799,2023-11-10,active,11,4,Healthcare,2.5,22,6,2,1,0,0.086533646078377,87.9,Healthy
cust_521,Company_521,pro,1999,2023-05-24,active,15,2,Other,7.0,26,2,5,2,0,0.0428139926018498,65.0,At Risk
cust_522,Company_522,starter,299,2023-05-01,active,18,4,Ecommerce,1.9,30,3,3,0,0,0.1714803674968368,75.0,Healthy
cust_523,Company_523,pro,1999,2023-04-01,active,14,5,Other,7.3,25,8,2,2,0,0.0373260933224528,90.0,Healthy
cust_524,Company_524,starter,299,2023-10-18,active,2,2,SaaS,2.5,8,8,5,0,0,0.130544767363326,41.2,Critical
cust_525,Company_525,starter,299,2023-06-21,active,9,5,Other,9.4,8,6,0,0,0,0.0930535761585734,75.8,Healthy
cust_526,Company_526,growth,799,2023-06-29,active,22,2,Other,6.0,20,3,2,1,0,0.0749998024611054,80.0,Healthy
cust_527,Company_527,starter,299,2023-12-11,active,17,4,SaaS,4.1,9,8,5,0,0,0.1160323913407792,63.5,At Risk
cust_528,Company_528,enterprise,4999,2023-03-27,active,21,22,Healthcare,6.5,18,7,0,3,0,0.0406317066886469,97.0,Healthy
cust_529,Company_529,starter,299,2023-06-25,active,8,3,Finance,6.3,12,5,3,0,0,0.0842811511460397,64.7,At Risk
cust_530,Company_530,pro,1999,2023-07-05,active,24,4,Healthcare,2.1,27,1,1,2,0,0.0312967326236107,75.0,Healthy
cust_531,Company_531,pro,1999,2023-12-05,active,9,1,Ecommerce,2.1,3,2,0,2,0,0.0464063006711028,53.3,At Risk
cust_532,Company_532,enterprise,4999,2023-08-31,active,18,50,Healthcare,5.5,2,2,2,3,0,0.034100435631466,48.0,Critical
cust_533,Company_533,growth,799,2023-02-13,active,21,4,Finance,2.7,23,5,3,1,0,0.0746911622959572,85.0,Healthy
cust_534,Company_534,growth,799,2023-03-09,active,17,1,SaaS,6.8,27,6,3,1,0,0.0821057452392577,85.0,Healthy
cust_535,Company_535,growth,799,2023-10-04,active,9,2,Other,2.2,19,8,5,1,0,0.097565359012797,72.3,At Risk
cust_536,Company_536,pro,1999,2023-10-16,active,14,5,Finance,9.1,15,4,0,2,0,0.0459838739495602,87.5,Healthy
cust_537,Company_537,growth,799,2023-07-07,active,14,3,SaaS,0.5,26,3,2,1,0,0.1111761191266883,80.0,Healthy
cust_538,Company_538,starter,299,2023-10-01,active,1,4,Healthcare,3.3,24,7,2,0,0,0.1357636998661729,67.1,At Risk
cust_539,Company_539,growth,799,2023-01-04,active,18,4,Other,4.7,7,3,5,1,0,0.0837835618875732,50.5,At Risk
cust_540,Company_540,pro,1999,2023-07-19,active,13,1,Healthcare,6.4,16,5,2,2,0,0.0562563482148113,84.0,Healthy
cust_541,Company_541,growth,799,2023-09-30,active,9,1,Ecommerce,1.8,3,8,4,1,0,0.1270900983104243,48.3,Critical
cust_542,Company_542,growth,799,2023-12-25,active,20,3,SaaS,1.9,17,1,1,1,0,0.0905234403536336,70.5,At Risk
cust_543,Company_543,enterprise,4999,2023-05-25,active,9,29,SaaS,2.7,4,1,3,3,0,0.0471188985434155,34.8,Critical
cust_544,Company_544,starter,299,2023-08-04,active,10,4,Finance,4.9,25,1,2,0,0,0.188692097398839,65.8,At Risk
cust_545,Company_545,starter,299,2023-03-16,active,2,4,SaaS,5.7,5,4,2,0,0,0.110762234902086,41.7,Critical
cust_546,Company_546,pro,1999,2023-01-07,active,4,2,Healthcare,7.8,14,4,5,2,0,0.05204572127014,49.3,Critical
cust_547,Company_547,enterprise,4999,2023-04-12,active,15,7,Other,6.8,6,8,3,3,0,0.0368820789053272,64.0,At Risk
cust_548,Company_548,growth,799,2023-06-09,active,11,1,Other,5.4,8,8,5,1,0,0.0745399525836137,59.9,At Risk
cust_549,Company_549,starter,299,2023-07-04,active,2,2,SaaS,2.7,13,6,0,0,0,0.1636241752635294,68.7,At Risk
cust_550,Company_550,starter,299,2023-05-22,churned,19,2,SaaS,9.7,18,8,5,0,1,0.1502096938169012,,
cust_551,Company_551,growth,799,2023-07-10,active,3,4,SaaS,7.0,10,1,0,1,0,0.0642240920464573,46.3,Critical
cust_552,Company_552,starter,299,2023-03-20,active,23,1,Ecommerce,5.1,10,6,3,0,0,0.1270338603576141,70.0,At Risk
cust_553,Company_553,pro,1999,2023-01-11,active,23,2,Finance,9.0,15,8,4,2,0,0.0423551334174638,72.5,At Risk
cust_554,Company_554,starter,299,2023-12-23,active,16,2,Other,3.8,23,8,2,0,0,0.1471415407284478,90.0,Healthy
cust_555,Company_555,pro,1999,2023-11-03,active,18,5,Ecommerce,4.8,26,5,4,2,0,0.0464237550555449,80.0,Healthy
cust_556,Company_556,starter,299,2023-01-01,active,21,2,SaaS,6.4,11,4,2,0,0,0.0974479765385396,71.5,At Risk
cust_557,Company_557,pro,1999,2023-12-04,active,18,2,Other,7.0,24,3,4,2,0,0.0470692242378544,70.0,At Risk
cust_558,Company_558,starter,299,2023-07-29,active,21,1,Other,6.8,1,3,1,0,0,0.0849925672786889,56.5,At Risk
cust_559,Company_559,pro,1999,2023-04-14,active,4,1,SaaS,5.9,26,7,5,2,0,0.0617666560875959,63.3,At Risk
cust_560,Company_560,growth,799,2023-11-16,active,23,1,Finance,2.6,22,2,0,1,0,0.0752415023570366,85.0,Healthy
cust_561,Company_561,enterprise,4999,2023-04-17,active,21,6,Healthcare,8.1,1,6,4,3,0,0.0305485386027358,51.5,At Risk
cust_562,Company_562,pro,1999,2023-08-01,active,12,1,Other,3.0,1,2,2,2,0,0.0418215981187181,46.5,Critical
cust_563,Company_563,starter,299,2023-04-21,churned,17,2,Other,4.2,6,4,4,0,1,0.1345782673150486,,
cust_564,Company_564,growth,799,2023-04-02,active,18,4,SaaS,7.8,18,6,5,1,0,0.0575736609143833,77.0,Healthy
cust_565,Company_565,growth,799,2023-12-07,active,14,2,Ecommerce,5.7,16,6,5,1,0,0.0723891064535258,74.0,At Risk
cust_566,Company_566,starter,299,2023-11-04,active,15,3,Other,9.9,10,6,3,0,0,0.1002422768425212,70.0,At Risk
cust_567,Company_567,pro,1999,2023-08-09,active,24,2,Other,5.7,12,5,2,2,0,0.0556873428400889,78.0,Healthy
cust_568,Company_568,enterprise,4999,2023-08-18,churned,13,3,Finance,6.2,16,3,2,3,1,0.0656895565550218,,
cust_569,Company_569,starter,299,2023-04-24,active,7,1,Finance,9.2,16,3,0,0,0,0.1103079544380639,73.6,At Risk
cust_570,Company_570,starter,299,2023-07-02,churned,5,3,Other,2.9,8,5,0,0,1,0.1233992985879775,,
cust_571,Company_571,growth,799,2023-10-19,active,7,3,Healthcare,2.1,26,2,4,1,0,0.0946185721314352,54.6,At Risk
cust_572,Company_572,growth,799,2023-01-20,active,24,4,SaaS,7.9,29,6,2,1,0,0.0642933883691979,90.0,Healthy
cust_573,Company_573,pro,1999,2023-08-11,active,14,1,Ecommerce,7.6,27,1,5,2,0,0.0382002551685125,60.0,At Risk
cust_574,Company_574,pro,1999,2023-07-15,active,2,1,Finance,5.6,4,6,4,2,0,0.0619513810950238,35.2,Critical
cust_575,Company_575,growth,799,2023-03-20,active,2,4,Healthcare,7.7,18,2,1,1,0,0.062119587672014,56.2,At Risk
cust_576,Company_576,growth,799,2023-07-21,active,5,1,Healthcare,5.9,1,7,2,1,0,0.0999121008744224,46.9,Critical
cust_577,Company_577,starter,299,2023-09-14,active,14,2,Ecommerce,5.1,6,8,3,0,0,0.1100495567990593,64.0,At Risk
cust_578,Company_578,growth,799,2023-04-11,active,18,5,Ecommerce,2.8,8,7,2,1,0,0.0971044161612891,72.0,At Risk
cust_579,Company_579,growth,799,2023-10-22,active,3,4,Healthcare,4.0,6,6,2,1,0,0.0933365183062895,50.3,At Risk
cust_580,Company_580,growth,799,2023-01-13,active,10,3,Other,8.3,25,8,4,1,0,0.0488159671445601,75.8,Healthy
cust_581,Company_581,starter,299,2023-01-23,active,8,3,Ecommerce,7.7,27,2,0,0,0,0.1077840220347529,76.7,Healthy
cust_582,Company_582,pro,1999,2023-05-05,active,20,3,SaaS,3.8,25,2,2,2,0,0.03987847082179,75.0,Healthy
cust_583,Company_583,growth,799,2023-01-12,active,11,5,Ecommerce,2.4,16,5,4,1,0,0.08895308692148,71.9,At Risk
cust_584,Company_584,growth,799,2023-03-14,active,23,1,Healthcare,6.0,21,1,2,1,0,0.0619491696948241,70.0,At Risk
cust_585,Company_585,starter,299,2023-05-26,active,7,5,Finance,1.0,20,1,0,0,0,0.2639824809537457,69.6,At Risk
cust_586,Company_586,starter,299,2023-05-19,active,22,3,SaaS,0.7,27,7,1,0,0,0.2297846431130473,95.0,Healthy
cust_587,Company_587,enterprise,4999,2023-09-18,active,23,21,Healthcare,8.7,17,2,1,3,0,0.0464244623604336,75.5,Healthy
cust_588,Company_588,starter,299,2023-08-23,active,18,1,SaaS,2.9,16,5,2,0,0,0.1422736336573107,84.0,Healthy
cust_589,Company_589,growth,799,2023-03-22,active,1,3,Finance,6.4,7,5,0,1,0,0.0856151567440436,57.6,At Risk
cust_590,Company_590,growth,799,2023-07-18,active,1,3,Ecommerce,1.9,28,7,5,1,0,0.1177236713462163,57.1,At Risk
cust_591,Company_591,starter,299,2023-07-15,active,17,5,Ecommerce,4.5,18,3,3,0,0,0.1534820360633611,72.0,At Risk
cust_592,Company_592,enterprise,4999,2023-11-06,active,11,9,Ecommerce,6.7,18,4,1,3,0,0.0492585294536173,84.9,Healthy
cust_593,Company_593,starter,299,2023-12-28,active,17,4,Ecommerce,6.7,18,3,2,0,0,0.0987243854339499,77.0,Healthy
cust_594,Company_594,starter,299,2023-09-30,churned,24,3,Ecommerce,7.4,24,6,3,0,1,0.1397379682968057,,
cust_595,Company_595,enterprise,4999,2023-06-05,active,15,41,Finance,1.9,6,2,1,3,0,0.0322282338254218,59.0,At Risk
cust_596,Company_596,starter,299,2023-11-10,active,20,5,Other,2.7,7,4,5,0,0,0.1436104425857844,55.5,At Risk
cust_597,Company_597,starter,299,2023-02-10,active,23,2,Other,8.5,15,6,1,0,0,0.1212807132199098,87.5,Healthy
cust_598,Company_598,pro,1999,2023-09-09,active,16,2,Ecommerce,0.8,24,1,2,2,0,0.0390803286084998,70.0,At Risk
cust_599,Company_599,enterprise,4999,2023-04-24,active,24,13,Ecommerce,1.1,29,8,4,3,0,0.0560990546636257,80.0,Healthy
cust_600,Company_600,growth,799,2023-06-16,active,15,4,Healthcare,7.9,19,7,5,1,0,0.0627121976424211,78.5,Healthy
cust_601,Company_601,starter,299,2023-11-10,active,24,5,Other,6.6,22,1,4,0,0,0.1468091617654232,60.0,At Risk
cust_602,Company_602,starter,299,2023-08-22,active,2,2,Other,5.6,23,1,4,0,0,0.1798891403174005,39.2,Critical
cust_603,Company_603,starter,299,2023-11-19,active,2,4,Healthcare,8.9,24,5,3,0,0,0.0973275758918649,64.2,At Risk
cust_604,Company_604,starter,299,2023-05-31,active,20,5,Ecommerce,4.9,20,8,0,0,0,0.1978613768560997,100.0,Healthy
cust_605,Company_605,pro,1999,2023-02-27,active,6,5,Ecommerce,4.2,10,8,0,2,0,0.0469131089084155,72.5,At Risk
cust_606,Company_606,starter,299,2023-10-30,active,23,4,SaaS,2.9,22,3,5,0,0,0.1632934002365087,70.0,At Risk
cust_607,Company_607,pro,1999,2023-02-16,active,4,3,SaaS,5.5,12,3,3,2,0,0.0664450228378321,46.3,Critical
cust_608,Company_608,growth,799,2023-01-23,active,6,5,Ecommerce,2.0,4,3,5,1,0,0.1158715624818566,33.5,Critical
cust_609,Company_609,starter,299,2023-06-07,active,10,4,Finance,6.5,3,3,1,0,0,0.0893992817480081,55.3,At Risk
cust_610,Company_610,starter,299,2023-05-10,active,1,4,Other,8.2,19,8,1,0,0,0.0991346185102262,70.6,At Risk
cust_611,Company_611,starter,299,2023-12-04,active,16,4,SaaS,6.2,0,4,4,0,0,0.1699001367678697,45.0,Critical
cust_612,Company_612,starter,299,2023-11-18,active,18,2,SaaS,2.3,1,6,0,0,0,0.1280891449822442,71.5,At Risk
cust_613,Company_613,starter,299,2023-01-17,active,22,5,Finance,3.6,2,1,0,0,0,0.1451621489257002,53.0,At Risk
cust_614,Company_614,growth,799,2023-04-02,active,6,5,Other,5.9,17,3,3,1,0,0.0685313589647341,58.0,At Risk
cust_615,Company_615,pro,1999,2023-07-04,active,2,3,Finance,4.0,12,2,3,2,0,0.0440787885365415,37.2,Critical
cust_616,Company_616,pro,1999,2023-02-03,active,10,1,Finance,3.6,13,4,5,2,0,0.062281407369173,60.3,At Risk
cust_617,Company_617,starter,299,2023-01-30,active,4,5,SaaS,5.1,22,5,3,0,0,0.1285155535358059,68.3,At Risk
cust_618,Company_618,growth,799,2023-06-12,active,9,5,Finance,9.3,19,8,4,1,0,0.0568548570532331,72.3,At Risk
cust_619,Company_619,pro,1999,2023-09-12,active,16,5,Ecommerce,7.2,6,1,0,2,0,0.048552789747024,59.0,At Risk
cust_620,Company_620,starter,299,2023-11-17,active,4,2,Other,10.0,13,1,2,0,0,0.1160463501362213,42.8,Critical
cust_621,Company_621,starter,299,2023-11-23,churned,7,2,Finance,2.9,2,5,2,0,1,0.1221942743464761,,
cust_622,Company_622,growth,799,2023-06-15,active,1,3,Finance,4.3,18,1,1,1,0,0.080405308307175,49.1,Critical
cust_623,Company_623,starter,299,2023-06-23,active,22,4,SaaS,6.6,15,3,5,0,0,0.1081023119013391,62.5,At Risk
cust_624,Company_624,growth,799,2023-10-02,active,11,4,SaaS,8.4,9,6,4,1,0,0.0624378117537736,61.4,At Risk
cust_625,Company_625,growth,799,2023-04-17,active,19,3,SaaS,9.7,8,1,2,1,0,0.0614239493893481,52.0,At Risk
cust_626,Company_626,enterprise,4999,2023-11-17,active,18,37,Other,4.2,19,2,2,3,0,0.0357053023459528,73.5,At Risk
cust_627,Company_627,pro,1999,2023-06-11,churned,23,4,SaaS,5.2,7,6,3,2,1,0.073847237777042,,
cust_628,Company_628,pro,1999,2023-06-04,active,7,2,SaaS,4.1,1,4,0,2,0,0.0505006925489867,56.1,At Risk
cust_629,Company_629,growth,799,2023-01-13,active,16,2,Ecommerce,3.7,15,5,2,1,0,0.078294186754611,82.5,Healthy
cust_630,Company_630,starter,299,2023-02-20,active,17,2,Ecommerce,7.4,14,7,5,0,0,0.1002050814426937,71.0,At Risk
cust_631,Company_631,pro,1999,2023-03-01,active,1,1,Other,8.8,10,8,0,2,0,0.102220692458924,62.1,At Risk
cust_632,Company_632,starter,299,2023-12-04,active,24,5,Finance,6.6,6,6,1,0,0,0.1120509868926458,74.0,At Risk
cust_633,Company_633,starter,299,2023-05-22,active,18,4,SaaS,3.1,5,5,0,0,0,0.1274466037221137,77.5,Healthy
cust_634,Company_634,starter,299,2023-11-15,active,18,2,Other,3.8,10,5,1,0,0,0.1260836444668361,80.0,Healthy
cust_635,Company_635,enterprise,4999,2023-05-26,active,19,5,Finance,6.3,10,8,0,3,0,0.0392008481531424,85.0,Healthy
cust_636,Company_636,starter,299,2023-08-30,churned,22,4,SaaS,1.3,12,3,5,0,1,0.1570324586045265,,
cust_637,Company_637,growth,799,2023-10-31,active,21,4,Other,3.9,10,4,5,1,0,0.0799178786332457,60.0,At Risk
cust_638,Company_638,pro,1999,2023-10-01,active,3,4,Other,1.8,26,8,0,2,0,0.075748813921567,81.3,Healthy
cust_639,Company_639,growth,799,2023-12-17,active,21,4,Healthcare,2.7,7,3,4,1,0,0.0831439388485872,50.5,At Risk
cust_640,Company_640,starter,299,2023-07-06,active,13,3,Finance,4.8,0,2,3,0,0,0.166878256172593,40.0,Critical
cust_641,Company_641,starter,299,2023-09-03,active,15,3,Finance,6.2,4,2,3,0,0,0.1008823379109286,46.0,Critical
cust_642,Company_642,pro,1999,2023-02-24,active,11,1,Finance,5.6,12,7,1,2,0,0.0437795178804737,80.9,Healthy
cust_643,Company_643,growth,799,2023-10-08,active,6,4,SaaS,3.7,26,7,3,1,0,0.0765840782703776,72.5,At Risk
cust_644,Company_644,growth,799,2023-06-25,active,18,2,SaaS,7.5,22,8,0,1,0,0.0712919767335538,100.0,Healthy
cust_645,Company_645,growth,799,2023-08-26,active,11,4,Ecommerce,3.4,12,2,4,1,0,0.0784910034870854,50.9,At Risk
cust_646,Company_646,starter,299,2023-11-02,active,13,1,SaaS,2.6,4,1,1,0,0,0.1395650589427083,51.0,At Risk
cust_647,Company_647,growth,799,2023-08-20,active,18,5,Other,4.7,6,6,2,1,0,0.0919337775357558,69.0,At Risk
cust_648,Company_648,growth,799,2023-12-14,active,10,4,Finance,9.9,18,1,4,1,0,0.0503941970188665,52.8,At Risk
cust_649,Company_649,enterprise,4999,2023-07-26,active,5,4,Finance,9.1,30,1,0,3,0,0.1014445816727141,65.4,At Risk
cust_650,Company_650,pro,1999,2023-07-03,active,4,1,Ecommerce,4.6,18,7,5,2,0,0.0496528275830697,60.3,At Risk
cust_651,Company_651,starter,299,2023-07-15,active,13,5,Ecommerce,6.8,15,3,1,0,0,0.0879489284011637,77.5,Healthy
cust_652,Company_652,growth,799,2023-07-04,active,14,2,Ecommerce,0.6,20,1,1,1,0,0.1154392117016957,75.0,Healthy
cust_653,Company_653,pro,1999,2023-09-07,active,22,2,SaaS,1.8,25,7,3,2,0,0.0473127669247122,85.0,Healthy
cust_654,Company_654,pro,1999,2023-12-23,active,20,5,Ecommerce,4.8,13,8,3,2,0,0.052131689900137,74.5,At Risk
cust_655,Company_655,starter,299,2023-04-06,active,14,5,Healthcare,8.5,7,5,3,0,0,0.0899425644047918,65.5,At Risk
cust_656,Company_656,enterprise,4999,2023-10-23,active,12,3,Other,5.1,11,2,4,3,0,0.0386267186830917,51.5,At Risk
cust_657,Company_657,growth,799,2023-12-20,active,3,5,Finance,4.9,2,2,1,1,0,0.0761999337033552,34.3,Critical
cust_658,Company_658,growth,799,2023-12-06,churned,22,5,Other,3.5,1,6,4,1,1,0.1150164794633536,,
cust_659,Company_659,pro,1999,2023-08-29,active,15,4,Other,7.5,13,6,2,2,0,0.0423649763155909,79.5,Healthy
cust_660,Company_660,starter,299,2023-01-19,active,23,3,Other,3.0,20,8,4,0,0,0.1634319180304349,80.0,Healthy
cust_661,Company_661,starter,299,2023-01-27,active,22,5,SaaS,3.2,2,3,4,0,0,0.1309936868754884,43.0,Critical
cust_662,Company_662,starter,299,2023-05-23,churned,9,3,Finance,8.6,0,2,4,0,1,0.2774858999567151,,
cust_663,Company_663,starter,299,2023-10-30,active,24,4,Finance,8.2,8,4,3,0,0,0.0839469065525121,62.0,At Risk
cust_664,Company_664,starter,299,2023-09-28,active,2,1,Ecommerce,6.2,26,3,3,0,0,0.1140112924683295,54.2,At Risk
cust_665,Company_665,pro,1999,2023-07-31,active,13,4,Ecommerce,2.5,23,6,0,2,0,0.0374206696372221,100.0,Healthy
cust_666,Company_666,growth,799,2023-03-01,active,2,4,Healthcare,3.4,23,4,3,1,0,0.0816483029606515,59.2,At Risk
cust_667,Company_667,growth,799,2023-07-19,active,16,5,Healthcare,0.6,29,8,3,1,0,0.1029469073978818,85.0,Healthy
cust_668,Company_668,growth,799,2023-09-29,active,22,1,Other,6.6,30,7,4,1,0,0.0707740540434853,80.0,Healthy
cust_669,Company_669,enterprise,4999,2023-05-20,active,11,7,Finance,6.7,12,8,5,3,0,0.0367197655830701,65.9,At Risk
cust_670,Company_670,pro,1999,2023-12-11,active,19,5,Finance,6.9,5,6,4,2,0,0.0644340026836985,57.5,At Risk
cust_671,Company_671,starter,299,2023-01-05,churned,3,1,Other,1.5,14,6,1,0,1,0.2028602663808262,,
cust_672,Company_672,pro,1999,2023-05-09,churned,7,5,SaaS,1.0,19,4,4,2,1,0.0907388547183307,,
cust_673,Company_673,growth,799,2023-12-29,active,4,5,Ecommerce,4.1,24,3,0,1,0,0.0791593400003622,73.3,At Risk
cust_674,Company_674,growth,799,2023-05-10,active,10,1,Healthcare,9.3,8,7,5,1,0,0.0681824728713732,57.8,At Risk
cust_675,Company_675,enterprise,4999,2023-06-15,active,9,5,Finance,7.9,12,7,2,3,0,0.0414525093652305,71.8,At Risk
cust_676,Company_676,enterprise,4999,2023-05-13,active,9,5,Healthcare,9.8,6,7,1,3,0,0.0427267688357416,67.8,At Risk
cust_677,Company_677,growth,799,2023-02-25,active,5,4,Ecommerce,6.3,3,8,5,1,0,0.0968559984387723,39.9,Critical
cust_678,Company_678,starter,299,2023-01-18,churned,3,3,Healthcare,0.7,15,3,5,0,1,0.1760251802902679,,
cust_679,Company_679,growth,799,2023-01-20,active,22,2,Finance,9.1,18,1,4,1,0,0.0571053458861384,57.0,At Risk
cust_680,Company_680,pro,1999,2023-09-09,active,16,1,Other,2.6,12,8,0,2,0,0.0459152610661984,88.0,Healthy
cust_681,Company_681,growth,799,2023-07-03,active,11,4,SaaS,6.5,30,2,2,1,0,0.0669335359499458,72.9,At Risk
cust_682,Company_682,growth,799,2023-06-24,active,3,3,Ecommerce,2.2,1,7,5,1,0,0.1345249865025138,32.8,Critical
cust_683,Company_683,starter,299,2023-12-23,active,13,3,Healthcare,1.3,20,8,5,0,0,0.186976541720971,80.0,Healthy
cust_684,Company_684,starter,299,2023-01-19,churned,7,5,Ecommerce,5.1,2,5,3,0,1,0.12116033325531,,
cust_685,Company_685,growth,799,2023-08-19,churned,1,1,Finance,8.0,1,7,0,1,1,0.1601260617387671,,
cust_686,Company_686,starter,299,2023-12-01,active,22,5,Ecommerce,7.5,7,2,0,0,0,0.079913278912187,65.5,At Risk
cust_687,Company_687,pro,1999,2023-09-08,churned,21,5,SaaS,2.8,20,3,0,2,1,0.0474233282754329,,
cust_688,Company_688,starter,299,2023-01-26,active,10,1,Healthcare,6.3,26,2,0,0,0,0.1358819936967875,80.8,Healthy
cust_689,Company_689,starter,299,2023-11-01,active,20,2,Healthcare,3.7,26,7,2,0,0,0.1724543932961322,90.0,Healthy
cust_690,Company_690,starter,299,2023-12-17,active,19,3,Ecommerce,7.8,18,3,2,0,0,0.0898798233762981,77.0,Healthy
cust_691,Company_691,starter,299,2023-05-21,active,5,2,Finance,5.8,14,4,4,0,0,0.1260512867750468,51.4,At Risk
cust_692,Company_692,starter,299,2023-02-21,active,21,2,SaaS,8.9,2,1,0,0,0,0.0963155329621735,53.0,At Risk
cust_693,Company_693,starter,299,2023-02-15,active,23,3,Healthcare,7.1,25,8,5,0,0,0.1747372370939914,80.0,Healthy
cust_694,Company_694,starter,299,2023-03-15,active,21,4,Healthcare,2.8,5,1,4,0,0,0.1672261628205945,37.5,Critical
cust_695,Company_695,starter,299,2023-09-13,active,20,3,Finance,4.5,17,4,1,0,0,0.1657439736219239,85.5,Healthy
cust_696,Company_696,starter,299,2023-09-29,active,4,5,Other,2.6,24,4,2,0,0,0.1643388099312304,68.3,At Risk
cust_697,Company_697,starter,299,2023-02-27,active,5,4,Healthcare,2.2,21,1,0,0,0,0.2666964158606848,65.4,At Risk
cust_698,Company_698,growth,799,2023-05-26,active,7,3,Other,8.1,24,8,0,1,0,0.0746392431033364,89.6,Healthy
cust_699,Company_699,starter,299,2023-01-27,active,18,1,Healthcare,5.4,2,4,5,0,0,0.1492754630239119,48.0,Critical
cust_700,Company_700,growth,799,2023-10-24,active,11,3,Ecommerce,7.9,10,4,0,1,0,0.0680196843981071,77.9,Healthy
cust_701,Company_701,starter,299,2023-07-31,active,7,2,SaaS,5.0,15,1,3,0,0,0.1314333057174483,47.1,Critical
cust_702,Company_702,starter,299,2023-11-09,active,15,3,Ecommerce,4.8,6,6,2,0,0,0.1208601668132782,69.0,At Risk
cust_703,Company_703,starter,299,2023-03-07,active,2,1,Finance,1.8,27,8,3,0,0,0.1984576790125188,64.2,At Risk
cust_704,Company_704,growth,799,2023-06-25,active,8,5,Ecommerce,8.0,20,3,4,1,0,0.0538005018237308,61.7,At Risk
cust_705,Company_705,enterprise,4999,2023-04-28,active,3,34,Healthcare,8.7,6,8,3,3,0,0.0570354502897535,45.3,Critical
cust_706,Company_706,starter,299,2023-08-08,active,24,2,Finance,4.6,7,3,4,0,0,0.1020512714693102,50.5,At Risk
cust_707,Company_707,pro,1999,2023-08-02,churned,2,4,Other,0.8,16,7,3,2,1,0.1308899453762041,,
cust_708,Company_708,pro,1999,2023-12-23,active,4,2,SaaS,5.8,0,7,1,2,0,0.0672423119514462,48.3,Critical
cust_709,Company_709,starter,299,2023-06-01,active,8,1,SaaS,5.1,9,3,5,0,0,0.1233567059055983,45.2,Critical
cust_710,Company_710,growth,799,2023-10-20,active,24,4,Healthcare,7.8,27,7,1,1,0,0.0658079630410651,95.0,Healthy
cust_711,Company_711,pro,1999,2023-07-09,active,21,1,SaaS,4.2,22,6,4,2,0,0.0412021733421696,80.0,Healthy
cust_712,Company_712,starter,299,2023-08-07,active,9,5,Other,6.0,6,2,4,0,0,0.1167114098421907,37.8,Critical
cust_713,Company_713,pro,1999,2023-01-29,active,17,3,SaaS,1.6,11,8,4,2,0,0.0654578373263315,66.5,At Risk
cust_714,Company_714,starter,299,2023-07-07,active,6,1,Other,7.2,6,3,2,0,0,0.0861952770802945,46.5,Critical
cust_715,Company_715,starter,299,2023-02-28,active,21,5,Ecommerce,7.7,24,4,2,0,0,0.1122033651407263,85.0,Healthy
cust_716,Company_716,starter,299,2023-05-17,active,17,3,SaaS,1.1,11,8,3,0,0,0.1502015279241926,71.5,At Risk
cust_717,Company_717,growth,799,2023-03-04,active,16,5,Finance,4.8,11,2,1,1,0,0.0716081348048006,66.5,At Risk
cust_718,Company_718,pro,1999,2023-08-23,active,3,2,Finance,9.6,2,2,1,2,0,0.0573993948325008,34.3,Critical
cust_719,Company_719,starter,299,2023-12-23,active,5,2,Other,9.5,0,5,3,0,0,0.2134636564192464,40.4,Critical
cust_720,Company_720,enterprise,4999,2023-10-05,active,5,27,Healthcare,7.5,0,5,1,3,0,0.0454616032217368,50.4,At Risk
cust_721,Company_721,starter,299,2023-04-29,active,17,4,Other,3.8,20,6,3,0,0,0.1566027787830564,85.0,Healthy
cust_722,Company_722,growth,799,2023-12-23,active,17,4,Healthcare,3.4,4,5,1,1,0,0.1002900600686735,71.0,At Risk
cust_723,Company_723,pro,1999,2023-04-27,active,16,3,SaaS,1.9,9,8,1,2,0,0.0581643707235288,78.5,Healthy
cust_724,Company_724,growth,799,2023-03-24,active,23,2,Ecommerce,8.5,22,3,1,1,0,0.0639665097600231,85.0,Healthy
cust_725,Company_725,starter,299,2023-01-22,active,11,4,Finance,4.0,6,1,5,0,0,0.1855885475668905,36.9,Critical
cust_726,Company_726,starter,299,2023-06-26,active,5,5,Ecommerce,5.6,3,1,3,0,0,0.1332992016447511,24.9,Critical
cust_727,Company_727,enterprise,4999,2023-03-16,active,15,10,SaaS,9.7,17,6,5,3,0,0.0241714560083625,75.5,Healthy
cust_728,Company_728,pro,1999,2023-08-31,active,10,5,Ecommerce,8.1,23,8,2,2,0,0.0349131476831189,85.8,Healthy
cust_729,Company_729,growth,799,2023-09-03,active,2,5,SaaS,3.4,12,4,3,1,0,0.0896208479571466,47.2,Critical
cust_730,Company_730,starter,299,2023-06-17,active,2,2,Other,5.5,25,5,1,0,0,0.16932679721796,74.2,At Risk
cust_731,Company_731,starter,299,2023-10-03,active,15,1,Other,4.2,15,6,4,0,0,0.1289692895463688,72.5,At Risk
cust_732,Company_732,growth,799,2023-01-29,active,22,2,Healthcare,4.0,11,1,2,1,0,0.0673591618758229,56.5,At Risk
cust_733,Company_733,starter,299,2023-06-07,active,15,1,Ecommerce,7.4,14,7,3,0,0,0.088485740818869,76.0,Healthy
cust_734,Company_734,starter,299,2023-08-06,active,24,2,Other,6.2,4,4,2,0,0,0.1015859800014137,61.0,At Risk
cust_735,Company_735,growth,799,2023-09-26,churned,11,5,Healthcare,1.3,13,5,3,1,1,0.1244283989749109,,
cust_736,Company_736,starter,299,2023-08-25,active,23,2,Ecommerce,2.3,12,5,4,0,0,0.1347442315781432,68.0,At Risk
cust_737,Company_737,growth,799,2023-06-04,active,19,5,Healthcare,2.6,25,1,1,1,0,0.0794249954348982,75.0,Healthy
cust_738,Company_738,starter,299,2023-11-24,active,21,3,Healthcare,2.2,29,4,0,0,0,0.2249438562476884,95.0,Healthy
cust_739,Company_739,starter,299,2023-05-22,active,16,1,Other,7.6,18,8,4,0,0,0.0947274851876905,77.0,Healthy
cust_740,Company_740,growth,799,2023-05-13,active,21,1,Finance,5.4,18,1,2,1,0,0.0641763819950066,67.0,At Risk
cust_741,Company_741,starter,299,2023-01-30,active,5,2,Finance,2.1,8,6,3,0,0,0.1357807074422594,52.4,At Risk
cust_742,Company_742,growth,799,2023-07-02,active,2,5,SaaS,5.4,24,3,0,1,0,0.0755395038997135,69.2,At Risk
cust_743,Company_743,growth,799,2023-03-27,active,18,3,Finance,3.1,22,6,0,1,0,0.0927412630332161,100.0,Healthy
cust_744,Company_744,growth,799,2023-06-30,churned,5,5,Finance,4.0,15,7,2,1,1,0.1019254703953325,,
cust_745,Company_745,enterprise,4999,2023-03-25,active,4,33,Ecommerce,8.4,25,2,3,3,0,0.0411918426292054,53.3,At Risk
cust_746,Company_746,growth,799,2023-02-09,active,4,1,Healthcare,3.8,22,6,1,1,0,0.0964343290662388,78.3,Healthy
cust_747,Company_747,pro,1999,2023-11-02,active,17,3,Ecommerce,7.2,0,2,1,2,0,0.036590746391911,50.0,At Risk
cust_748,Company_748,starter,299,2023-12-22,active,5,3,Ecommerce,2.5,2,7,5,0,0,0.1566853738762282,38.4,Critical
cust_749,Company_749,pro,1999,2023-02-27,churned,3,4,Healthcare,0.9,3,1,5,2,1,0.1585372588879189,,
cust_750,Company_750,growth,799,2023-01-31,active,16,3,SaaS,1.1,21,1,0,1,0,0.1049947940652718,80.0,Healthy
cust_751,Company_751,pro,1999,2023-11-05,active,7,2,Ecommerce,6.9,0,2,1,2,0,0.0460766985738059,39.6,Critical
cust_752,Company_752,pro,1999,2023-05-23,active,19,2,Other,7.9,19,4,4,2,0,0.0501174884097303,73.5,At Risk
cust_753,Company_753,growth,799,2023-02-20,active,19,5,Ecommerce,7.3,30,5,1,1,0,0.0708895001110916,95.0,Healthy
cust_754,Company_754,enterprise,4999,2023-10-03,active,1,7,Ecommerce,9.2,27,8,2,3,0,0.0794188993478308,67.1,At Risk
cust_755,Company_755,growth,799,2023-04-05,active,15,1,Ecommerce,8.4,12,7,1,1,0,0.0752926164478584,83.0,Healthy
cust_756,Company_756,growth,799,2023-07-28,active,4,3,SaaS,4.9,16,3,3,1,0,0.0730959923923532,52.3,At Risk
cust_757,Company_757,pro,1999,2023-12-27,active,10,1,SaaS,3.6,3,7,2,2,0,0.0597933827087996,60.3,At Risk
cust_758,Company_758,growth,799,2023-06-09,active,22,4,Ecommerce,5.8,9,7,1,1,0,0.079214318533157,78.5,Healthy
cust_759,Company_759,pro,1999,2023-09-01,active,22,1,Healthcare,6.9,12,8,4,2,0,0.0492419291076757,68.0,At Risk
cust_760,Company_760,growth,799,2023-02-13,active,4,4,Other,9.8,23,3,0,1,0,0.0789290232821747,73.3,At Risk
cust_761,Company_761,starter,299,2023-04-12,active,11,4,SaaS,2.7,13,8,2,0,0,0.1205359595357087,77.4,Healthy
cust_762,Company_762,pro,1999,2023-10-25,active,19,4,Finance,5.0,19,7,3,2,0,0.0478827031963456,83.5,Healthy
cust_763,Company_763,growth,799,2023-03-17,active,15,3,Healthcare,5.2,20,3,0,1,0,0.0755463366153418,90.0,Healthy
cust_764,Company_764,starter,299,2023-01-28,active,3,1,Ecommerce,4.1,21,6,1,0,0,0.1588456479683504,76.3,Healthy
cust_765,Company_765,starter,299,2023-11-16,active,4,5,Healthcare,8.0,6,5,5,0,0,0.0985673676169267,42.3,Critical
cust_766,Company_766,growth,799,2023-09-16,active,9,5,Other,0.7,24,1,3,1,0,0.1049393985077805,58.8,At Risk
cust_767,Company_767,pro,1999,2023-03-02,active,13,4,Healthcare,4.9,1,3,4,2,0,0.0492099759795009,41.5,Critical
cust_768,Company_768,growth,799,2023-06-05,active,23,4,Ecommerce,3.5,12,8,0,1,0,0.0938303298052132,88.0,Healthy
cust_769,Company_769,growth,799,2023-09-09,active,22,5,Other,5.0,17,3,4,1,0,0.0618478168988765,65.5,At Risk
cust_770,Company_770,starter,299,2023-05-15,active,16,4,Other,6.9,24,5,2,0,0,0.1166712841886964,90.0,Healthy
cust_771,Company_771,starter,299,2023-10-30,churned,2,3,Finance,8.2,18,1,5,0,1,0.1316988117593824,,
cust_772,Company_772,starter,299,2023-02-19,active,14,3,Healthcare,3.8,21,4,1,0,0,0.1715751484811161,90.0,Healthy
cust_773,Company_773,starter,299,2023-06-09,churned,19,1,Finance,1.6,5,1,4,0,1,0.1924432143448687,,
cust_774,Company_774,starter,299,2023-08-24,active,22,5,Other,9.1,8,1,5,0,0,0.1365506504714158,42.0,Critical
cust_775,Company_775,growth,799,2023-01-12,active,11,4,Finance,5.9,25,8,0,1,0,0.083181301702427,97.9,Healthy
cust_776,Company_776,growth,799,2023-04-16,active,11,3,Ecommerce,6.3,11,7,1,1,0,0.0824497637060994,79.4,Healthy
cust_777,Company_777,growth,799,2023-02-08,active,18,3,SaaS,3.3,18,7,1,1,0,0.0911940048147152,92.0,Healthy
cust_778,Company_778,growth,799,2023-02-17,active,23,1,Other,3.7,2,8,3,1,0,0.0829735007725208,58.0,At Risk
cust_779,Company_779,starter,299,2023-02-09,active,21,5,Finance,4.6,17,6,1,0,0,0.1619902457469632,90.5,Healthy
cust_780,Company_780,growth,799,2023-05-09,active,20,5,Ecommerce,8.9,20,3,4,1,0,0.0609620782545245,70.0,At Risk
cust_781,Company_781,growth,799,2023-12-05,active,24,3,Other,8.2,27,7,4,1,0,0.0524088202206322,80.0,Healthy
cust_782,Company_782,pro,1999,2023-01-31,active,17,4,Ecommerce,2.8,23,5,3,2,0,0.0437332176867277,85.0,Healthy
cust_783,Company_783,growth,799,2023-02-02,active,21,4,Finance,8.3,20,3,2,1,0,0.0633330127664436,80.0,Healthy
cust_784,Company_784,growth,799,2023-05-01,active,13,2,Ecommerce,0.8,25,5,3,1,0,0.1048740396403358,85.0,Healthy
cust_785,Company_785,growth,799,2023-08-12,active,14,1,Ecommerce,2.0,4,1,2,1,0,0.1005776434265222,46.0,Critical
cust_786,Company_786,pro,1999,2023-05-23,active,22,1,Healthcare,7.9,1,2,2,2,0,0.0384798324581107,46.5,Critical
cust_787,Company_787,growth,799,2023-02-02,active,14,1,Healthcare,9.5,23,3,1,1,0,0.0679077595370441,85.0,Healthy
cust_788,Company_788,starter,299,2023-09-14,active,4,5,Other,2.9,28,2,1,0,0,0.156003026523836,63.3,At Risk
cust_789,Company_789,growth,799,2023-06-10,active,11,4,Ecommerce,9.4,6,3,0,1,0,0.0759496448993397,66.9,At Risk
cust_790,Company_790,starter,299,2023-05-21,active,15,5,SaaS,5.2,11,2,2,0,0,0.1342598590116289,61.5,At Risk
cust_791,Company_791,growth,799,2023-09-01,active,22,3,Ecommerce,3.9,22,6,2,1,0,0.0751673579093802,90.0,Healthy
cust_792,Company_792,starter,299,2023-11-07,active,2,1,Ecommerce,2.9,12,5,5,0,0,0.1148332650608473,47.2,Critical
cust_793,Company_793,enterprise,4999,2023-07-05,active,22,16,Healthcare,4.2,29,7,2,3,0,0.0498586962313365,90.0,Healthy
cust_794,Company_794,starter,299,2023-05-01,active,10,2,Healthcare,6.5,28,7,0,0,0,0.1447209439078054,95.8,Healthy
cust_795,Company_795,starter,299,2023-02-11,active,16,4,Finance,7.3,28,2,1,0,0,0.1014949670616271,80.0,Healthy
cust_796,Company_796,growth,799,2023-09-17,active,3,5,Other,7.5,14,1,0,1,0,0.057184794906902,52.3,At Risk
cust_797,Company_797,growth,799,2023-04-05,active,21,2,SaaS,4.3,20,5,2,1,0,0.075617373082551,90.0,Healthy
cust_798,Company_798,growth,799,2023-02-26,active,6,2,Other,7.0,25,6,3,1,0,0.066031279115019,72.5,At Risk
cust_799,Company_799,growth,799,2023-03-10,active,9,5,Finance,8.1,6,2,3,1,0,0.0621251829333634,42.8,Critical
cust_800,Company_800,starter,299,2023-07-21,active,13,5,Ecommerce,0.7,0,4,0,0,0,0.1383701975463539,65.0,At Risk
cust_801,Company_801,enterprise,4999,2023-04-12,active,9,11,SaaS,4.3,13,5,1,3,0,0.0393829306087343,78.3,Healthy
cust_802,Company_802,starter,299,2023-07-08,active,6,1,SaaS,7.3,13,8,5,0,0,0.0866758144012384,57.0,At Risk
cust_803,Company_803,growth,799,2023-04-25,active,23,3,Finance,7.6,12,3,3,1,0,0.0478181196257341,63.0,At Risk
cust_804,Company_804,pro,1999,2023-11-04,active,7,3,Ecommerce,4.5,13,3,0,2,0,0.0467787706165175,69.1,At Risk
cust_805,Company_805,starter,299,2023-05-15,active,8,2,Finance,6.0,20,8,0,0,0,0.1499414814632794,91.7,Healthy
cust_806,Company_806,starter,299,2023-03-10,active,11,4,Ecommerce,7.3,22,7,5,0,0,0.1094605295402075,77.9,Healthy
cust_807,Company_807,growth,799,2023-02-07,active,4,1,Finance,9.3,15,6,4,1,0,0.0658254417741188,55.8,At Risk
cust_808,Company_808,enterprise,4999,2023-11-03,active,23,3,SaaS,2.9,19,7,2,3,0,0.0424595423715056,88.5,Healthy
cust_809,Company_809,enterprise,4999,2023-12-10,active,12,36,SaaS,6.0,8,3,4,3,0,0.0438204665474243,52.0,At Risk
cust_810,Company_810,growth,799,2023-06-23,active,15,3,Other,4.6,8,2,2,1,0,0.0725350794601606,57.0,At Risk
cust_811,Company_811,starter,299,2023-03-07,active,16,3,Finance,9.3,9,5,4,0,0,0.0863045206750155,63.5,At Risk
cust_812,Company_812,pro,1999,2023-05-16,active,17,2,Finance,7.5,15,3,4,2,0,0.0407308908301098,62.5,At Risk
cust_813,Company_813,pro,1999,2023-12-03,active,21,1,Ecommerce,1.9,7,3,0,2,0,0.052858552268908,70.5,At Risk
cust_814,Company_814,growth,799,2023-03-25,active,23,1,Healthcare,0.9,11,8,3,1,0,0.1082480134547557,71.5,At Risk
cust_815,Company_815,growth,799,2023-03-17,active,4,2,Finance,2.2,5,5,4,1,0,0.1290633450441897,40.8,Critical
cust_816,Company_816,pro,1999,2023-10-27,active,7,1,Other,7.8,5,7,0,2,0,0.0553232508902763,67.1,At Risk
cust_817,Company_817,starter,299,2023-09-13,churned,22,3,SaaS,3.2,21,2,3,0,1,0.1816095540083922,,
cust_818,Company_818,starter,299,2023-02-24,active,11,1,Healthcare,8.4,21,8,3,0,0,0.0919377229553996,82.9,Healthy
cust_819,Company_819,growth,799,2023-05-18,active,20,3,SaaS,6.7,30,8,2,1,0,0.0748104783808214,90.0,Healthy
cust_820,Company_820,enterprise,4999,2023-10-19,active,5,4,Finance,3.6,1,2,4,3,0,0.0477833958098932,21.9,Critical
cust_821,Company_821,enterprise,4999,2023-07-15,active,3,12,Ecommerce,9.7,27,7,0,3,0,0.0438429758048422,81.3,Healthy
cust_822,Company_822,starter,299,2023-04-17,active,6,4,Finance,6.6,30,3,0,0,0,0.1142560172030915,77.5,Healthy
cust_823,Company_823,starter,299,2023-08-10,active,24,3,Other,1.7,21,2,2,0,0,0.2161873388316189,75.0,Healthy
cust_824,Company_824,growth,799,2023-09-08,active,15,4,Finance,5.8,13,2,3,1,0,0.0673192052559478,59.5,At Risk
cust_825,Company_825,pro,1999,2023-11-11,active,6,4,SaaS,0.9,10,8,5,2,0,0.1115778261270529,52.5,At Risk
cust_826,Company_826,starter,299,2023-12-18,active,23,4,Other,6.5,16,2,2,0,0,0.1192120545707807,69.0,At Risk
cust_827,Company_827,growth,799,2023-02-10,active,16,2,Finance,8.5,16,7,2,1,0,0.0752953174238328,84.0,Healthy
cust_828,Company_828,growth,799,2023-10-10,active,3,5,SaaS,5.4,13,2,3,1,0,0.0612577913392679,40.8,Critical
cust_829,Company_829,growth,799,2023-10-19,active,9,5,SaaS,7.8,0,2,5,1,0,0.0772477948964971,28.8,Critical
cust_830,Company_830,growth,799,2023-04-02,active,6,1,SaaS,4.5,22,5,2,1,0,0.071673961664651,77.5,Healthy
cust_831,Company_831,growth,799,2023-08-21,active,22,3,Finance,9.7,27,3,1,1,0,0.0704550458491147,85.0,Healthy
cust_832,Company_832,starter,299,2023-11-06,active,9,1,Healthcare,5.6,0,7,0,0,0,0.1324443476501668,63.8,At Risk
cust_833,Company_833,starter,299,2023-12-02,active,16,4,Other,7.4,9,6,5,0,0,0.0901260997594067,63.5,At Risk
cust_834,Company_834,growth,799,2023-12-20,active,22,3,SaaS,1.7,0,4,0,1,0,0.1156577355739916,65.0,At Risk
cust_835,Company_835,pro,1999,2023-12-23,active,7,2,Healthcare,6.7,20,4,3,2,0,0.0641517524765465,69.6,At Risk
cust_836,Company_836,pro,1999,2023-10-03,active,7,4,Ecommerce,5.0,0,2,1,2,0,0.0421483497133021,39.6,Critical
cust_837,Company_837,enterprise,4999,2023-12-26,active,15,31,SaaS,8.7,18,4,1,3,0,0.0438902712424677,87.0,Healthy
cust_838,Company_838,starter,299,2023-07-20,active,2,1,Healthcare,9.8,27,8,5,0,0,0.1086870811373699,59.2,At Risk
cust_839,Company_839,growth,799,2023-10-11,churned,10,4,Healthcare,5.4,23,8,1,1,1,0.07972258872079,,
cust_840,Company_840,pro,1999,2023-09-28,active,1,3,Other,1.1,28,7,3,2,0,0.1014076931004676,62.1,At Risk
cust_841,Company_841,starter,299,2023-11-15,active,21,4,SaaS,2.0,23,4,3,0,0,0.1943195061995522,80.0,Healthy
cust_842,Company_842,starter,299,2023-04-29,active,17,3,Other,8.6,22,8,1,0,0,0.1148858943810538,95.0,Healthy
cust_843,Company_843,pro,1999,2023-12-31,active,13,3,Healthcare,8.1,27,3,4,2,0,0.0446834460597257,70.0,At Risk
cust_844,Company_844,starter,299,2023-12-20,churned,24,4,Ecommerce,2.1,5,8,0,0,1,0.2753171108138418,,
cust_845,Company_845,pro,1999,2023-09-10,active,10,5,SaaS,10.0,11,5,2,2,0,0.0457004704901009,72.3,At Risk
cust_846,Company_846,growth,799,2023-03-31,churned,17,1,Finance,4.6,19,4,0,1,1,0.0851652485973756,,
cust_847,Company_847,growth,799,2023-09-07,active,9,3,SaaS,7.8,17,5,1,1,0,0.0642176606823969,84.3,Healthy
cust_848,Company_848,pro,1999,2023-09-21,active,20,1,Healthcare,8.1,30,2,0,2,0,0.0503575563075427,85.0,Healthy
cust_849,Company_849,pro,1999,2023-11-09,active,4,1,Other,1.5,20,2,1,2,0,0.0585952670136159,63.3,At Risk
cust_850,Company_850,enterprise,4999,2023-03-22,active,24,29,Other,5.2,27,2,1,3,0,0.0396540746886788,80.0,Healthy
cust_851,Company_851,growth,799,2023-06-21,active,5,2,Healthcare,9.7,24,1,1,1,0,0.0653086691485145,60.4,At Risk
cust_852,Company_852,pro,1999,2023-08-31,active,11,2,SaaS,3.0,22,7,2,2,0,0.041718300578255,87.9,Healthy
cust_853,Company_853,growth,799,2023-05-06,active,5,5,Healthcare,8.0,4,7,3,1,0,0.0965410765958887,46.4,Critical
cust_854,Company_854,enterprise,4999,2023-08-23,active,17,24,SaaS,4.7,24,1,5,3,0,0.0351283459021639,60.0,At Risk
cust_855,Company_855,pro,1999,2023-02-05,active,3,4,Ecommerce,4.6,12,1,5,2,0,0.0597744135282064,29.3,Critical
cust_856,Company_856,enterprise,4999,2023-03-19,active,19,41,Other,9.7,13,7,5,3,0,0.0277116554787113,69.5,At Risk
cust_857,Company_857,pro,1999,2023-06-05,active,24,3,SaaS,8.4,28,3,5,2,0,0.045468608156281,70.0,At Risk
cust_858,Company_858,growth,799,2023-11-26,active,7,5,Other,6.7,22,6,5,1,0,0.0622511627286478,69.6,At Risk
cust_859,Company_859,growth,799,2023-04-12,active,10,5,Finance,4.2,23,3,4,1,0,0.0628738214370949,65.8,At Risk
cust_860,Company_860,enterprise,4999,2023-05-26,active,7,36,Finance,5.5,24,3,0,3,0,0.0516036683499675,79.6,Healthy
cust_861,Company_861,starter,299,2023-10-04,active,19,3,Healthcare,9.9,3,1,2,0,0,0.1082713243517668,44.5,Critical
cust_862,Company_862,starter,299,2023-09-17,churned,12,1,Healthcare,3.3,23,1,3,0,1,0.2122711759600873,,
cust_863,Company_863,starter,299,2023-05-01,active,24,5,Other,8.5,7,6,2,0,0,0.0984650015147823,70.5,At Risk
cust_864,Company_864,starter,299,2023-10-21,churned,22,4,Other,7.5,3,6,4,0,1,0.1053063610928619,,
cust_865,Company_865,growth,799,2023-07-04,active,15,4,Healthcare,1.3,1,7,1,1,0,0.1244783541046037,66.5,At Risk
cust_866,Company_866,growth,799,2023-08-17,active,3,5,Healthcare,6.1,16,7,2,1,0,0.0808121029142539,65.3,At Risk
cust_867,Company_867,growth,799,2023-11-22,active,14,4,Healthcare,8.3,4,3,3,1,0,0.0679048068756406,51.0,At Risk
cust_868,Company_868,pro,1999,2023-03-08,active,23,5,SaaS,7.1,14,8,0,2,0,0.0470359181517884,91.0,Healthy
cust_869,Company_869,pro,1999,2023-10-14,active,12,1,Other,8.6,3,2,2,2,0,0.0466070676950932,49.5,Critical
cust_870,Company_870,growth,799,2023-01-21,active,17,3,Finance,9.9,9,5,3,1,0,0.0603018722738896,68.5,At Risk
cust_871,Company_871,starter,299,2023-03-15,active,5,4,SaaS,9.4,9,5,1,0,0,0.0952067439134829,63.9,At Risk
cust_872,Company_872,starter,299,2023-09-08,churned,1,3,SaaS,8.8,13,8,4,0,1,0.094450664870122,,
cust_873,Company_873,starter,299,2023-08-20,active,11,4,Other,1.8,4,8,3,0,0,0.1388731538989221,58.9,At Risk
cust_874,Company_874,growth,799,2023-03-18,active,24,5,Other,4.4,7,7,2,1,0,0.0783679399417011,70.5,At Risk
cust_875,Company_875,growth,799,2023-12-10,active,15,1,Ecommerce,7.2,18,5,4,1,0,0.0600216418400363,77.0,Healthy
cust_876,Company_876,growth,799,2023-11-26,active,18,5,Other,6.0,1,4,3,1,0,0.0830624724241567,51.5,At Risk
cust_877,Company_877,growth,799,2023-01-10,active,4,5,Ecommerce,9.6,8,4,1,1,0,0.0786712185866897,55.3,At Risk
cust_878,Company_878,pro,1999,2023-10-24,active,15,5,Other,3.5,18,1,3,2,0,0.0456850767003888,62.0,At Risk
cust_879,Company_879,pro,1999,2023-01-12,active,11,4,SaaS,8.7,10,7,2,2,0,0.0489039511452146,72.9,At Risk
cust_880,Company_880,starter,299,2023-02-20,active,18,2,Ecommerce,2.9,2,3,2,0,0,0.1186317742619813,53.0,At Risk
cust_881,Company_881,enterprise,4999,2023-12-14,active,6,21,Ecommerce,0.8,1,5,3,3,0,0.0631781034807503,44.0,Critical
cust_882,Company_882,starter,299,2023-03-14,active,14,3,Healthcare,9.4,28,2,0,0,0,0.0997616850869158,85.0,Healthy
cust_883,Company_883,starter,299,2023-11-02,active,19,5,Other,4.2,3,5,0,0,0,0.1308457273211772,74.5,At Risk
cust_884,Company_884,starter,299,2023-10-11,churned,14,1,Healthcare,6.5,29,1,2,0,1,0.1569274421490766,,
cust_885,Company_885,growth,799,2023-10-28,active,22,5,Ecommerce,3.4,13,8,0,1,0,0.0913063579857057,89.5,Healthy
cust_886,Company_886,pro,1999,2023-09-14,active,7,2,Finance,5.6,5,4,4,2,0,0.0718278277276066,42.1,Critical
cust_887,Company_887,enterprise,4999,2023-10-12,active,15,30,Other,3.2,5,1,0,3,0,0.0449190874715341,57.5,At Risk
cust_888,Company_888,enterprise,4999,2023-09-04,active,9,44,Healthcare,10.0,26,4,4,3,0,0.0411192734913926,68.8,At Risk
cust_889,Company_889,pro,1999,2023-05-25,active,2,5,Other,1.2,2,7,5,2,0,0.1171179492428911,32.2,Critical
cust_890,Company_890,starter,299,2023-03-13,active,24,3,Healthcare,2.5,16,6,5,0,0,0.1408957058331555,74.0,At Risk
cust_891,Company_891,enterprise,4999,2023-11-22,active,9,46,Healthcare,3.1,21,6,2,3,0,0.0397159323666499,83.8,Healthy
cust_892,Company_892,starter,299,2023-11-03,churned,11,2,SaaS,6.3,0,1,5,0,1,0.2894857501512455,,
cust_893,Company_893,starter,299,2023-10-12,active,23,4,Other,1.3,28,2,4,0,0,0.1928376909541848,65.0,At Risk
cust_894,Company_894,starter,299,2023-12-10,active,15,3,Healthcare,8.4,11,7,1,0,0,0.0921891266307762,81.5,Healthy
cust_895,Company_895,pro,1999,2023-12-23,active,1,3,Ecommerce,4.7,7,1,2,2,0,0.0516694310102073,27.6,Critical
cust_896,Company_896,growth,799,2023-12-30,active,12,5,Finance,8.2,7,4,3,1,0,0.0689610718709407,60.5,At Risk
cust_897,Company_897,enterprise,4999,2023-01-19,active,9,46,Other,2.5,6,7,0,3,0,0.0453600051748526,72.8,At Risk
cust_898,Company_898,pro,1999,2023-10-19,active,17,5,Ecommerce,6.8,18,3,0,2,0,0.0499143918954116,87.0,Healthy
cust_899,Company_899,growth,799,2023-02-03,active,5,5,Ecommerce,8.9,23,5,1,1,0,0.0744426643538368,80.4,Healthy
cust_900,Company_900,pro,1999,2023-01-12,active,23,5,Finance,7.0,28,8,0,2,0,0.0508537051388489,100.0,Healthy
cust_901,Company_901,enterprise,4999,2023-11-25,active,22,4,Finance,4.6,13,5,0,3,0,0.0361389637388196,89.5,Healthy
cust_902,Company_902,growth,799,2023-08-27,active,16,1,Ecommerce,0.9,29,7,4,1,0,0.0979462986198291,80.0,Healthy
cust_903,Company_903,growth,799,2023-01-03,active,13,1,Other,8.2,23,4,5,1,0,0.0569328787521953,75.0,Healthy
cust_904,Company_904,growth,799,2023-02-08,active,8,3,Finance,1.1,20,2,0,1,0,0.1149438866420892,76.7,Healthy
cust_905,Company_905,growth,799,2023-01-13,active,19,3,Finance,2.8,15,4,2,1,0,0.091523794550992,77.5,Healthy
cust_906,Company_906,pro,1999,2023-06-20,active,17,1,Other,6.4,24,2,5,2,0,0.0421290736480439,65.0,At Risk
cust_907,Company_907,growth,799,2023-03-05,active,3,1,Healthcare,3.5,27,2,1,1,0,0.0828975326318715,61.3,At Risk
cust_908,Company_908,starter,299,2023-08-15,active,2,4,SaaS,1.5,1,1,2,0,0,0.1379002750471422,20.7,Critical
cust_909,Company_909,pro,1999,2023-07-25,active,4,4,Ecommerce,8.7,25,1,3,2,0,0.0495882913754026,48.3,Critical
cust_910,Company_910,starter,299,2023-08-08,active,20,3,SaaS,4.8,10,4,0,0,0,0.1323342562576942,80.0,Healthy
cust_911,Company_911,starter,299,2023-11-01,churned,23,2,Other,1.7,16,5,2,0,1,0.2092932654599797,,
cust_912,Company_912,growth,799,2023-11-14,active,15,2,SaaS,1.1,9,7,4,1,0,0.1208056529737929,63.5,At Risk
cust_913,Company_913,enterprise,4999,2023-07-03,active,10,35,Ecommerce,1.9,9,6,2,3,0,0.0474445868680127,69.3,At Risk
cust_914,Company_914,starter,299,2023-01-05,active,17,2,SaaS,2.8,26,1,3,0,0,0.1946126443327573,65.0,At Risk
cust_915,Company_915,starter,299,2023-04-13,active,21,1,Finance,2.3,15,8,4,0,0,0.1373593263804867,72.5,At Risk
cust_916,Company_916,growth,799,2023-10-24,active,19,5,Finance,4.5,5,2,3,1,0,0.0711625304697182,47.5,Critical
cust_917,Company_917,pro,1999,2023-01-22,active,16,1,Ecommerce,7.1,14,4,1,2,0,0.0554046375510728,81.0,Healthy
cust_918,Company_918,growth,799,2023-06-19,active,24,4,Ecommerce,8.3,0,6,0,1,0,0.0687018385158909,70.0,At Risk
cust_919,Company_919,starter,299,2023-01-16,churned,18,3,Healthcare,2.3,18,6,0,0,1,0.2204497422379155,,
cust_920,Company_920,enterprise,4999,2023-04-12,active,7,15,Finance,7.3,10,4,1,3,0,0.0537274029039775,64.6,At Risk
cust_921,Company_921,starter,299,2023-04-01,active,9,1,Ecommerce,4.1,25,2,2,0,0,0.1717286631479475,68.8,At Risk
cust_922,Company_922,enterprise,4999,2023-06-06,active,15,24,Ecommerce,9.4,25,7,5,3,0,0.0239396153171717,80.0,Healthy
cust_923,Company_923,starter,299,2023-03-15,active,5,2,Other,4.1,11,6,4,0,0,0.1191812200685465,51.9,At Risk
cust_924,Company_924,growth,799,2023-11-22,active,8,5,Other,2.3,17,5,1,1,0,0.1121445507200101,82.2,Healthy
cust_925,Company_925,starter,299,2023-01-28,active,21,2,Other,9.7,28,8,1,0,0,0.1324751709601334,95.0,Healthy
cust_926,Company_926,pro,1999,2023-08-29,active,22,2,Other,4.2,28,6,3,2,0,0.0427804230741852,85.0,Healthy
cust_927,Company_927,growth,799,2023-04-02,active,11,5,Healthcare,7.3,15,8,2,1,0,0.0683709424325402,80.4,Healthy
cust_928,Company_928,growth,799,2023-11-23,active,19,2,Ecommerce,9.0,14,4,3,1,0,0.06037345516834,71.0,At Risk
cust_929,Company_929,starter,299,2023-08-06,active,13,3,Finance,5.7,4,2,2,0,0,0.1176676415250311,51.0,At Risk
cust_930,Company_930,growth,799,2023-06-30,active,8,4,Other,6.4,13,8,3,1,0,0.0704201213364967,66.2,At Risk
cust_931,Company_931,growth,799,2023-07-08,active,16,4,SaaS,2.2,7,5,5,1,0,0.1137932304226486,60.5,At Risk
cust_932,Company_932,starter,299,2023-02-12,active,10,5,Other,6.6,25,5,1,0,0,0.1315999590493392,90.8,Healthy
cust_933,Company_933,starter,299,2023-02-06,churned,12,2,Finance,2.4,10,5,2,0,1,0.1248783235635664,,
cust_934,Company_934,pro,1999,2023-12-16,active,9,5,Ecommerce,10.0,24,5,0,2,0,0.0324462939344508,93.8,Healthy
cust_935,Company_935,pro,1999,2023-05-25,active,12,4,Healthcare,8.3,24,1,3,2,0,0.037404025596022,65.0,At Risk
cust_936,Company_936,growth,799,2023-03-18,active,13,2,Healthcare,2.7,18,8,5,1,0,0.08161308506615,77.0,Healthy
cust_937,Company_937,pro,1999,2023-06-24,active,3,2,Healthcare,7.8,22,7,1,2,0,0.0434377542834716,76.3,Healthy
cust_938,Company_938,growth,799,2023-10-13,active,1,5,Ecommerce,3.4,23,1,3,1,0,0.0883887401558938,42.1,Critical
cust_939,Company_939,pro,1999,2023-07-01,active,11,4,Healthcare,7.7,22,5,2,2,0,0.0372952048517461,87.9,Healthy
cust_940,Company_940,growth,799,2023-10-18,active,2,2,Finance,5.9,25,7,3,1,0,0.0760687271808223,64.2,At Risk
cust_941,Company_941,starter,299,2023-07-20,active,3,2,Healthcare,1.5,18,8,5,0,0,0.1812569514750573,58.3,At Risk
cust_942,Company_942,pro,1999,2023-02-17,active,6,5,Ecommerce,0.8,22,8,0,2,0,0.0683979394037899,87.5,Healthy
cust_943,Company_943,starter,299,2023-02-05,active,13,2,Finance,6.8,2,8,0,0,0,0.1018857728206556,73.0,At Risk
cust_944,Company_944,starter,299,2023-01-06,active,6,4,Healthcare,2.0,3,3,4,0,0,0.1367316804543464,32.0,Critical
cust_945,Company_945,growth,799,2023-02-05,active,13,2,Ecommerce,8.8,9,7,5,1,0,0.0703727089427167,63.5,At Risk
cust_946,Company_946,growth,799,2023-03-23,active,20,3,Other,2.4,22,8,2,1,0,0.0831971048075301,90.0,Healthy
cust_947,Company_947,starter,299,2023-03-15,churned,15,4,Other,8.2,16,6,4,0,1,0.0982688601903827,,
cust_948,Company_948,pro,1999,2023-08-24,active,15,1,Finance,6.6,29,8,2,2,0,0.0518452439041291,90.0,Healthy
cust_949,Company_949,pro,1999,2023-12-31,active,10,2,Healthcare,2.9,28,7,3,2,0,0.0432669052209774,80.8,Healthy
cust_950,Company_950,starter,299,2023-12-04,active,6,1,Healthcare,7.1,1,4,1,0,0,0.0971063378043046,49.0,Critical
cust_951,Company_951,starter,299,2023-11-18,active,18,1,Ecommerce,9.1,13,2,2,0,0,0.0905009820071752,64.5,At Risk
cust_952,Company_952,starter,299,2023-02-23,active,17,3,Healthcare,4.8,8,4,4,0,0,0.122469716425882,57.0,At Risk
cust_953,Company_953,starter,299,2023-01-14,active,3,4,Healthcare,3.8,12,4,3,0,0,0.1136950247733916,49.3,Critical
cust_954,Company_954,starter,299,2023-05-09,active,4,2,Finance,6.9,14,8,3,0,0,0.0876807730614867,59.3,At Risk
cust_955,Company_955,starter,299,2023-10-08,active,22,4,Ecommerce,5.0,8,3,1,0,0,0.1088472315161389,67.0,At Risk
cust_956,Company_956,pro,1999,2023-11-07,active,4,1,Other,7.5,5,2,5,2,0,0.0557784475344868,25.8,Critical
cust_957,Company_957,pro,1999,2023-12-13,active,9,3,Ecommerce,2.6,1,4,3,2,0,0.0585434663771479,45.3,Critical
cust_958,Company_958,growth,799,2023-11-22,active,17,1,Healthcare,7.1,14,1,4,1,0,0.0578521776749745,51.0,At Risk
cust_959,Company_959,starter,299,2023-07-13,active,7,3,Ecommerce,2.4,0,7,0,0,0,0.1205343563499719,59.6,At Risk
cust_960,Company_960,enterprise,4999,2023-06-22,active,7,5,Ecommerce,9.6,3,3,5,3,0,0.0382287743906919,34.1,Critical
cust_961,Company_961,starter,299,2023-08-01,churned,17,3,Finance,5.8,6,4,4,0,1,0.1380316422820992,,
cust_962,Company_962,starter,299,2023-08-08,active,4,1,Finance,3.6,0,7,5,0,0,0.1468410665686657,33.3,Critical
cust_963,Company_963,starter,299,2023-07-19,active,7,1,Finance,6.7,11,1,0,0,0,0.0982806822332329,56.1,At Risk
cust_964,Company_964,pro,1999,2023-07-30,active,10,4,SaaS,7.3,25,3,2,2,0,0.0456754023623403,75.8,Healthy
cust_965,Company_965,enterprise,4999,2023-11-04,active,11,45,Healthcare,6.9,24,3,2,3,0,0.0466082858802797,77.9,Healthy
cust_966,Company_966,starter,299,2023-12-19,active,11,4,SaaS,3.7,19,8,3,0,0,0.1399405412222094,81.4,Healthy
cust_967,Company_967,growth,799,2023-04-30,active,17,1,Ecommerce,0.7,24,2,2,1,0,0.1035011254190778,75.0,Healthy
cust_968,Company_968,starter,299,2023-08-08,active,8,1,Ecommerce,4.1,9,4,1,0,0,0.1189996266911254,65.2,At Risk
cust_969,Company_969,starter,299,2023-11-25,active,2,5,Healthcare,7.5,10,3,2,0,0,0.0866635938006495,44.2,Critical
cust_970,Company_970,starter,299,2023-01-21,active,17,4,Finance,7.6,7,6,2,0,0,0.0812460919078533,70.5,At Risk
cust_971,Company_971,starter,299,2023-10-04,active,2,2,Ecommerce,6.3,12,6,1,0,0,0.0987729787697292,62.2,At Risk
cust_972,Company_972,growth,799,2023-01-04,active,3,1,Ecommerce,1.0,4,4,1,1,0,0.1267450373200739,47.3,Critical
cust_973,Company_973,starter,299,2023-10-31,active,18,2,Ecommerce,5.3,13,8,2,0,0,0.1137333950154128,79.5,Healthy
cust_974,Company_974,starter,299,2023-04-12,active,8,5,Ecommerce,3.4,18,8,5,0,0,0.1266641178164802,68.7,At Risk
cust_975,Company_975,starter,299,2023-09-04,active,3,3,Healthcare,4.1,15,8,3,0,0,0.105125375195749,58.8,At Risk
cust_976,Company_976,growth,799,2023-08-10,active,5,4,SaaS,7.7,13,2,2,1,0,0.0653051719501751,49.9,Critical
cust_977,Company_977,growth,799,2023-03-20,active,18,3,Healthcare,4.9,14,5,3,1,0,0.0725433591749207,76.0,Healthy
cust_978,Company_978,growth,799,2023-09-04,active,3,4,Ecommerce,2.0,6,1,0,1,0,0.1203657170085494,40.3,Critical
cust_979,Company_979,pro,1999,2023-07-11,active,16,4,Healthcare,9.7,11,7,3,2,0,0.0479774490961753,71.5,At Risk
cust_980,Company_980,starter,299,2023-10-29,active,3,1,SaaS,4.2,18,3,1,0,0,0.1503248282885013,63.3,At Risk
cust_981,Company_981,pro,1999,2023-05-11,active,24,4,Finance,7.1,20,7,3,2,0,0.0507438284409989,85.0,Healthy
cust_982,Company_982,pro,1999,2023-05-05,churned,16,3,SaaS,7.1,20,3,2,2,1,0.0598822660611106,,
cust_983,Company_983,growth,799,2023-12-15,active,5,5,Other,9.5,26,3,0,1,0,0.0816465506077376,75.4,Healthy
cust_984,Company_984,starter,299,2023-02-17,active,21,4,Healthcare,7.2,28,2,4,0,0,0.1060973285438175,65.0,At Risk
cust_985,Company_985,enterprise,4999,2023-08-05,active,6,17,Finance,5.3,17,7,4,3,0,0.0457256934058719,63.0,At Risk
cust_986,Company_986,starter,299,2023-07-30,active,24,1,Other,7.9,11,3,2,0,0,0.0739630789141377,66.5,At Risk
cust_987,Company_987,pro,1999,2023-07-23,active,23,2,Healthcare,0.5,2,7,4,2,0,0.0888205098709873,53.0,At Risk
cust_988,Company_988,growth,799,2023-05-28,active,24,2,Finance,2.3,4,4,3,1,0,0.1070545060905564,56.0,At Risk
cust_989,Company_989,starter,299,2023-02-26,active,15,2,Ecommerce,2.4,23,3,1,0,0,0.2072052843491038,85.0,Healthy
cust_990,Company_990,starter,299,2023-07-29,active,15,5,SaaS,8.7,5,2,2,0,0,0.1037352532288335,52.5,At Risk
cust_991,Company_991,starter,299,2023-03-05,churned,9,1,Other,2.7,15,2,0,0,1,0.1754148933327094,,
cust_992,Company_992,starter,299,2023-01-04,active,22,1,SaaS,2.5,25,1,3,0,0,0.1992312093605075,65.0,At Risk
cust_993,Company_993,growth,799,2023-05-17,active,16,3,Other,4.6,11,6,2,1,0,0.0859582989440654,76.5,Healthy
cust_994,Company_994,pro,1999,2023-07-04,active,22,5,SaaS,9.8,27,6,0,2,0,0.044088356977706,100.0,Healthy
cust_995,Company_995,starter,299,2023-12-24,active,13,2,SaaS,6.2,27,5,5,0,0,0.1159433735873085,80.0,Healthy
cust_996,Company_996,pro,1999,2023-05-08,active,12,4,Other,4.4,6,1,5,2,0,0.0495619611312615,39.0,Critical
cust_997,Company_997,enterprise,4999,2023-06-14,active,1,3,Finance,6.9,7,8,3,3,0,0.1120764923917702,42.6,Critical
cust_998,Company_998,pro,1999,2023-02-11,active,12,4,SaaS,7.5,9,4,5,2,0,0.0487533197786573,58.5,At Risk
cust_999,Company_999,starter,299,2023-09-24,active,19,5,SaaS,1.7,25,2,2,0,0,0.2285282669045957,75.0,Healthy
cust_1000,Company_1000,pro,1999,2023-10-08,active,15,4,SaaS,5.1,17,4,1,2,0,0.0490525865084925,85.5,Healthy
cust_1001,Company_1001,starter,299,2023-12-04,churned,23,4,SaaS,2.0,29,6,3,0,1,0.2382322755368279,,
cust_1002,Company_1002,pro,1999,2023-04-23,active,24,4,SaaS,6.8,29,8,0,2,0,0.0505005811658633,100.0,Healthy
cust_1003,Company_1003,pro,1999,2023-06-20,active,8,5,SaaS,6.6,12,7,5,2,0,0.0534824467788725,59.7,At Risk
cust_1004,Company_1004,growth,799,2023-10-15,active,14,2,Finance,1.6,2,2,0,1,0,0.0922013456899185,58.0,At Risk
cust_1005,Company_1005,starter,299,2023-10-31,active,7,1,Other,4.0,27,6,3,0,0,0.1482064997296809,74.6,At Risk
cust_1006,Company_1006,growth,799,2023-01-01,churned,10,5,Ecommerce,8.5,13,6,2,1,1,0.0724277188203377,,
cust_1007,Company_1007,pro,1999,2023-03-06,active,17,5,Ecommerce,1.5,0,8,2,2,0,0.0502011391737521,60.0,At Risk
cust_1008,Company_1008,starter,299,2023-06-01,active,8,4,Ecommerce,6.2,4,1,4,0,0,0.1134019370218708,27.7,Critical
cust_1009,Company_1009,starter,299,2023-09-15,churned,23,5,Healthcare,6.5,6,8,2,0,1,0.1300108023252818,,
cust_1010,Company_1010,pro,1999,2023-07-12,active,2,3,Ecommerce,8.4,6,4,5,2,0,0.0647762435246716,33.2,Critical
cust_1011,Company_1011,pro,1999,2023-04-02,active,16,3,Ecommerce,9.9,17,7,2,2,0,0.0396377039677254,85.5,Healthy
cust_1012,Company_1012,growth,799,2023-08-31,active,12,4,SaaS,5.5,9,5,5,1,0,0.0780892488167944,63.5,At Risk
cust_1013,Company_1013,enterprise,4999,2023-12-25,active,18,9,Finance,7.6,18,1,5,3,0,0.0320801364376794,57.0,At Risk
cust_1014,Company_1014,starter,299,2023-12-02,active,6,4,Healthcare,3.3,4,4,1,0,0,0.1250043196208889,53.5,At Risk
cust_1015,Company_1015,pro,1999,2023-04-11,active,24,3,Other,1.5,25,3,3,2,0,0.0425404229412047,75.0,Healthy
cust_1016,Company_1016,enterprise,4999,2023-08-07,active,22,4,SaaS,3.9,15,3,0,3,0,0.0352536474054866,82.5,Healthy
cust_1017,Company_1017,starter,299,2023-09-21,active,21,4,Ecommerce,6.5,12,4,0,0,0,0.1077505146234063,83.0,Healthy
cust_1018,Company_1018,starter,299,2023-07-23,active,16,5,Ecommerce,6.7,12,2,3,0,0,0.0827504757398994,58.0,At Risk
cust_1019,Company_1019,pro,1999,2023-11-29,active,13,4,Finance,0.6,3,2,0,2,0,0.053337325762902,59.5,At Risk
cust_1020,Company_1020,growth,799,2023-12-09,active,17,5,Other,9.9,15,5,5,1,0,0.0511708069324652,72.5,At Risk
cust_1021,Company_1021,pro,1999,2023-10-31,active,6,4,Finance,5.9,3,6,0,2,0,0.0560631243369046,62.0,At Risk
cust_1022,Company_1022,pro,1999,2023-10-03,active,6,1,Healthcare,5.8,17,8,0,2,0,0.0481156923614318,83.0,Healthy
cust_1023,Company_1023,growth,799,2023-10-27,active,18,1,Ecommerce,9.7,28,2,1,1,0,0.0774962499622083,80.0,Healthy
cust_1024,Company_1024,pro,1999,2023-12-22,churned,6,4,Finance,1.7,4,4,5,2,1,0.1159406552167982,,
cust_1025,Company_1025,starter,299,2023-10-15,active,9,1,SaaS,9.8,16,5,2,0,0,0.0930536946467497,77.8,Healthy
cust_1026,Company_1026,enterprise,4999,2023-03-29,active,14,43,SaaS,2.9,1,5,5,3,0,0.0440312747973411,51.5,At Risk
cust_1027,Company_1027,growth,799,2023-03-13,active,19,3,Other,9.2,11,4,5,1,0,0.0738139492334812,61.5,At Risk
cust_1028,Company_1028,starter,299,2023-01-23,churned,8,2,Finance,8.6,6,3,4,0,1,0.1111370734849219,,
cust_1029,Company_1029,growth,799,2023-10-30,active,12,5,Healthcare,1.2,8,5,3,1,0,0.1228220434343316,67.0,At Risk
cust_1030,Company_1030,growth,799,2023-03-25,active,13,3,Healthcare,9.4,4,4,0,1,0,0.0781924729054783,71.0,At Risk
cust_1031,Company_1031,growth,799,2023-05-18,active,21,2,Finance,5.9,20,3,3,1,0,0.0700145962107726,75.0,Healthy
cust_1032,Company_1032,pro,1999,2023-06-11,active,14,5,Ecommerce,1.2,3,2,5,2,0,0.0845652690532936,39.5,Critical
cust_1033,Company_1033,growth,799,2023-02-03,active,11,3,Finance,7.9,4,4,2,1,0,0.0765346246560277,58.9,At Risk
cust_1034,Company_1034,starter,299,2023-07-13,active,8,1,SaaS,2.2,23,5,4,0,0,0.1631184066245889,71.7,At Risk
cust_1035,Company_1035,pro,1999,2023-09-08,active,4,5,Finance,5.7,19,2,0,2,0,0.0537569901534078,66.8,At Risk
cust_1036,Company_1036,starter,299,2023-07-19,active,6,5,Other,6.1,27,7,3,0,0,0.1188666486505505,72.5,At Risk
cust_1037,Company_1037,growth,799,2023-05-13,active,1,2,Ecommerce,1.9,18,5,0,1,0,0.1359746359126082,74.1,At Risk
cust_1038,Company_1038,enterprise,4999,2023-11-24,active,12,16,Other,4.5,14,3,3,3,0,0.0408731180773731,66.0,At Risk
cust_1039,Company_1039,enterprise,4999,2023-08-28,active,17,28,Other,9.4,28,4,2,3,0,0.0586605167740437,85.0,Healthy
cust_1040,Company_1040,growth,799,2023-02-14,active,10,3,SaaS,6.5,2,4,0,1,0,0.0766401374145673,63.8,At Risk
cust_1041,Company_1041,starter,299,2023-01-30,active,3,5,Healthcare,8.2,0,7,5,0,0,0.170184430256863,31.3,Critical
cust_1042,Company_1042,growth,799,2023-03-11,active,16,5,SaaS,4.4,19,4,5,1,0,0.0714290180612448,73.5,At Risk
cust_1043,Company_1043,starter,299,2023-08-06,active,23,3,Ecommerce,9.9,21,1,4,0,0,0.1222893739487486,60.0,At Risk
cust_1044,Company_1044,growth,799,2023-03-28,active,22,5,Ecommerce,2.2,11,3,4,1,0,0.0907098390894948,56.5,At Risk
cust_1045,Company_1045,starter,299,2023-01-27,active,14,2,Finance,9.7,10,4,4,0,0,0.0869080719900336,60.0,At Risk
cust_1046,Company_1046,pro,1999,2023-03-02,active,10,3,Finance,2.5,23,7,1,2,0,0.0368879352461846,90.8,Healthy
cust_1047,Company_1047,enterprise,4999,2023-11-26,active,17,3,Healthcare,9.0,27,8,0,3,0,0.0333526763270913,100.0,Healthy
cust_1048,Company_1048,starter,299,2023-11-12,active,15,3,SaaS,0.5,28,3,3,0,0,0.2108934733272267,75.0,Healthy
cust_1049,Company_1049,starter,299,2023-02-21,active,14,1,Other,5.4,4,7,0,0,0,0.1166741574907933,76.0,Healthy
cust_1050,Company_1050,enterprise,4999,2023-01-04,active,5,17,Ecommerce,5.0,11,5,2,3,0,0.0564719701328167,61.9,At Risk
cust_1051,Company_1051,growth,799,2023-04-04,active,18,1,Healthcare,6.7,14,3,1,1,0,0.0673911496659751,76.0,Healthy
cust_1052,Company_1052,starter,299,2023-08-11,active,1,2,SaaS,2.3,1,3,3,0,0,0.1167838867641576,23.6,Critical
cust_1053,Company_1053,growth,799,2023-06-19,active,2,2,Healthcare,9.6,8,2,3,1,0,0.0627063121614429,31.2,Critical
cust_1054,Company_1054,growth,799,2023-09-11,active,22,3,Healthcare,5.3,29,7,1,1,0,0.080427161795289,95.0,Healthy
cust_1055,Company_1055,starter,299,2023-02-25,churned,1,3,Other,0.6,21,4,0,0,1,0.296403299234282,,
cust_1056,Company_1056,growth,799,2023-06-25,active,14,1,Healthcare,5.1,9,8,0,1,0,0.0797245105171362,83.5,Healthy
cust_1057,Company_1057,pro,1999,2023-05-07,active,20,5,Ecommerce,2.9,24,2,2,2,0,0.0408377867922137,75.0,Healthy
cust_1058,Company_1058,enterprise,4999,2023-05-07,active,22,13,Healthcare,7.2,25,2,5,3,0,0.0331023772888753,65.0,At Risk
cust_1059,Company_1059,pro,1999,2023-11-09,active,6,5,Ecommerce,2.7,4,7,0,2,0,0.0713452607244122,63.5,At Risk
cust_1060,Company_1060,starter,299,2023-04-09,active,5,5,Ecommerce,1.4,1,7,3,0,0,0.1351752367098898,41.9,Critical
cust_1061,Company_1061,growth,799,2023-12-25,active,21,2,Finance,4.5,1,7,5,1,0,0.0848281147343856,51.5,At Risk
cust_1062,Company_1062,starter,299,2023-02-26,active,9,3,Healthcare,2.8,28,1,1,0,0,0.1964058956620834,68.8,At Risk
cust_1063,Company_1063,starter,299,2023-01-27,active,22,2,Finance,5.0,29,2,3,0,0,0.161405931802276,70.0,At Risk
cust_1064,Company_1064,starter,299,2023-09-09,active,12,1,SaaS,6.9,21,3,2,0,0,0.113815152276421,80.0,Healthy
cust_1065,Company_1065,starter,299,2023-07-05,active,24,5,Other,4.0,20,5,1,0,0,0.1711082178645584,95.0,Healthy
cust_1066,Company_1066,growth,799,2023-02-14,active,4,5,SaaS,0.9,30,4,1,1,0,0.1359141793703014,73.3,At Risk
cust_1067,Company_1067,pro,1999,2023-02-20,active,3,5,Finance,3.4,15,4,4,2,0,0.0705719645564743,48.8,Critical
cust_1068,Company_1068,pro,1999,2023-01-23,active,5,5,Finance,9.0,24,6,2,2,0,0.0452603985129856,75.4,Healthy
cust_1069,Company_1069,growth,799,2023-03-02,churned,14,4,Other,9.3,16,1,1,1,1,0.0674733643790164,,
cust_1070,Company_1070,growth,799,2023-12-23,active,5,5,SaaS,8.0,22,4,5,1,0,0.0578684460735541,60.4,At Risk
cust_1071,Company_1071,pro,1999,2023-09-11,active,22,5,SaaS,2.1,24,7,4,2,0,0.0549953108789139,80.0,Healthy
cust_1072,Company_1072,pro,1999,2023-07-25,active,20,2,SaaS,2.0,6,1,4,2,0,0.0627101337065703,39.0,Critical
cust_1073,Company_1073,growth,799,2023-12-29,active,24,3,Ecommerce,3.3,8,2,1,1,0,0.0728076053953759,62.0,At Risk
cust_1074,Company_1074,starter,299,2023-10-01,active,8,2,Finance,9.3,8,1,5,0,0,0.1134717031221584,33.7,Critical
cust_1075,Company_1075,enterprise,4999,2023-04-18,active,18,42,Finance,6.5,11,6,0,3,0,0.0515753617905767,86.5,Healthy
cust_1076,Company_1076,enterprise,4999,2023-10-09,active,9,27,Other,3.3,1,1,2,3,0,0.0501874804672331,35.3,Critical
cust_1077,Company_1077,starter,299,2023-05-24,active,6,1,Other,6.7,27,2,5,0,0,0.1137461519767431,52.5,At Risk
cust_1078,Company_1078,pro,1999,2023-07-15,active,21,5,Other,2.5,14,4,2,2,0,0.0569003197589397,76.0,Healthy
cust_1079,Company_1079,starter,299,2023-10-25,active,21,4,Ecommerce,4.7,23,7,2,0,0,0.1617663408536438,90.0,Healthy
cust_1080,Company_1080,starter,299,2023-09-03,active,3,4,Ecommerce,8.2,5,4,4,0,0,0.0929475295608719,33.8,Critical
cust_1081,Company_1081,growth,799,2023-04-03,active,21,3,Ecommerce,8.9,26,7,5,1,0,0.063570708497203,80.0,Healthy
cust_1082,Company_1082,growth,799,2023-02-05,churned,5,2,Healthcare,9.1,12,2,5,1,1,0.0762064335467248,,
cust_1083,Company_1083,growth,799,2023-01-07,active,20,4,SaaS,1.5,0,1,1,1,0,0.0887592236918071,45.0,Critical
cust_1084,Company_1084,starter,299,2023-02-12,churned,9,5,SaaS,8.0,0,2,4,0,1,0.2728695276150478,,
cust_1085,Company_1085,pro,1999,2023-06-23,active,23,2,Healthcare,7.7,28,8,1,2,0,0.0402891379715698,95.0,Healthy
cust_1086,Company_1086,starter,299,2023-09-03,active,5,5,Finance,6.5,3,1,0,0,0,0.0981750976438155,39.9,Critical
cust_1087,Company_1087,starter,299,2023-06-01,active,4,4,Ecommerce,0.5,7,1,1,0,0,0.1551914027907081,38.8,Critical
cust_1088,Company_1088,growth,799,2023-03-17,active,12,2,Healthcare,7.0,22,2,3,1,0,0.0633167628907681,70.0,At Risk
cust_1089,Company_1089,starter,299,2023-02-26,churned,8,3,Finance,1.2,10,2,2,0,1,0.1653794903092078,,
cust_1090,Company_1090,enterprise,4999,2023-02-13,active,2,12,Healthcare,5.5,19,3,5,3,0,0.0467467145231292,47.7,Critical
cust_1091,Company_1091,growth,799,2023-12-08,active,22,3,Finance,8.8,8,8,5,1,0,0.0697294635774473,62.0,At Risk
cust_1092,Company_1092,starter,299,2023-05-16,active,23,1,Ecommerce,7.9,4,6,1,0,0,0.1071125836739704,71.0,At Risk
cust_1093,Company_1093,starter,299,2023-09-02,churned,3,4,Finance,1.9,10,3,1,0,1,0.1779478490853919,,
cust_1094,Company_1094,pro,1999,2023-06-30,active,11,4,Healthcare,6.2,20,6,1,2,0,0.0516961114040766,92.9,Healthy
cust_1095,Company_1095,pro,1999,2023-12-01,active,8,5,Healthcare,5.6,15,4,3,2,0,0.0588776869162731,64.2,At Risk
cust_1096,Company_1096,starter,299,2023-08-04,active,17,2,SaaS,2.7,0,4,0,0,0,0.1242025609008479,65.0,At Risk
cust_1097,Company_1097,starter,299,2023-08-31,active,5,1,Finance,3.9,27,3,2,0,0,0.1497263729091889,65.4,At Risk
cust_1098,Company_1098,growth,799,2023-10-10,active,14,2,SaaS,7.6,3,3,3,1,0,0.0752069384783949,49.5,Critical
cust_1099,Company_1099,pro,1999,2023-12-23,active,14,1,Other,1.2,26,3,0,2,0,0.0391628401433622,90.0,Healthy
cust_1100,Company_1100,starter,299,2023-03-14,active,3,1,Other,8.4,13,3,1,0,0,0.0879001886876083,55.8,At Risk
cust_1101,Company_1101,growth,799,2023-03-13,active,24,3,Healthcare,4.4,10,8,5,1,0,0.0718727842579792,65.0,At Risk
cust_1102,Company_1102,growth,799,2023-05-27,active,4,1,Other,7.6,16,3,0,1,0,0.0677873338061357,67.3,At Risk
cust_1103,Company_1103,starter,299,2023-08-05,active,22,4,Other,7.3,8,5,5,0,0,0.0923486512843903,62.0,At Risk
cust_1104,Company_1104,starter,299,2023-03-22,active,9,5,Healthcare,9.8,4,4,3,0,0,0.1078039465752599,49.8,Critical
cust_1105,Company_1105,growth,799,2023-04-23,active,13,5,Other,8.5,26,8,3,1,0,0.0626136606095212,85.0,Healthy
cust_1106,Company_1106,starter,299,2023-11-25,active,13,2,SaaS,8.1,20,7,1,0,0,0.0998811403282329,95.0,Healthy
cust_1107,Company_1107,starter,299,2023-02-23,active,3,3,SaaS,2.8,5,2,0,0,0,0.1247266853755818,43.8,Critical
cust_1108,Company_1108,starter,299,2023-01-06,active,10,2,SaaS,2.8,2,1,4,0,0,0.162314764207592,28.8,Critical
cust_1109,Company_1109,enterprise,4999,2023-09-05,active,2,6,Finance,0.6,11,5,3,3,0,0.0744909645301712,50.7,At Risk
cust_1110,Company_1110,growth,799,2023-06-11,active,13,2,SaaS,3.6,28,2,4,1,0,0.0693062224894058,65.0,At Risk
cust_1111,Company_1111,pro,1999,2023-03-18,active,1,4,Healthcare,6.1,27,1,2,2,0,0.0586478964029344,47.1,Critical
cust_1112,Company_1112,starter,299,2023-12-16,churned,15,1,Ecommerce,8.9,25,3,5,0,1,0.1590824513033039,,
cust_1113,Company_1113,starter,299,2023-09-14,active,17,5,Other,9.3,10,8,1,0,0,0.0956166385009418,80.0,Healthy
cust_1114,Company_1114,starter,299,2023-07-04,active,20,4,SaaS,9.0,24,7,1,0,0,0.1200125108359246,95.0,Healthy
cust_1115,Company_1115,starter,299,2023-11-09,churned,20,2,Other,6.5,15,2,0,0,1,0.1316776988346406,,
cust_1116,Company_1116,starter,299,2023-06-08,active,18,1,Healthcare,1.4,10,3,2,0,0,0.1410024038499393,65.0,At Risk
cust_1117,Company_1117,starter,299,2023-05-24,active,19,1,SaaS,2.2,24,8,2,0,0,0.1723132137663488,90.0,Healthy
cust_1118,Company_1118,enterprise,4999,2023-05-12,active,15,9,SaaS,9.7,15,1,2,3,0,0.045655835711958,62.5,At Risk
cust_1119,Company_1119,pro,1999,2023-07-25,active,14,2,Healthcare,4.0,27,6,2,2,0,0.0406005092977836,90.0,Healthy
cust_1120,Company_1120,starter,299,2023-07-31,active,17,1,Other,9.8,1,4,5,0,0,0.1564350860525409,46.5,Critical
cust_1121,Company_1121,pro,1999,2023-01-05,active,5,3,Healthcare,2.0,12,2,1,2,0,0.0758309041462876,53.4,At Risk
cust_1122,Company_1122,starter,299,2023-08-25,churned,22,4,Healthcare,6.6,28,8,0,0,1,0.2146430508098482,,
cust_1123,Company_1123,starter,299,2023-02-25,active,13,2,Healthcare,3.6,10,6,4,0,0,0.1156699430327394,65.0,At Risk
cust_1124,Company_1124,growth,799,2023-12-26,active,24,3,Healthcare,0.9,4,8,1,1,0,0.1283651261386788,71.0,At Risk
cust_1125,Company_1125,growth,799,2023-06-13,churned,19,5,Healthcare,1.1,25,6,3,1,1,0.1069665884801709,,
cust_1126,Company_1126,enterprise,4999,2023-04-20,active,2,2,Healthcare,3.1,20,3,0,3,0,0.0512944824060456,69.2,At Risk
cust_1127,Company_1127,starter,299,2023-05-21,churned,13,4,Healthcare,5.5,21,5,1,0,1,0.1718062083425217,,
cust_1128,Company_1128,pro,1999,2023-02-17,active,14,3,Ecommerce,2.4,30,7,3,2,0,0.0486131811185845,85.0,Healthy
cust_1129,Company_1129,growth,799,2023-12-19,active,6,4,Finance,9.2,18,7,0,1,0,0.0792632177469985,84.5,Healthy
cust_1130,Company_1130,growth,799,2023-11-02,churned,7,5,Other,1.9,21,6,0,1,1,0.1510273990310911,,
cust_1131,Company_1131,starter,299,2023-08-23,active,5,3,SaaS,8.0,21,7,2,0,0,0.0942414304249357,75.4,Healthy
cust_1132,Company_1132,growth,799,2023-01-02,active,15,2,Healthcare,6.6,18,2,0,1,0,0.0683283657193914,82.0,Healthy
cust_1133,Company_1133,starter,299,2023-04-07,active,14,2,Other,4.1,11,4,1,0,0,0.1230448132588251,76.5,Healthy
cust_1134,Company_1134,enterprise,4999,2023-10-23,active,1,24,SaaS,3.4,9,2,5,3,0,0.0776615146418027,25.6,Critical
cust_1135,Company_1135,growth,799,2023-08-22,active,14,3,Other,4.5,24,6,0,1,0,0.0829447233787022,100.0,Healthy
cust_1136,Company_1136,enterprise,4999,2023-08-23,active,14,36,Other,2.0,13,7,2,3,0,0.0433659702761116,79.5,Healthy
cust_1137,Company_1137,pro,1999,2023-12-19,active,22,3,Other,9.4,28,2,0,2,0,0.0643745165637197,85.0,Healthy
cust_1138,Company_1138,pro,1999,2023-02-23,active,3,5,Healthcare,1.5,23,2,5,2,0,0.054644167608996,46.3,Critical
cust_1139,Company_1139,growth,799,2023-10-25,active,2,4,Ecommerce,2.6,14,7,0,1,0,0.1450116814883385,70.2,At Risk
cust_1140,Company_1140,starter,299,2023-08-29,active,4,4,Healthcare,9.1,20,7,0,0,0,0.1406731026316503,83.3,Healthy
cust_1141,Company_1141,enterprise,4999,2023-04-25,active,17,43,Finance,3.4,28,7,5,3,0,0.0297587972097102,80.0,Healthy
cust_1142,Company_1142,starter,299,2023-08-01,churned,2,2,Finance,8.5,16,6,2,0,1,0.1167845935446214,,
cust_1143,Company_1143,starter,299,2023-10-20,active,14,4,Ecommerce,6.4,12,1,4,0,0,0.1114674598107705,48.0,Critical
cust_1144,Company_1144,growth,799,2023-11-22,active,13,2,Healthcare,9.1,16,3,3,1,0,0.0632020972174403,69.0,At Risk
cust_1145,Company_1145,starter,299,2023-12-30,active,5,5,Healthcare,8.5,20,5,4,0,0,0.1041829190755035,65.4,At Risk
cust_1146,Company_1146,starter,299,2023-06-15,churned,7,1,Healthcare,0.6,24,3,0,0,1,0.2644803551233023,,
cust_1147,Company_1147,growth,799,2023-10-06,active,3,1,Ecommerce,9.8,20,6,1,1,0,0.0682691056130059,76.3,Healthy
cust_1148,Company_1148,starter,299,2023-04-24,active,10,2,Healthcare,7.8,21,1,2,0,0,0.1246482313614563,65.8,At Risk
cust_1149,Company_1149,starter,299,2023-03-15,churned,21,5,SaaS,1.6,29,2,0,0,1,0.2810464109480483,,
cust_1150,Company_1150,starter,299,2023-05-15,churned,6,4,Finance,9.2,6,7,0,0,1,0.1125242274447503,,
cust_1151,Company_1151,growth,799,2023-01-12,churned,14,1,Ecommerce,7.0,12,6,5,1,1,0.0795909885714046,,
cust_1152,Company_1152,enterprise,4999,2023-03-24,active,6,12,Other,6.5,27,1,0,3,0,0.0648136468468536,67.5,At Risk
cust_1153,Company_1153,enterprise,4999,2023-06-27,active,16,39,Other,0.5,16,5,0,3,0,0.0346233627478061,94.0,Healthy
cust_1154,Company_1154,starter,299,2023-01-16,churned,18,5,Ecommerce,2.6,11,2,1,0,1,0.1576542440727457,,
cust_1155,Company_1155,starter,299,2023-03-12,churned,8,2,Finance,3.1,6,2,2,0,1,0.1368862444270669,,
cust_1156,Company_1156,pro,1999,2023-11-30,active,10,4,Healthcare,5.4,12,4,2,2,0,0.0616773816993986,68.8,At Risk
cust_1157,Company_1157,starter,299,2023-12-18,active,23,4,SaaS,6.0,24,5,1,0,0,0.1697961828157072,95.0,Healthy
cust_1158,Company_1158,pro,1999,2023-09-07,active,14,4,Other,7.6,26,6,4,2,0,0.0349429054763769,80.0,Healthy
cust_1159,Company_1159,starter,299,2023-07-16,active,14,3,Finance,9.0,26,2,3,0,0,0.099695434512187,70.0,At Risk
cust_1160,Company_1160,starter,299,2023-01-18,active,17,4,Finance,6.2,28,6,3,0,0,0.1302878642067003,85.0,Healthy
cust_1161,Company_1161,starter,299,2023-04-03,active,11,2,Finance,2.8,6,6,2,0,0,0.1265475349867595,66.9,At Risk
cust_1162,Company_1162,starter,299,2023-06-10,churned,4,1,Finance,2.5,18,6,1,0,1,0.2033143423729261,,
cust_1163,Company_1163,growth,799,2023-07-17,active,10,5,Ecommerce,1.5,8,2,4,1,0,0.0962572095267417,42.8,Critical
cust_1164,Company_1164,pro,1999,2023-08-04,active,22,3,Finance,2.4,1,8,3,2,0,0.0502773881371633,56.5,At Risk
cust_1165,Company_1165,starter,299,2023-05-21,churned,14,4,Ecommerce,6.2,18,7,1,0,1,0.114948915530972,,
cust_1166,Company_1166,growth,799,2023-05-26,active,1,5,SaaS,9.2,9,3,3,1,0,0.0929593509559933,35.6,Critical
cust_1167,Company_1167,starter,299,2023-10-01,churned,17,1,SaaS,5.0,26,7,5,0,1,0.1685171828583289,,
cust_1168,Company_1168,starter,299,2023-06-12,active,12,5,Finance,5.2,1,7,2,0,0,0.1133787372698282,61.5,At Risk
cust_1169,Company_1169,growth,799,2023-08-21,active,16,1,Finance,9.4,3,1,1,1,0,0.0859358983619921,49.5,Critical
cust_1170,Company_1170,starter,299,2023-01-06,churned,5,3,Healthcare,2.7,2,4,5,0,1,0.1646136992433989,,
cust_1171,Company_1171,enterprise,4999,2023-07-08,active,18,45,SaaS,3.0,25,1,0,3,0,0.0414476564758238,80.0,Healthy
cust_1172,Company_1172,starter,299,2023-06-05,active,3,5,Healthcare,3.1,5,3,4,0,0,0.1163076480719081,28.8,Critical
cust_1173,Company_1173,growth,799,2023-03-06,active,11,5,Healthcare,6.6,21,2,4,1,0,0.0591972970681763,62.9,At Risk
cust_1174,Company_1174,growth,799,2023-10-23,active,16,3,Finance,7.8,15,4,0,1,0,0.0655590534023503,87.5,Healthy
cust_1175,Company_1175,starter,299,2023-06-01,churned,23,5,Ecommerce,6.8,23,4,5,0,1,0.171107614853144,,
cust_1176,Company_1176,starter,299,2023-09-11,active,2,2,Healthcare,8.3,6,8,0,0,0,0.1089612467971226,58.2,At Risk
cust_1177,Company_1177,starter,299,2023-10-30,active,17,3,Finance,7.2,20,3,4,0,0,0.1119197772743699,70.0,At Risk
cust_1178,Company_1178,starter,299,2023-03-08,active,8,4,Healthcare,8.7,16,4,3,0,0,0.1010501905809621,65.7,At Risk
cust_1179,Company_1179,starter,299,2023-05-23,active,14,3,Other,6.7,4,8,0,0,0,0.098993627888124,76.0,Healthy
cust_1180,Company_1180,pro,1999,2023-05-04,active,1,2,Finance,0.8,21,8,2,2,0,0.1262231726343135,67.1,At Risk
cust_1181,Company_1181,starter,299,2023-10-09,active,3,2,Ecommerce,4.3,13,6,0,0,0,0.1383292210046147,70.8,At Risk
cust_1182,Company_1182,growth,799,2023-07-09,churned,4,4,Healthcare,2.3,6,7,1,1,1,0.1807199542236819,,
cust_1183,Company_1183,growth,799,2023-09-29,active,20,4,SaaS,7.0,20,4,0,1,0,0.0774537554758538,95.0,Healthy
cust_1184,Company_1184,starter,299,2023-01-28,active,2,2,SaaS,5.6,8,4,4,0,0,0.1221544799956806,36.2,Critical
cust_1185,Company_1185,growth,799,2023-07-27,active,13,2,Finance,5.2,5,4,2,1,0,0.0916896894467644,62.5,At Risk
cust_1186,Company_1186,growth,799,2023-12-28,active,20,1,SaaS,2.3,29,8,5,1,0,0.0740794056086742,80.0,Healthy
cust_1187,Company_1187,starter,299,2023-12-19,active,8,1,Ecommerce,2.3,28,8,1,0,0,0.1804810041400236,86.7,Healthy
cust_1188,Company_1188,enterprise,4999,2023-12-08,active,16,2,Ecommerce,9.8,28,2,1,3,0,0.0715739374871989,80.0,Healthy
cust_1189,Company_1189,growth,799,2023-01-05,active,20,4,Other,0.5,27,4,3,1,0,0.1025602133862038,80.0,Healthy
cust_1190,Company_1190,starter,299,2023-01-09,active,19,3,Ecommerce,5.5,5,3,0,0,0,0.1287262096737409,67.5,At Risk
cust_1191,Company_1191,starter,299,2023-06-21,active,15,3,Other,2.9,15,5,2,0,0,0.126122300557407,82.5,Healthy
cust_1192,Company_1192,growth,799,2023-06-30,active,10,5,Other,5.1,8,1,1,1,0,0.072438499911566,52.8,At Risk
cust_1193,Company_1193,enterprise,4999,2023-04-23,active,22,23,Healthcare,0.8,18,7,2,3,0,0.0457316609867008,87.0,Healthy
cust_1194,Company_1194,starter,299,2023-02-15,active,7,4,SaaS,9.7,28,8,4,0,0,0.102743569926429,69.6,At Risk
cust_1195,Company_1195,starter,299,2023-12-14,active,12,4,Other,4.5,8,5,1,0,0,0.1129783475006161,77.0,Healthy
cust_1196,Company_1196,starter,299,2023-09-24,active,23,5,SaaS,4.6,14,6,2,0,0,0.1365693606848715,81.0,Healthy
cust_1197,Company_1197,starter,299,2023-01-05,active,16,2,Healthcare,7.0,16,5,4,0,0,0.1006106477264582,74.0,At Risk
cust_1198,Company_1198,growth,799,2023-03-25,active,10,1,Finance,0.6,1,4,2,1,0,0.1143461468801166,52.3,At Risk
cust_1199,Company_1199,pro,1999,2023-03-05,active,2,1,Healthcare,3.8,26,1,0,2,0,0.0583575976533368,59.2,At Risk
cust_1200,Company_1200,starter,299,2023-06-29,active,10,5,Other,2.0,2,5,1,0,0,0.1369232294638945,63.8,At Risk
cust_1201,Company_1201,enterprise,4999,2023-04-11,active,14,6,Finance,2.6,15,6,1,3,0,0.0353829290252929,87.5,Healthy
cust_1202,Company_1202,pro,1999,2023-11-23,active,13,1,Finance,9.2,19,5,1,2,0,0.0434325676350422,93.5,Healthy
cust_1203,Company_1203,growth,799,2023-12-14,active,11,2,Ecommerce,2.9,13,4,2,1,0,0.0926562555707384,72.4,At Risk
cust_1204,Company_1204,starter,299,2023-06-02,active,19,4,Other,2.2,25,7,0,0,0,0.2586790832963487,100.0,Healthy
cust_1205,Company_1205,starter,299,2023-08-15,active,23,3,Healthcare,3.9,14,7,3,0,0,0.1361178936545381,76.0,Healthy
cust_1206,Company_1206,growth,799,2023-10-14,active,1,4,SaaS,7.7,19,5,1,1,0,0.0667197008379209,70.6,At Risk
cust_1207,Company_1207,growth,799,2023-07-11,active,5,5,Finance,1.0,27,7,1,1,0,0.157807379799328,80.4,Healthy
cust_1208,Company_1208,growth,799,2023-01-04,active,15,5,Healthcare,8.5,2,1,2,1,0,0.0676960703979849,43.0,Critical
cust_1209,Company_1209,pro,1999,2023-11-29,active,4,1,Finance,5.9,22,6,0,2,0,0.0540628593787133,83.3,Healthy
cust_1210,Company_1210,starter,299,2023-10-27,active,22,1,Ecommerce,5.4,17,8,1,0,0,0.1521978553067317,90.5,Healthy
cust_1211,Company_1211,starter,299,2023-12-12,active,21,3,Finance,7.3,29,1,3,0,0,0.1098536791560607,65.0,At Risk
cust_1212,Company_1212,growth,799,2023-04-13,churned,4,2,Other,8.9,16,2,1,1,1,0.0796139623840866,,
cust_1213,Company_1213,starter,299,2023-08-31,active,1,4,Healthcare,1.0,3,5,3,0,0,0.120316073665694,36.6,Critical
cust_1214,Company_1214,growth,799,2023-04-05,active,8,5,Finance,8.3,21,8,5,1,0,0.0514607386970284,71.7,At Risk
cust_1215,Company_1215,growth,799,2023-08-10,active,5,2,Ecommerce,8.3,21,4,1,1,0,0.0721649423303363,75.4,Healthy
cust_1216,Company_1216,growth,799,2023-12-25,active,18,4,Finance,3.2,3,8,2,1,0,0.0995335509282895,64.5,At Risk
cust_1217,Company_1217,growth,799,2023-07-20,active,13,1,Healthcare,4.5,13,3,0,1,0,0.0689660187958879,79.5,Healthy
cust_1218,Company_1218,starter,299,2023-03-03,active,19,5,Finance,0.8,20,8,0,0,0,0.3007839770994052,100.0,Healthy
cust_1219,Company_1219,enterprise,4999,2023-07-01,active,5,47,Healthcare,3.1,5,6,4,3,0,0.061087642075053,42.9,Critical
cust_1220,Company_1220,pro,1999,2023-09-15,active,7,5,Healthcare,5.4,5,3,2,2,0,0.0614029038629433,47.1,Critical
cust_1221,Company_1221,growth,799,2023-10-16,active,11,2,Finance,8.0,21,5,3,1,0,0.0560243101304411,82.9,Healthy
cust_1222,Company_1222,starter,299,2023-11-27,active,16,4,Other,6.8,18,5,1,0,0,0.1078505128301254,92.0,Healthy
cust_1223,Company_1223,growth,799,2023-10-29,active,19,5,Healthcare,1.1,0,3,1,1,0,0.0925101588738568,55.0,At Risk
cust_1224,Company_1224,starter,299,2023-02-24,active,16,4,Finance,7.7,24,4,0,0,0,0.1324166526295539,95.0,Healthy
cust_1225,Company_1225,pro,1999,2023-03-31,active,24,4,SaaS,1.1,8,2,0,2,0,0.0450319873149495,67.0,At Risk
cust_1226,Company_1226,pro,1999,2023-02-07,active,15,5,SaaS,9.3,10,2,5,2,0,0.0465476852098009,50.0,At Risk
cust_1227,Company_1227,growth,799,2023-03-10,active,21,2,Ecommerce,2.9,14,5,1,1,0,0.0881945991960065,86.0,Healthy
cust_1228,Company_1228,starter,299,2023-03-24,active,14,2,SaaS,6.0,20,2,1,0,0,0.1373804848773543,80.0,Healthy
cust_1229,Company_1229,starter,299,2023-03-13,active,1,4,Other,5.7,2,6,1,0,0,0.1126766883165801,45.1,Critical
cust_1230,Company_1230,growth,799,2023-11-25,active,17,2,Other,8.4,16,6,2,1,0,0.0691733871939459,84.0,Healthy
cust_1231,Company_1231,growth,799,2023-10-14,active,5,4,Healthcare,6.4,27,2,4,1,0,0.0674225661385429,50.4,At Risk
cust_1232,Company_1232,starter,299,2023-09-22,churned,10,4,Ecommerce,1.0,17,6,0,0,1,0.2433252524435309,,
cust_1233,Company_1233,starter,299,2023-05-29,active,9,3,SaaS,8.8,5,5,0,0,0,0.1104395555734595,71.3,At Risk
cust_1234,Company_1234,growth,799,2023-05-04,active,17,5,Finance,4.3,1,2,4,1,0,0.0752036946309364,36.5,Critical
cust_1235,Company_1235,growth,799,2023-05-15,churned,21,3,Healthcare,3.0,10,1,1,1,1,0.0812036072816471,,
cust_1236,Company_1236,starter,299,2023-06-18,active,22,1,Ecommerce,5.2,25,1,2,0,0,0.185529589012353,70.0,At Risk
cust_1237,Company_1237,enterprise,4999,2023-08-02,active,20,6,Other,5.0,4,5,5,3,0,0.0411913437580173,56.0,At Risk
cust_1238,Company_1238,starter,299,2023-01-19,active,16,3,Healthcare,5.0,25,4,0,0,0,0.214355127185901,95.0,Healthy
cust_1239,Company_1239,enterprise,4999,2023-01-14,active,7,25,SaaS,5.7,1,7,3,3,0,0.0445139033963786,46.1,Critical
cust_1240,Company_1240,growth,799,2023-08-09,active,23,2,SaaS,4.7,28,6,2,1,0,0.0905203226688522,90.0,Healthy
cust_1241,Company_1241,starter,299,2023-08-12,active,2,1,Other,0.6,13,1,0,0,0,0.1914762077607337,48.7,Critical
cust_1242,Company_1242,pro,1999,2023-05-08,active,2,2,Healthcare,2.2,1,6,2,2,0,0.0742908985966551,40.7,Critical
cust_1243,Company_1243,growth,799,2023-05-06,active,10,4,Healthcare,6.7,21,2,0,1,0,0.0697968718169718,80.8,Healthy
cust_1244,Company_1244,starter,299,2023-10-06,active,7,3,Ecommerce,4.7,9,6,4,0,0,0.1102310787474832,53.1,At Risk
cust_1245,Company_1245,starter,299,2023-12-01,active,8,3,Finance,7.1,16,2,0,0,0,0.1079268421215813,70.7,At Risk
cust_1246,Company_1246,starter,299,2023-07-30,active,23,4,Finance,1.2,29,3,4,0,0,0.1876661343620575,70.0,At Risk
cust_1247,Company_1247,starter,299,2023-10-11,churned,7,2,SaaS,9.8,22,8,5,0,1,0.1030344243945024,,
cust_1248,Company_1248,pro,1999,2023-02-28,active,1,1,Finance,3.1,12,5,0,2,0,0.0753557414718293,65.1,At Risk
cust_1249,Company_1249,starter,299,2023-11-09,active,13,4,Healthcare,4.7,7,4,3,0,0,0.1112872361666671,60.5,At Risk
cust_1250,Company_1250,starter,299,2023-08-09,churned,18,3,SaaS,5.6,11,1,4,0,1,0.1733679955493134,,
cust_1251,Company_1251,pro,1999,2023-06-22,active,9,5,Ecommerce,7.7,10,7,3,2,0,0.0460417012722307,63.8,At Risk
cust_1252,Company_1252,pro,1999,2023-01-30,active,4,3,Other,4.9,18,5,1,2,0,0.0496888041718623,75.3,Healthy
cust_1253,Company_1253,enterprise,4999,2023-08-28,active,24,16,Ecommerce,9.1,8,5,0,3,0,0.0408439165206383,82.0,Healthy
cust_1254,Company_1254,enterprise,4999,2023-10-05,active,10,26,SaaS,6.3,11,5,5,3,0,0.0459453237827376,62.3,At Risk
cust_1255,Company_1255,starter,299,2023-12-01,churned,20,3,Other,6.8,26,5,1,0,1,0.1398857967704039,,
cust_1256,Company_1256,growth,799,2023-01-09,churned,15,1,Finance,5.1,27,4,3,1,1,0.0856568076387595,,
cust_1257,Company_1257,starter,299,2023-02-10,active,9,5,Finance,9.6,14,3,2,0,0,0.0818201092929021,64.8,At Risk
cust_1258,Company_1258,pro,1999,2023-05-22,active,9,2,Ecommerce,6.5,4,1,1,2,0,0.0460186928929438,44.8,Critical
cust_1259,Company_1259,starter,299,2023-01-20,active,6,4,Other,3.5,17,4,0,0,0,0.1770130564812631,78.0,Healthy
cust_1260,Company_1260,enterprise,4999,2023-05-13,churned,9,23,Other,7.3,19,4,2,3,1,0.0572047327228147,,
cust_1261,Company_1261,starter,299,2023-09-17,churned,15,1,Ecommerce,2.4,18,6,5,0,1,0.1843634981981784,,
cust_1262,Company_1262,growth,799,2023-11-25,active,14,2,SaaS,3.6,25,6,2,1,0,0.083141625367872,90.0,Healthy
cust_1263,Company_1263,enterprise,4999,2023-11-30,active,12,19,Other,0.8,11,1,2,3,0,0.0606108325350328,56.5,At Risk
cust_1264,Company_1264,enterprise,4999,2023-10-30,active,1,14,Finance,5.4,24,6,1,3,0,0.0628655449821084,72.1,At Risk
cust_1265,Company_1265,starter,299,2023-10-26,active,2,2,Healthcare,7.7,20,2,0,0,0,0.1184660755179848,64.2,At Risk
cust_1266,Company_1266,enterprise,4999,2023-04-25,active,19,37,Other,7.5,17,2,4,3,0,0.0282476666675563,60.5,At Risk
cust_1267,Company_1267,pro,1999,2023-11-07,active,16,5,Healthcare,3.5,6,5,1,2,0,0.0632113349078341,74.0,At Risk
cust_1268,Company_1268,starter,299,2023-07-05,active,8,1,Ecommerce,4.7,30,7,2,0,0,0.1390092434400391,81.7,Healthy
cust_1269,Company_1269,starter,299,2023-10-14,churned,17,3,Healthcare,6.2,14,7,1,0,1,0.1017124037145606,,
cust_1270,Company_1270,growth,799,2023-03-06,active,18,4,Other,6.8,19,5,2,1,0,0.0814735674075817,88.5,Healthy
cust_1271,Company_1271,starter,299,2023-03-02,active,3,5,Ecommerce,6.0,20,4,1,0,0,0.1299443397108094,71.3,At Risk
cust_1272,Company_1272,pro,1999,2023-01-08,active,6,3,Other,7.3,15,2,1,2,0,0.0449369188123074,60.0,At Risk
cust_1273,Company_1273,pro,1999,2023-08-09,active,1,1,Ecommerce,5.4,16,7,3,2,0,0.1306173711761939,56.1,At Risk
cust_1274,Company_1274,starter,299,2023-07-25,active,23,3,SaaS,3.7,26,6,4,0,0,0.1917133907088933,80.0,Healthy
cust_1275,Company_1275,growth,799,2023-02-25,churned,24,3,Healthcare,9.2,20,8,5,1,1,0.0912860696354699,,
cust_1276,Company_1276,pro,1999,2023-05-29,active,16,2,Other,9.2,29,2,1,2,0,0.0605918192791024,80.0,Healthy
cust_1277,Company_1277,pro,1999,2023-10-31,active,19,4,Healthcare,3.5,5,5,0,2,0,0.0620851639525373,77.5,Healthy
cust_1278,Company_1278,starter,299,2023-09-10,churned,11,5,Other,6.0,27,7,2,0,1,0.1557407293269695,,
cust_1279,Company_1279,starter,299,2023-06-13,active,6,1,Ecommerce,4.6,8,6,0,0,0,0.1164433117599371,69.5,At Risk
cust_1280,Company_1280,starter,299,2023-03-26,active,4,4,Healthcare,2.6,5,5,2,0,0,0.1236749942717348,50.8,At Risk
cust_1281,Company_1281,enterprise,4999,2023-02-24,active,8,10,SaaS,2.5,26,3,0,3,0,0.0420579969050342,81.7,Healthy
cust_1282,Company_1282,growth,799,2023-01-21,active,18,2,SaaS,5.1,26,1,2,1,0,0.0710415389688236,70.0,At Risk
cust_1283,Company_1283,starter,299,2023-10-20,active,14,5,Ecommerce,8.4,9,2,5,0,0,0.0978934634420966,48.5,Critical
cust_1284,Company_1284,pro,1999,2023-03-03,active,15,4,Finance,1.3,4,5,5,2,0,0.0903331209555447,56.0,At Risk
cust_1285,Company_1285,growth,799,2023-07-01,active,3,2,SaaS,3.6,16,6,2,1,0,0.0834202865843097,65.3,At Risk
cust_1286,Company_1286,growth,799,2023-09-20,active,22,3,SaaS,4.6,29,6,1,1,0,0.0836958363462352,95.0,Healthy
cust_1287,Company_1287,pro,1999,2023-12-05,churned,21,1,Ecommerce,1.8,12,4,5,2,1,0.1058572200338158,,
cust_1288,Company_1288,starter,299,2023-08-29,active,5,2,Healthcare,3.2,6,2,4,0,0,0.136508019293304,29.4,Critical
cust_1289,Company_1289,pro,1999,2023-04-20,active,1,4,Other,6.3,22,3,0,2,0,0.0602289003738217,67.1,At Risk
cust_1290,Company_1290,growth,799,2023-05-15,active,20,5,Ecommerce,6.6,15,3,2,1,0,0.0682187735200186,72.5,At Risk
cust_1291,Company_1291,pro,1999,2023-05-30,active,22,4,Other,3.9,15,5,0,2,0,0.042773521476212,92.5,Healthy
cust_1292,Company_1292,starter,299,2023-05-28,active,14,3,Ecommerce,6.8,3,3,3,0,0,0.0876903631621277,49.5,Critical
cust_1293,Company_1293,enterprise,4999,2023-12-05,active,4,26,Ecommerce,7.8,15,8,4,3,0,0.0434498305015377,55.8,At Risk
cust_1294,Company_1294,growth,799,2023-05-01,active,1,5,Ecommerce,9.0,25,7,0,1,0,0.0912404165503191,77.1,Healthy
cust_1295,Company_1295,growth,799,2023-06-15,active,9,4,Healthcare,8.2,13,7,2,1,0,0.0690746883226003,73.3,At Risk
cust_1296,Company_1296,enterprise,4999,2023-05-18,active,16,22,SaaS,3.4,13,4,4,3,0,0.0475196299142486,64.5,At Risk
cust_1297,Company_1297,pro,1999,2023-10-02,active,7,1,Other,6.3,4,1,5,2,0,0.0551910709883001,25.6,Critical
cust_1298,Company_1298,starter,299,2023-07-14,active,3,3,Finance,7.8,17,2,5,0,0,0.0951891464831604,41.8,Critical
cust_1299,Company_1299,starter,299,2023-04-18,active,12,2,Other,4.3,22,4,2,0,0,0.1559858630308846,85.0,Healthy
cust_1300,Company_1300,pro,1999,2023-07-11,active,11,5,Ecommerce,9.4,1,1,4,2,0,0.0429007712881797,29.4,Critical
cust_1301,Company_1301,starter,299,2023-07-23,churned,16,3,Finance,0.7,20,4,0,0,1,0.3051269861720349,,
cust_1302,Company_1302,starter,299,2023-03-05,active,13,2,Finance,8.7,2,2,4,0,0,0.1201591586499761,38.0,Critical
cust_1303,Company_1303,pro,1999,2023-08-01,churned,1,5,Other,9.2,3,7,1,2,1,0.1827934837283443,,
cust_1304,Company_1304,pro,1999,2023-06-09,active,11,1,Finance,3.1,6,2,2,2,0,0.0475657600869717,51.9,At Risk
cust_1305,Company_1305,enterprise,4999,2023-10-23,active,16,28,SaaS,2.6,13,5,3,3,0,0.0410929833947796,74.5,At Risk
cust_1306,Company_1306,starter,299,2023-12-26,active,18,4,SaaS,9.9,23,7,2,0,0,0.1131979441969775,90.0,Healthy
cust_1307,Company_1307,pro,1999,2024-01-01,active,4,5,SaaS,4.3,7,8,2,2,0,0.0611722069522449,53.8,At Risk
cust_1308,Company_1308,growth,799,2023-02-25,active,21,2,SaaS,1.4,5,4,3,1,0,0.1256932163762663,57.5,At Risk
cust_1309,Company_1309,growth,799,2023-02-12,active,5,4,Other,7.4,18,4,0,1,0,0.0723172575637869,77.4,Healthy
cust_1310,Company_1310,pro,1999,2023-05-10,active,14,3,Ecommerce,0.8,22,7,0,2,0,0.0415533924189227,100.0,Healthy
cust_1311,Company_1311,starter,299,2023-04-18,active,18,5,Healthcare,3.5,20,4,2,0,0,0.1773762867105056,85.0,Healthy
cust_1312,Company_1312,growth,799,2023-09-05,active,17,1,SaaS,4.5,2,7,1,1,0,0.081097185361148,68.0,At Risk
cust_1313,Company_1313,pro,1999,2023-03-24,active,17,2,Ecommerce,4.7,3,1,3,2,0,0.0436222377039824,39.5,Critical
cust_1314,Company_1314,growth,799,2023-11-17,active,17,5,Healthcare,4.3,9,2,3,1,0,0.0631617525052895,53.5,At Risk
cust_1315,Company_1315,enterprise,4999,2023-12-13,active,9,40,Finance,5.9,5,3,2,3,0,0.0505145116441843,51.3,At Risk
cust_1316,Company_1316,growth,799,2023-04-15,active,20,3,Other,6.2,15,8,1,1,0,0.0775105993472909,87.5,Healthy
cust_1317,Company_1317,enterprise,4999,2023-03-11,active,6,31,SaaS,3.5,5,3,3,3,0,0.0547855007823092,40.0,Critical
cust_1318,Company_1318,starter,299,2023-01-03,active,10,2,SaaS,5.6,10,2,0,0,0,0.1321986828616096,65.8,At Risk
cust_1319,Company_1319,growth,799,2023-11-01,churned,6,5,Ecommerce,3.8,0,4,2,1,1,0.1338546645665635,,
cust_1320,Company_1320,starter,299,2023-08-07,active,19,3,Other,7.8,29,5,4,0,0,0.0949638081884102,80.0,Healthy
cust_1321,Company_1321,growth,799,2023-12-04,churned,7,2,SaaS,7.4,8,3,2,1,1,0.0678059380732846,,
cust_1322,Company_1322,growth,799,2023-03-06,active,17,4,Finance,6.0,27,5,5,1,0,0.0704327370038472,80.0,Healthy
cust_1323,Company_1323,pro,1999,2023-12-09,active,16,1,Ecommerce,9.9,2,3,1,2,0,0.0464026200366026,58.0,At Risk
cust_1324,Company_1324,starter,299,2023-01-01,churned,11,1,Ecommerce,5.4,14,7,5,0,1,0.13005401282727,,
cust_1325,Company_1325,growth,799,2023-06-04,active,17,2,Other,4.2,24,7,5,1,0,0.0657171988435291,80.0,Healthy
cust_1326,Company_1326,growth,799,2023-06-09,active,17,1,Other,8.5,30,3,5,1,0,0.0506164881157003,70.0,At Risk
cust_1327,Company_1327,pro,1999,2023-12-31,active,5,5,Healthcare,5.2,25,5,5,2,0,0.0538103239105373,65.4,At Risk
cust_1328,Company_1328,starter,299,2023-08-11,active,21,1,Finance,8.6,24,6,5,0,0,0.1247189797550629,80.0,Healthy
cust_1329,Company_1329,growth,799,2023-11-12,active,18,2,Healthcare,4.1,29,1,1,1,0,0.0720077883284594,75.0,Healthy
cust_1330,Company_1330,growth,799,2023-09-27,churned,7,3,Finance,1.4,11,5,4,1,1,0.1398649143798857,,
cust_1331,Company_1331,enterprise,4999,2023-11-07,active,9,18,Healthcare,4.3,22,5,2,3,0,0.0364693861201086,83.8,Healthy
cust_1332,Company_1332,growth,799,2023-10-20,active,1,4,Other,6.5,15,3,3,1,0,0.0767940221849041,44.6,Critical
cust_1333,Company_1333,pro,1999,2023-11-28,active,18,1,Finance,0.8,28,3,5,2,0,0.0548408520486707,70.0,At Risk
cust_1334,Company_1334,pro,1999,2023-03-09,active,3,1,SaaS,4.7,22,1,2,2,0,0.0402799981727593,51.3,At Risk
cust_1335,Company_1335,starter,299,2023-10-06,active,9,2,Other,7.5,10,6,5,0,0,0.0883110828291361,58.8,At Risk
cust_1336,Company_1336,starter,299,2023-10-28,active,24,5,SaaS,9.4,12,7,5,0,0,0.1118868100377133,68.0,At Risk
cust_1337,Company_1337,growth,799,2023-02-03,active,7,5,Ecommerce,7.4,2,3,3,1,0,0.0641644216492062,37.6,Critical
cust_1338,Company_1338,starter,299,2023-11-08,active,7,4,Ecommerce,6.5,26,1,2,0,0,0.1540103955226653,59.6,At Risk
cust_1339,Company_1339,starter,299,2023-06-29,active,4,5,SaaS,5.9,14,2,0,0,0,0.1277610707748794,59.3,At Risk
cust_1340,Company_1340,enterprise,4999,2023-04-04,active,24,21,Other,6.5,0,3,0,3,0,0.0339205943649302,60.0,At Risk
cust_1341,Company_1341,starter,299,2023-07-11,churned,15,2,Finance,8.5,20,4,5,0,1,0.1535785998451586,,
cust_1342,Company_1342,pro,1999,2023-03-09,active,10,3,Ecommerce,3.2,18,6,3,2,0,0.0466400455896306,77.8,Healthy
cust_1343,Company_1343,starter,299,2023-04-07,active,9,2,Finance,3.0,14,5,0,0,0,0.140315870847805,84.8,Healthy
cust_1344,Company_1344,growth,799,2023-10-24,active,12,5,Healthcare,8.4,21,3,0,1,0,0.0688934752110022,90.0,Healthy
cust_1345,Company_1345,enterprise,4999,2023-10-27,active,13,37,Ecommerce,9.9,13,6,5,3,0,0.033444800882978,69.5,At Risk
cust_1346,Company_1346,pro,1999,2023-05-28,active,7,5,Other,8.4,25,5,0,2,0,0.0380577180912602,89.6,Healthy
cust_1347,Company_1347,growth,799,2023-04-18,active,9,3,SaaS,9.3,16,3,3,1,0,0.0601115025352374,62.8,At Risk
cust_1348,Company_1348,starter,299,2023-10-28,active,11,4,Other,9.1,10,2,5,0,0,0.1152919940544459,47.9,Critical
cust_1349,Company_1349,starter,299,2023-01-05,active,6,3,Finance,6.7,3,3,2,0,0,0.0877432980795779,42.0,Critical
cust_1350,Company_1350,starter,299,2023-08-28,active,18,1,Healthcare,8.2,14,7,5,0,0,0.0989060093943875,71.0,At Risk
cust_1351,Company_1351,starter,299,2023-05-05,active,9,5,Finance,5.1,12,5,0,0,0,0.1198633405004423,81.8,Healthy
cust_1352,Company_1352,enterprise,4999,2023-04-30,active,17,28,Finance,9.6,12,1,1,3,0,0.0665131855634241,63.0,At Risk
cust_1353,Company_1353,growth,799,2023-06-03,active,20,5,Ecommerce,9.5,18,3,1,1,0,0.062326312670217,82.0,Healthy
cust_1354,Company_1354,growth,799,2023-01-28,active,3,2,Finance,4.9,5,8,0,1,0,0.1106231912316268,58.8,At Risk
cust_1355,Company_1355,growth,799,2023-04-13,active,6,1,Ecommerce,2.7,6,7,0,1,0,0.1419680463559966,66.5,At Risk
cust_1356,Company_1356,pro,1999,2023-03-20,active,22,3,SaaS,5.0,11,2,3,2,0,0.0482008935396476,56.5,At Risk
cust_1357,Company_1357,growth,799,2023-07-21,active,23,4,Healthcare,8.4,22,4,0,1,0,0.0737633881158733,95.0,Healthy
cust_1358,Company_1358,starter,299,2023-06-12,active,5,3,Finance,8.3,23,7,4,0,0,0.0912245093834845,65.4,At Risk
cust_1359,Company_1359,starter,299,2023-02-06,active,12,5,SaaS,2.6,19,3,1,0,0,0.1944192405637989,83.5,Healthy
cust_1360,Company_1360,starter,299,2023-06-24,active,17,5,Other,7.6,29,2,5,0,0,0.1138403085122709,65.0,At Risk
cust_1361,Company_1361,starter,299,2023-09-13,churned,7,3,Healthcare,1.4,12,3,3,0,1,0.1457481353542506,,
cust_1362,Company_1362,starter,299,2023-06-09,active,13,4,SaaS,3.0,30,7,1,0,0,0.1570693602517612,95.0,Healthy
cust_1363,Company_1363,starter,299,2023-12-16,active,17,4,SaaS,3.8,23,2,5,0,0,0.1772871206595966,65.0,At Risk
cust_1364,Company_1364,pro,1999,2023-01-07,active,6,5,Other,4.1,14,1,3,2,0,0.0409780553696388,43.5,Critical
cust_1365,Company_1365,growth,799,2023-12-10,active,13,1,Finance,4.5,23,2,4,1,0,0.0631893581411218,65.0,At Risk
cust_1366,Company_1366,pro,1999,2023-08-19,active,17,4,Finance,8.5,11,2,1,2,0,0.0496049180873147,66.5,At Risk
cust_1367,Company_1367,enterprise,4999,2023-09-30,active,13,6,Ecommerce,0.6,30,5,1,3,0,0.0495778688344002,95.0,Healthy
cust_1368,Company_1368,growth,799,2023-11-11,active,24,4,SaaS,4.9,1,2,3,1,0,0.0822974719946156,41.5,Critical
cust_1369,Company_1369,growth,799,2023-01-26,active,20,3,Healthcare,3.7,9,1,4,1,0,0.0723376312611487,43.5,Critical
cust_1370,Company_1370,starter,299,2023-05-31,active,12,4,Finance,3.3,1,2,2,0,0,0.1353592862900926,46.5,Critical
cust_1371,Company_1371,pro,1999,2023-09-30,active,24,2,SaaS,5.6,4,3,5,2,0,0.0658426872949586,46.0,Critical
cust_1372,Company_1372,growth,799,2023-05-21,active,12,5,Ecommerce,9.2,28,8,0,1,0,0.0741631070268543,100.0,Healthy
cust_1373,Company_1373,starter,299,2023-07-10,churned,2,1,Healthcare,5.4,23,2,2,0,1,0.1450475278384067,,
cust_1374,Company_1374,enterprise,4999,2023-06-04,active,14,12,Finance,7.4,23,2,3,3,0,0.0369033911752945,70.0,At Risk
cust_1375,Company_1375,enterprise,4999,2023-04-09,active,19,20,Other,5.4,27,4,5,3,0,0.0493139711309257,75.0,Healthy
cust_1376,Company_1376,pro,1999,2023-07-11,active,19,4,Finance,7.6,24,3,2,2,0,0.0471263936457699,80.0,Healthy
cust_1377,Company_1377,growth,799,2023-01-24,active,20,2,Finance,3.1,13,4,0,1,0,0.0880866431995958,84.5,Healthy
cust_1378,Company_1378,pro,1999,2023-12-03,active,5,4,Other,8.0,20,6,0,2,0,0.0479236496531785,85.4,Healthy
cust_1379,Company_1379,starter,299,2023-01-10,active,23,1,Other,3.2,22,8,4,0,0,0.1636363214557492,80.0,Healthy
cust_1380,Company_1380,growth,799,2023-11-01,active,11,4,Other,0.6,10,6,2,1,0,0.1192840987563229,72.9,At Risk
cust_1381,Company_1381,pro,1999,2023-03-19,active,15,4,Ecommerce,5.6,5,7,2,2,0,0.0532108199386086,67.5,At Risk
cust_1382,Company_1382,growth,799,2023-12-05,active,19,4,Other,9.9,2,4,5,1,0,0.0739279466387573,48.0,Critical
cust_1383,Company_1383,enterprise,4999,2023-07-09,active,10,21,Healthcare,6.9,0,3,4,3,0,0.0412309019142941,35.8,Critical
cust_1384,Company_1384,growth,799,2023-11-16,active,12,4,SaaS,7.6,9,8,1,1,0,0.0675610071585874,78.5,Healthy
cust_1385,Company_1385,starter,299,2023-10-03,active,5,1,SaaS,4.3,6,2,4,0,0,0.1288166469512107,29.4,Critical
cust_1386,Company_1386,starter,299,2023-03-23,active,24,5,Healthcare,3.8,6,7,4,0,0,0.121893823903501,59.0,At Risk
cust_1387,Company_1387,starter,299,2023-07-05,churned,21,3,Other,5.6,12,4,3,0,1,0.1316997803209278,,
cust_1388,Company_1388,growth,799,2023-08-26,active,10,4,Ecommerce,9.3,5,7,2,1,0,0.081936219319608,63.3,At Risk
cust_1389,Company_1389,starter,299,2023-06-21,active,15,1,Healthcare,6.0,13,7,3,0,0,0.100559706960523,74.5,At Risk
cust_1390,Company_1390,starter,299,2023-01-15,active,20,5,Other,5.3,2,7,0,0,0,0.1196777451259997,73.0,At Risk
cust_1391,Company_1391,starter,299,2023-05-08,active,6,4,SaaS,9.5,0,7,4,0,0,0.1898866335895734,37.5,Critical
cust_1392,Company_1392,growth,799,2023-04-09,active,6,2,Ecommerce,5.0,22,4,2,1,0,0.0761517284965849,72.5,At Risk
cust_1393,Company_1393,starter,299,2023-02-03,active,1,4,Healthcare,2.8,19,8,1,0,0,0.1552513801117119,70.6,At Risk
cust_1394,Company_1394,pro,1999,2023-08-25,active,17,5,Finance,8.8,29,3,1,2,0,0.0582676212302743,85.0,Healthy
cust_1395,Company_1395,growth,799,2023-02-05,active,1,4,Other,10.0,27,7,0,1,0,0.1034064641992019,77.1,Healthy
cust_1396,Company_1396,pro,1999,2023-05-14,active,23,5,Other,7.3,14,8,5,2,0,0.0570036863098201,71.0,At Risk
cust_1397,Company_1397,starter,299,2023-07-23,active,24,3,Healthcare,7.3,16,8,3,0,0,0.1165553781390082,79.0,Healthy
cust_1398,Company_1398,pro,1999,2023-02-23,active,5,5,SaaS,7.4,11,7,5,2,0,0.0576186941369486,51.9,At Risk
cust_1399,Company_1399,starter,299,2023-05-05,active,16,1,Finance,6.6,2,8,5,0,0,0.1022282168531288,53.0,At Risk
cust_1400,Company_1400,growth,799,2023-05-06,active,9,4,Finance,8.0,22,5,4,1,0,0.0506421694047535,73.8,At Risk
cust_1401,Company_1401,starter,299,2023-01-19,churned,5,3,SaaS,2.6,11,6,5,0,1,0.1509201929941613,,
cust_1402,Company_1402,starter,299,2023-03-23,active,19,4,Healthcare,6.9,4,3,1,0,0,0.0821346698705967,61.0,At Risk
cust_1403,Company_1403,growth,799,2023-07-16,active,9,1,Ecommerce,6.0,4,1,2,1,0,0.0755058923138117,39.8,Critical
cust_1404,Company_1404,starter,299,2023-09-18,active,24,5,Healthcare,5.0,28,3,2,0,0,0.1470232623393274,80.0,Healthy
cust_1405,Company_1405,growth,799,2023-10-28,active,17,3,Healthcare,8.7,15,3,4,1,0,0.0574813954620301,62.5,At Risk
cust_1406,Company_1406,growth,799,2023-09-05,churned,13,1,Finance,2.6,6,4,1,1,1,0.1193987232816426,,
cust_1407,Company_1407,starter,299,2023-03-03,active,21,4,Healthcare,5.9,20,1,5,0,0,0.1927100705368801,60.0,At Risk
cust_1408,Company_1408,pro,1999,2023-09-26,active,8,3,SaaS,4.3,3,6,4,2,0,0.0502914583884403,46.2,Critical
cust_1409,Company_1409,starter,299,2023-10-11,active,18,5,SaaS,9.7,1,8,4,0,0,0.1302580268750984,51.5,At Risk
cust_1410,Company_1410,growth,799,2023-05-06,active,9,2,Ecommerce,2.7,22,8,1,1,0,0.0997951816617026,88.8,Healthy
cust_1411,Company_1411,starter,299,2023-11-08,active,9,1,Ecommerce,7.5,29,2,1,0,0,0.1051651054975919,73.8,At Risk
cust_1412,Company_1412,growth,799,2023-02-01,active,7,5,Other,5.0,3,1,2,1,0,0.0843523768413244,34.1,Critical
cust_1413,Company_1413,pro,1999,2023-02-07,active,7,4,SaaS,5.0,3,4,4,2,0,0.0683270078155046,39.1,Critical
cust_1414,Company_1414,growth,799,2023-10-19,active,1,1,Healthcare,7.9,6,8,0,1,0,0.1309973000737769,56.1,At Risk
cust_1415,Company_1415,starter,299,2023-07-28,active,20,2,Finance,5.3,16,5,5,0,0,0.1347268379648615,74.0,At Risk
cust_1416,Company_1416,starter,299,2023-09-30,active,8,5,Other,3.4,14,2,1,0,0,0.143065509752925,62.7,At Risk
cust_1417,Company_1417,growth,799,2023-06-13,active,17,2,Ecommerce,1.1,13,5,0,1,0,0.1231421117689833,89.5,Healthy
cust_1418,Company_1418,enterprise,4999,2023-08-15,active,11,35,Ecommerce,2.3,3,4,1,3,0,0.0483434692766449,62.4,At Risk
cust_1419,Company_1419,starter,299,2023-06-06,active,11,4,SaaS,7.0,29,4,4,0,0,0.1163754533629549,72.9,At Risk
cust_1420,Company_1420,growth,799,2023-06-15,active,6,4,Ecommerce,8.6,19,3,2,1,0,0.0734006836378873,66.0,At Risk
cust_1421,Company_1421,enterprise,4999,2023-08-31,active,21,27,Finance,2.7,8,8,2,3,0,0.0467092034058165,72.0,At Risk
cust_1422,Company_1422,starter,299,2023-06-06,active,11,3,Healthcare,3.4,18,7,3,0,0,0.1419623142379166,79.9,Healthy
cust_1423,Company_1423,starter,299,2023-07-26,active,2,3,Ecommerce,9.8,24,5,0,0,0,0.1236733381658058,79.2,Healthy
cust_1424,Company_1424,pro,1999,2023-04-14,active,7,3,Finance,8.4,0,6,3,2,0,0.0570593813818737,44.6,Critical
cust_1425,Company_1425,pro,1999,2023-06-16,active,18,2,Ecommerce,6.4,14,5,0,2,0,0.0498642877807851,91.0,Healthy
cust_1426,Company_1426,starter,299,2023-03-24,active,11,5,Healthcare,9.5,30,1,5,0,0,0.1178802296501626,57.9,At Risk
cust_1427,Company_1427,starter,299,2023-12-28,active,16,5,Other,4.1,3,1,5,0,0,0.183930517950463,34.5,Critical
cust_1428,Company_1428,starter,299,2023-10-03,active,12,3,SaaS,5.0,28,2,2,0,0,0.153087720734489,75.0,Healthy
cust_1429,Company_1429,enterprise,4999,2023-07-31,active,5,38,Finance,6.0,17,2,3,3,0,0.0515092289336979,50.9,At Risk
cust_1430,Company_1430,starter,299,2023-10-21,active,18,3,Other,5.5,9,1,1,0,0,0.1389013520691689,58.5,At Risk
cust_1431,Company_1431,pro,1999,2023-02-04,active,23,3,Finance,9.1,14,4,1,2,0,0.0527231552309767,81.0,Healthy
cust_1432,Company_1432,starter,299,2023-04-27,active,15,2,Finance,2.9,23,1,1,0,0,0.2268926690306183,75.0,Healthy
cust_1433,Company_1433,starter,299,2023-07-30,active,14,4,SaaS,8.4,1,6,0,0,0,0.0946302251171976,71.5,At Risk
cust_1434,Company_1434,growth,799,2023-01-17,active,17,3,Other,5.2,18,6,5,1,0,0.0697998625532491,77.0,Healthy
cust_1435,Company_1435,starter,299,2023-02-08,churned,19,5,SaaS,5.6,25,2,4,0,1,0.2058204460922804,,
cust_1436,Company_1436,enterprise,4999,2023-11-09,active,21,49,SaaS,7.8,13,5,3,3,0,0.0347861545508884,74.5,At Risk
cust_1437,Company_1437,growth,799,2023-03-19,active,21,2,Other,3.7,16,7,0,1,0,0.0802434033984045,94.0,Healthy
cust_1438,Company_1438,growth,799,2023-05-31,active,1,4,SaaS,0.6,10,7,1,1,0,0.1449126309791956,57.1,At Risk
cust_1439,Company_1439,starter,299,2023-04-25,active,19,3,Other,4.8,21,4,4,0,0,0.1785808441258585,75.0,Healthy
cust_1440,Company_1440,enterprise,4999,2023-10-23,active,5,10,Ecommerce,3.4,3,1,4,3,0,0.0592168483138197,19.9,Critical
cust_1441,Company_1441,growth,799,2023-01-21,active,5,1,Finance,8.8,29,4,5,1,0,0.0664107707418576,60.4,At Risk
cust_1442,Company_1442,starter,299,2023-06-05,active,6,3,Ecommerce,9.4,6,6,0,0,0,0.1080716314135767,66.5,At Risk
cust_1443,Company_1443,starter,299,2023-08-14,active,4,4,SaaS,4.7,23,4,3,0,0,0.1448342203058387,63.3,At Risk
cust_1444,Company_1444,starter,299,2023-08-13,active,13,4,Other,8.2,2,3,4,0,0,0.0983463555340188,43.0,Critical
cust_1445,Company_1445,enterprise,4999,2023-09-22,active,4,14,SaaS,9.4,23,6,5,3,0,0.0376848701445782,63.3,At Risk
cust_1446,Company_1446,enterprise,4999,2023-08-01,active,7,6,Other,3.9,8,2,3,3,0,0.0416050522960695,41.6,Critical
cust_1447,Company_1447,starter,299,2023-07-14,active,14,1,Finance,3.9,9,2,3,0,0,0.123985936935989,53.5,At Risk
cust_1448,Company_1448,enterprise,4999,2023-11-30,active,10,45,SaaS,6.7,25,7,3,3,0,0.036797389457557,80.8,Healthy
cust_1449,Company_1449,starter,299,2023-05-21,active,24,3,SaaS,1.8,7,3,4,0,0,0.1149209259811506,50.5,At Risk
cust_1450,Company_1450,starter,299,2023-09-23,churned,5,4,SaaS,1.1,25,4,5,0,1,0.2074470471156154,,
cust_1451,Company_1451,growth,799,2023-07-10,active,20,2,Healthcare,2.1,29,3,5,1,0,0.085606396625277,70.0,At Risk
cust_1452,Company_1452,pro,1999,2023-12-09,active,6,1,Ecommerce,0.8,6,5,3,2,0,0.0998599590257131,51.5,At Risk
cust_1453,Company_1453,growth,799,2023-05-16,active,20,1,Finance,0.8,15,1,5,1,0,0.1015206891925879,52.5,At Risk
cust_1454,Company_1454,pro,1999,2023-07-28,active,2,5,Other,2.1,3,1,2,2,0,0.0699363142177329,23.7,Critical
cust_1455,Company_1455,pro,1999,2023-02-17,active,14,1,Healthcare,4.9,13,8,1,2,0,0.039674255183426,84.5,Healthy
cust_1456,Company_1456,pro,1999,2023-11-23,active,1,4,Finance,1.7,21,6,4,2,0,0.0862926486609647,57.1,At Risk
cust_1457,Company_1457,growth,799,2023-02-19,active,16,5,Ecommerce,1.7,16,3,1,1,0,0.0977176758686094,79.0,Healthy
cust_1458,Company_1458,starter,299,2023-02-12,churned,24,4,Finance,8.9,3,4,1,0,1,0.1595835581300088,,
cust_1459,Company_1459,starter,299,2023-12-04,active,10,4,Other,5.4,18,5,1,0,0,0.1452439563620205,87.8,Healthy
cust_1460,Company_1460,starter,299,2023-07-11,churned,22,1,Healthcare,6.5,25,4,1,0,1,0.1673169460065816,,
cust_1461,Company_1461,starter,299,2023-11-21,active,2,2,Ecommerce,4.3,0,8,3,0,0,0.1213868260624516,34.2,Critical
cust_1462,Company_1462,pro,1999,2023-04-07,active,21,5,Healthcare,4.8,6,8,4,2,0,0.0514109775094613,59.0,At Risk
cust_1463,Company_1463,starter,299,2023-08-14,active,4,5,Finance,3.7,28,3,2,0,0,0.141381291118548,63.3,At Risk
cust_1464,Company_1464,starter,299,2023-09-07,active,18,1,Finance,7.8,8,2,2,0,0,0.0785898383578607,57.0,At Risk
cust_1465,Company_1465,growth,799,2023-01-14,active,18,2,Healthcare,8.4,3,5,1,1,0,0.0878726049334384,69.5,At Risk
cust_1466,Company_1466,pro,1999,2023-06-07,active,15,1,Other,2.2,26,4,1,2,0,0.0462337570252788,90.0,Healthy
cust_1467,Company_1467,pro,1999,2023-04-24,active,1,3,Other,6.2,4,1,4,2,0,0.0677809905465326,13.1,Critical
cust_1468,Company_1468,starter,299,2023-04-28,active,23,5,Ecommerce,4.1,3,3,5,0,0,0.1325594900358212,44.5,Critical
cust_1469,Company_1469,growth,799,2023-11-13,active,8,2,Other,9.5,19,7,1,1,0,0.0668464601306784,85.2,Healthy
cust_1470,Company_1470,starter,299,2023-07-25,active,10,5,Healthcare,9.0,14,6,1,0,0,0.0985015337153487,81.8,Healthy
cust_1471,Company_1471,pro,1999,2023-06-03,active,1,5,Finance,2.5,23,2,0,2,0,0.056351229130863,62.1,At Risk
cust_1472,Company_1472,pro,1999,2023-03-13,active,5,2,Ecommerce,4.2,5,7,3,2,0,0.0658647925683748,47.9,Critical
cust_1473,Company_1473,growth,799,2023-05-08,churned,12,3,Ecommerce,9.0,3,3,1,1,1,0.0942892063698598,,
cust_1474,Company_1474,growth,799,2023-12-11,active,9,1,SaaS,5.4,16,2,5,1,0,0.066402818724362,52.8,At Risk
cust_1475,Company_1475,growth,799,2023-04-29,active,22,1,Other,7.6,14,3,0,1,0,0.0549471577293427,81.0,Healthy
cust_1476,Company_1476,pro,1999,2023-06-24,active,9,1,Healthcare,8.5,8,2,5,2,0,0.0404032209130326,40.8,Critical
cust_1477,Company_1477,growth,799,2023-10-27,active,6,4,Finance,2.6,3,2,5,1,0,0.1011717298001244,27.0,Critical
cust_1478,Company_1478,growth,799,2023-11-03,active,12,4,Healthcare,4.5,20,2,2,1,0,0.069477396428615,75.0,Healthy
cust_1479,Company_1479,pro,1999,2023-05-22,active,9,3,Healthcare,6.8,8,6,0,2,0,0.0521796220645094,75.8,Healthy
cust_1480,Company_1480,starter,299,2024-01-01,active,16,4,Ecommerce,6.1,21,5,0,0,0,0.150374631489214,100.0,Healthy
cust_1481,Company_1481,enterprise,4999,2023-12-29,active,16,37,Healthcare,6.3,27,7,0,3,0,0.0398680975451667,100.0,Healthy
cust_1482,Company_1482,growth,799,2023-10-30,active,21,5,SaaS,1.6,24,4,2,1,0,0.0940732769845652,85.0,Healthy
cust_1483,Company_1483,growth,799,2023-12-30,active,20,4,SaaS,3.8,25,8,3,1,0,0.0665763126363437,85.0,Healthy
cust_1484,Company_1484,growth,799,2023-09-25,active,2,4,SaaS,2.6,5,1,5,1,0,0.1096782705354646,16.7,Critical
cust_1485,Company_1485,enterprise,4999,2023-02-20,active,10,2,Healthcare,8.6,8,6,5,3,0,0.0336648955757147,57.8,At Risk
cust_1486,Company_1486,starter,299,2023-05-08,active,9,1,Finance,4.9,20,5,1,0,0,0.1495837614835337,88.8,Healthy
cust_1487,Company_1487,starter,299,2023-10-08,active,21,4,Finance,7.9,5,8,0,0,0,0.1050563407934316,77.5,Healthy
cust_1488,Company_1488,starter,299,2023-11-12,active,18,2,Finance,8.4,3,2,5,0,0,0.1189146710018533,39.5,Critical
cust_1489,Company_1489,growth,799,2023-11-15,active,16,4,Ecommerce,3.0,22,8,2,1,0,0.0795524901977336,90.0,Healthy
cust_1490,Company_1490,starter,299,2023-08-13,active,12,2,Finance,0.7,6,5,4,0,0,0.1490199888576235,59.0,At Risk
cust_1491,Company_1491,pro,1999,2023-10-14,active,10,5,Ecommerce,4.3,22,2,1,2,0,0.0318469848993493,75.8,Healthy
cust_1492,Company_1492,starter,299,2023-12-31,active,20,4,Finance,1.9,10,6,3,0,0,0.1348656340389686,70.0,At Risk
cust_1493,Company_1493,starter,299,2023-07-17,active,4,3,Other,5.9,2,6,1,0,0,0.1090225315189751,51.3,At Risk
cust_1494,Company_1494,growth,799,2023-01-21,active,8,3,SaaS,5.2,26,4,1,1,0,0.0865447678553467,81.7,Healthy
cust_1495,Company_1495,pro,1999,2023-08-14,active,21,2,SaaS,3.3,30,1,4,2,0,0.0462050432796942,60.0,At Risk
cust_1496,Company_1496,growth,799,2023-08-13,active,14,5,Ecommerce,4.4,27,7,5,1,0,0.0725768031703404,80.0,Healthy
cust_1497,Company_1497,growth,799,2023-07-18,active,24,3,Finance,4.6,11,4,2,1,0,0.0721687195857939,71.5,At Risk
cust_1498,Company_1498,growth,799,2023-02-09,active,23,2,Other,6.0,3,8,4,1,0,0.0778880380303169,54.5,At Risk
cust_1499,Company_1499,starter,299,2023-11-06,active,8,5,Ecommerce,4.9,18,1,3,0,0,0.1589726437724891,53.7,At Risk
cust_1500,Company_1500,growth,799,2023-09-12,active,19,2,SaaS,5.8,17,1,2,1,0,0.066386072659585,65.5,At Risk
cust_1501,Company_1501,growth,799,2023-12-28,churned,5,3,SaaS,9.6,8,5,5,1,1,0.0692163871184718,,
cust_1502,Company_1502,starter,299,2023-11-03,active,16,2,Healthcare,2.5,14,5,4,0,0,0.128908495000296,71.0,At Risk
cust_1503,Company_1503,growth,799,2023-06-05,active,11,5,Healthcare,1.9,17,6,0,1,0,0.1286437534318361,93.4,Healthy
cust_1504,Company_1504,enterprise,4999,2023-01-28,active,23,38,SaaS,7.9,2,2,4,3,0,0.024076543642373,38.0,Critical
cust_1505,Company_1505,growth,799,2023-03-24,active,24,5,Ecommerce,8.4,0,8,5,1,0,0.0721952921458773,50.0,At Risk
cust_1506,Company_1506,starter,299,2023-02-15,active,4,5,Healthcare,8.1,12,8,1,0,0,0.0931600827511847,66.3,At Risk
cust_1507,Company_1507,pro,1999,2023-04-04,active,4,2,Healthcare,8.9,15,2,1,2,0,0.0547209397355312,55.8,At Risk
cust_1508,Company_1508,starter,299,2023-04-13,active,8,1,Finance,4.8,3,5,0,0,0,0.1208860128845954,66.2,At Risk
cust_1509,Company_1509,pro,1999,2023-02-01,active,18,3,SaaS,2.1,30,1,0,2,0,0.0321080662042253,80.0,Healthy
cust_1510,Company_1510,starter,299,2023-06-06,active,1,5,Other,4.1,2,3,1,0,0,0.1111350952055294,35.1,Critical
cust_1511,Company_1511,growth,799,2023-09-13,active,6,3,SaaS,8.8,29,3,4,1,0,0.0632247611471613,57.5,At Risk
cust_1512,Company_1512,starter,299,2023-04-01,active,15,2,Other,1.9,26,8,0,0,0,0.2500037109802576,100.0,Healthy
cust_1513,Company_1513,growth,799,2023-10-03,active,4,3,Finance,1.5,21,3,4,1,0,0.1039192005271431,53.3,At Risk
cust_1514,Company_1514,growth,799,2023-02-21,active,16,2,Other,9.2,30,8,5,1,0,0.0544420259731122,80.0,Healthy
cust_1515,Company_1515,growth,799,2023-07-19,active,15,5,SaaS,3.7,11,3,1,1,0,0.0772410343186254,71.5,At Risk
cust_1516,Company_1516,enterprise,4999,2023-09-09,active,7,3,Finance,1.1,29,8,5,3,0,0.0619126872569587,69.6,At Risk
cust_1517,Company_1517,pro,1999,2023-10-30,active,4,1,Finance,9.2,18,7,4,2,0,0.0484921319327122,60.3,At Risk
cust_1518,Company_1518,growth,799,2023-05-25,active,11,2,Finance,9.5,13,7,3,1,0,0.062321030436443,72.4,At Risk
cust_1519,Company_1519,starter,299,2023-09-09,active,1,3,Other,5.1,12,5,3,0,0,0.0996253574253789,50.1,At Risk
cust_1520,Company_1520,enterprise,4999,2023-05-28,active,22,34,SaaS,2.3,2,5,4,3,0,0.0430200113113545,53.0,At Risk
cust_1521,Company_1521,pro,1999,2023-10-20,active,18,3,SaaS,5.6,1,5,3,2,0,0.0535594373594693,56.5,At Risk
cust_1522,Company_1522,starter,299,2023-10-03,active,2,4,Other,5.5,5,6,5,0,0,0.1253943841207216,36.7,Critical
cust_1523,Company_1523,growth,799,2023-04-20,active,4,2,Ecommerce,7.3,2,4,3,1,0,0.0826070490620839,36.3,Critical
cust_1524,Company_1524,starter,299,2023-11-24,churned,20,4,Ecommerce,9.1,3,5,0,0,1,0.1415174500992463,,
cust_1525,Company_1525,enterprise,4999,2023-12-04,active,11,25,Ecommerce,4.0,26,7,0,3,0,0.03537876206142,97.9,Healthy
cust_1526,Company_1526,starter,299,2023-11-03,active,8,3,Healthcare,7.0,22,5,1,0,0,0.1127407255476459,86.7,Healthy
cust_1527,Company_1527,enterprise,4999,2023-12-01,active,24,27,SaaS,4.5,13,7,2,3,0,0.0370758865209237,79.5,Healthy
cust_1528,Company_1528,pro,1999,2023-04-08,active,16,1,Healthcare,0.9,24,8,1,2,0,0.0327653422521489,95.0,Healthy
cust_1529,Company_1529,growth,799,2023-04-25,active,3,1,Ecommerce,9.1,15,2,1,1,0,0.0729658077363963,53.8,At Risk
cust_1530,Company_1530,growth,799,2023-03-27,active,24,4,Finance,5.6,9,5,0,1,0,0.0652268884374059,83.5,Healthy
cust_1531,Company_1531,pro,1999,2023-07-22,active,7,5,Healthcare,2.4,16,1,3,2,0,0.0590324576892423,48.6,Critical
cust_1532,Company_1532,growth,799,2023-02-27,churned,8,4,Ecommerce,1.3,22,2,1,1,1,0.1032542714531193,,
cust_1533,Company_1533,growth,799,2023-07-09,active,15,4,Other,7.8,21,4,1,1,0,0.0700285434899794,90.0,Healthy
cust_1534,Company_1534,pro,1999,2023-01-23,churned,19,2,Finance,8.7,8,3,2,2,1,0.0608140170425187,,
cust_1535,Company_1535,growth,799,2023-11-26,active,2,2,Finance,5.3,7,3,5,1,0,0.0760429425577977,29.7,Critical
cust_1536,Company_1536,starter,299,2023-12-03,active,24,4,SaaS,8.5,19,5,4,0,0,0.1162168637417452,78.5,Healthy
cust_1537,Company_1537,starter,299,2023-10-08,churned,11,1,Healthcare,5.4,0,3,5,0,1,0.2310255606791925,,
cust_1538,Company_1538,enterprise,4999,2023-07-09,active,2,7,Ecommerce,0.6,0,1,3,3,0,0.0609399759964028,14.2,Critical
cust_1539,Company_1539,pro,1999,2023-03-03,active,8,1,Other,5.7,0,8,4,2,0,0.0454166925084926,41.7,Critical
cust_1540,Company_1540,growth,799,2023-05-25,active,22,4,Ecommerce,7.0,19,5,2,1,0,0.0754302081613275,88.5,Healthy
cust_1541,Company_1541,enterprise,4999,2023-11-22,active,15,10,Healthcare,5.6,11,4,1,3,0,0.0543381230259064,76.5,Healthy
cust_1542,Company_1542,starter,299,2023-03-31,active,13,2,Finance,7.5,13,5,1,0,0,0.0818580919616767,84.5,Healthy
cust_1543,Company_1543,starter,299,2023-07-30,active,23,2,Healthcare,1.7,20,6,1,0,0,0.2491992455860315,95.0,Healthy
cust_1544,Company_1544,enterprise,4999,2023-08-04,active,14,29,Healthcare,9.5,14,6,2,3,0,0.0348759431062908,81.0,Healthy
cust_1545,Company_1545,starter,299,2023-07-24,active,5,2,Ecommerce,2.6,6,4,5,0,0,0.1535457934316088,39.4,Critical
cust_1546,Company_1546,growth,799,2023-11-13,active,12,5,Healthcare,4.1,9,4,3,1,0,0.0766639994532799,63.5,At Risk
cust_1547,Company_1547,starter,299,2023-02-25,active,18,3,Other,4.4,6,4,2,0,0,0.1252933225560056,64.0,At Risk
cust_1548,Company_1548,growth,799,2023-03-22,active,22,5,Healthcare,2.2,14,1,5,1,0,0.0947941391340804,51.0,At Risk
cust_1549,Company_1549,starter,299,2023-10-18,active,22,5,Ecommerce,6.6,18,4,1,0,0,0.1237548370539216,87.0,Healthy
cust_1550,Company_1550,growth,799,2023-08-28,active,8,2,Healthcare,3.5,29,1,5,1,0,0.0839279984179749,51.7,At Risk
cust_1551,Company_1551,starter,299,2023-02-03,churned,3,1,Finance,8.6,10,6,1,0,1,0.1208009575766244,,
cust_1552,Company_1552,pro,1999,2023-04-20,active,10,3,Other,9.1,18,8,3,2,0,0.0374992851937834,77.8,Healthy
cust_1553,Company_1553,starter,299,2023-03-31,active,10,5,Ecommerce,9.1,4,3,3,0,0,0.0975067553292327,46.8,Critical
cust_1554,Company_1554,starter,299,2023-11-13,active,14,5,Healthcare,7.1,8,4,0,0,0,0.0770667866406861,77.0,Healthy
cust_1555,Company_1555,growth,799,2023-03-17,active,15,1,Ecommerce,8.9,15,7,3,1,0,0.0658252233666656,77.5,Healthy
cust_1556,Company_1556,starter,299,2023-01-11,active,19,3,Healthcare,6.1,5,8,0,0,0,0.1122385257352465,77.5,Healthy
cust_1557,Company_1557,enterprise,4999,2023-12-10,active,19,22,SaaS,8.9,2,3,1,3,0,0.0431139489792388,58.0,At Risk
cust_1558,Company_1558,growth,799,2023-12-13,active,13,1,Ecommerce,9.6,10,5,5,1,0,0.0623900754532984,65.0,At Risk
cust_1559,Company_1559,pro,1999,2023-02-12,active,12,4,SaaS,6.4,18,7,1,2,0,0.0453081985731233,92.0,Healthy
cust_1560,Company_1560,starter,299,2023-05-10,active,7,5,SaaS,5.2,28,3,0,0,0,0.1595240114331638,79.6,Healthy
cust_1561,Company_1561,growth,799,2023-12-25,active,10,4,Finance,0.9,23,8,5,1,0,0.0971266411954732,75.8,Healthy
cust_1562,Company_1562,starter,299,2023-10-10,churned,2,5,SaaS,7.5,0,5,3,0,1,0.2174029982944123,,
cust_1563,Company_1563,starter,299,2023-08-29,active,13,3,Healthcare,3.7,25,7,3,0,0,0.1629781386140424,85.0,Healthy
cust_1564,Company_1564,pro,1999,2023-03-09,active,12,5,Ecommerce,5.1,8,2,3,2,0,0.0418800179898789,52.0,At Risk
cust_1565,Company_1565,enterprise,4999,2023-02-13,active,22,33,SaaS,0.7,4,2,1,3,0,0.0326385002009576,56.0,At Risk
cust_1566,Company_1566,starter,299,2023-07-11,active,3,2,SaaS,8.7,0,1,5,0,0,0.2448632408749386,11.3,Critical
cust_1567,Company_1567,pro,1999,2023-11-13,active,3,4,Finance,8.0,3,2,0,2,0,0.0596796006317366,40.8,Critical
cust_1568,Company_1568,pro,1999,2023-04-13,active,24,2,SaaS,7.3,2,1,3,2,0,0.0425707542648502,38.0,Critical
cust_1569,Company_1569,pro,1999,2023-04-30,churned,7,1,Healthcare,3.5,16,4,3,2,1,0.0766338198957282,,
cust_1570,Company_1570,pro,1999,2023-12-29,active,16,2,Healthcare,3.2,21,1,3,2,0,0.0390047508867339,65.0,At Risk
cust_1571,Company_1571,starter,299,2023-01-04,active,3,2,Finance,1.9,17,4,5,0,0,0.1839121834412395,51.8,At Risk
cust_1572,Company_1572,starter,299,2023-02-08,active,7,3,Ecommerce,2.0,20,5,4,0,0,0.1740783745767263,69.6,At Risk
cust_1573,Company_1573,growth,799,2023-11-24,active,10,3,Finance,7.5,16,1,5,1,0,0.0564222494726822,49.8,Critical
cust_1574,Company_1574,pro,1999,2023-12-16,active,9,2,SaaS,1.1,15,6,5,2,0,0.0688987451867296,66.3,At Risk
cust_1575,Company_1575,starter,299,2023-08-09,active,3,4,SaaS,9.8,21,2,2,0,0,0.0976028375209711,56.3,At Risk
cust_1576,Company_1576,growth,799,2023-07-05,active,23,1,Other,3.0,26,6,3,1,0,0.089159748165249,85.0,Healthy
cust_1577,Company_1577,starter,299,2023-09-03,active,12,4,Finance,5.7,23,4,1,0,0,0.1651106578109142,90.0,Healthy
cust_1578,Company_1578,growth,799,2023-01-22,active,23,4,Healthcare,3.6,25,7,3,1,0,0.0792851308372317,85.0,Healthy
cust_1579,Company_1579,pro,1999,2023-08-26,active,15,4,Healthcare,9.5,27,3,2,2,0,0.0462277827135919,80.0,Healthy
cust_1580,Company_1580,starter,299,2023-11-20,active,5,1,Healthcare,8.0,21,3,1,0,0,0.0980318862431079,70.4,At Risk
cust_1581,Company_1581,growth,799,2023-04-05,active,7,4,Healthcare,1.9,10,4,0,1,0,0.1467648252280749,69.6,At Risk
cust_1582,Company_1582,growth,799,2023-03-23,active,10,5,Finance,2.7,15,8,3,1,0,0.0873846013552266,73.3,At Risk
cust_1583,Company_1583,growth,799,2023-03-23,active,16,1,Finance,9.6,2,6,5,1,0,0.0735419415823678,53.0,At Risk
cust_1584,Company_1584,growth,799,2023-05-29,active,5,4,Ecommerce,4.5,0,5,5,1,0,0.1038698858678726,35.4,Critical
cust_1585,Company_1585,starter,299,2023-11-19,active,10,4,Other,1.7,4,5,2,0,0,0.1368204539329234,61.8,At Risk
cust_1586,Company_1586,pro,1999,2023-12-19,active,5,4,SaaS,0.7,11,7,1,2,0,0.110942178566162,66.9,At Risk
cust_1587,Company_1587,starter,299,2023-06-17,active,23,3,Healthcare,8.0,17,6,4,0,0,0.1217120731859524,75.5,Healthy
cust_1588,Company_1588,pro,1999,2023-12-24,active,7,3,Other,9.7,7,4,1,2,0,0.0556053074513758,60.1,At Risk
cust_1589,Company_1589,growth,799,2023-08-29,active,1,1,Healthcare,7.6,19,6,0,1,0,0.0760860243307682,75.6,Healthy
cust_1590,Company_1590,growth,799,2023-08-25,active,20,3,SaaS,4.8,24,4,2,1,0,0.0802120830903696,85.0,Healthy
cust_1591,Company_1591,pro,1999,2023-07-06,active,2,2,SaaS,3.6,26,8,4,2,0,0.0580593810394829,59.2,At Risk
cust_1592,Company_1592,starter,299,2023-05-20,active,11,3,Other,8.9,6,4,4,0,0,0.1054505515947781,51.9,At Risk
cust_1593,Company_1593,growth,799,2023-06-01,churned,24,2,Other,8.1,9,4,3,1,1,0.0551410199124792,,
cust_1594,Company_1594,growth,799,2023-01-06,active,10,2,Finance,0.7,20,7,0,1,0,0.1441110788915238,95.8,Healthy
cust_1595,Company_1595,starter,299,2023-03-17,active,15,5,Ecommerce,6.1,24,6,0,0,0,0.1726853483306248,100.0,Healthy
cust_1596,Company_1596,enterprise,4999,2023-08-22,active,9,39,Healthcare,3.2,18,3,2,3,0,0.0476617361860439,70.8,At Risk
cust_1597,Company_1597,enterprise,4999,2023-03-05,active,2,36,Healthcare,4.0,10,7,4,3,0,0.0539121214537764,44.2,Critical
cust_1598,Company_1598,starter,299,2023-08-11,active,21,2,Finance,6.3,24,1,5,0,0,0.1721817872844303,60.0,At Risk
cust_1599,Company_1599,starter,299,2023-10-17,churned,19,5,SaaS,7.4,22,3,3,0,1,0.1141961710246082,,
cust_1600,Company_1600,starter,299,2023-02-04,active,5,5,Ecommerce,9.4,7,2,2,0,0,0.0896060313165386,40.9,Critical
cust_1601,Company_1601,enterprise,4999,2023-06-23,active,3,49,SaaS,5.2,17,1,4,3,0,0.0513219438232734,36.8,Critical
cust_1602,Company_1602,growth,799,2023-07-22,active,23,1,Ecommerce,4.8,3,5,1,1,0,0.0903394201222198,69.5,At Risk
cust_1603,Company_1603,starter,299,2023-11-27,active,22,1,Ecommerce,5.0,1,4,1,0,0,0.1154359580690679,61.5,At Risk
cust_1604,Company_1604,enterprise,4999,2023-03-12,active,17,25,Healthcare,0.7,24,5,3,3,0,0.031181920435504,85.0,Healthy
cust_1605,Company_1605,starter,299,2024-01-01,active,23,1,SaaS,2.4,1,4,1,0,0,0.1418727876962865,61.5,At Risk
cust_1606,Company_1606,growth,799,2023-01-04,active,12,5,Finance,5.3,26,3,3,1,0,0.0762490707727468,75.0,Healthy
cust_1607,Company_1607,starter,299,2023-10-02,active,1,5,Finance,3.0,11,7,1,0,0,0.1254215635664942,58.6,At Risk
cust_1608,Company_1608,pro,1999,2023-11-08,active,9,3,Finance,4.2,20,5,3,2,0,0.0447158802215001,78.8,Healthy
cust_1609,Company_1609,starter,299,2023-11-05,active,21,4,Ecommerce,2.3,1,7,0,0,0,0.1360914205880125,71.5,At Risk
cust_1610,Company_1610,pro,1999,2023-04-16,active,7,3,Ecommerce,8.9,26,5,2,2,0,0.0424461262590036,79.6,Healthy
cust_1611,Company_1611,growth,799,2023-11-28,active,21,3,Ecommerce,5.4,9,1,1,1,0,0.0655908582131304,58.5,At Risk
cust_1612,Company_1612,pro,1999,2023-06-20,active,7,4,Finance,4.8,12,3,3,2,0,0.0554656041815078,52.6,At Risk
cust_1613,Company_1613,growth,799,2023-11-02,active,10,2,SaaS,6.4,28,1,0,1,0,0.0774593225219232,75.8,Healthy
cust_1614,Company_1614,growth,799,2023-01-06,active,9,3,Healthcare,4.1,18,3,0,1,0,0.0723356335508323,80.8,Healthy
cust_1615,Company_1615,starter,299,2023-04-21,active,21,4,Finance,1.2,13,1,2,0,0,0.1630780952583625,59.5,At Risk
cust_1616,Company_1616,pro,1999,2023-03-03,active,10,4,Ecommerce,1.6,20,1,3,2,0,0.0455286688409358,60.8,At Risk
cust_1617,Company_1617,starter,299,2023-02-27,active,3,4,Other,7.1,8,5,0,0,0,0.0849594305155569,63.3,At Risk
cust_1618,Company_1618,pro,1999,2023-09-03,active,3,2,Ecommerce,1.1,21,7,0,2,0,0.0751994016534577,81.3,Healthy
cust_1619,Company_1619,starter,299,2023-08-10,active,15,1,Other,9.0,21,2,2,0,0,0.1191989759940954,75.0,Healthy
cust_1620,Company_1620,pro,1999,2023-09-03,active,7,1,Finance,9.7,6,4,5,2,0,0.0592613568473972,43.6,Critical
cust_1621,Company_1621,growth,799,2023-01-01,churned,21,5,Healthcare,5.8,22,8,1,1,1,0.0776236041289978,,
cust_1622,Company_1622,pro,1999,2023-01-25,active,10,5,Finance,4.8,15,3,2,2,0,0.0485910467324042,68.3,At Risk
cust_1623,Company_1623,growth,799,2023-07-10,active,24,2,Finance,7.5,11,7,1,1,0,0.0666885923925828,81.5,Healthy
cust_1624,Company_1624,growth,799,2023-07-10,active,15,3,Ecommerce,8.2,24,8,5,1,0,0.0556261530463404,80.0,Healthy
cust_1625,Company_1625,growth,799,2023-07-04,active,14,3,Ecommerce,3.7,11,8,3,1,0,0.0848732439433293,71.5,At Risk
cust_1626,Company_1626,pro,1999,2023-12-15,active,6,3,Other,9.2,20,3,4,2,0,0.0511875022584019,57.5,At Risk
cust_1627,Company_1627,starter,299,2023-11-20,active,24,5,Ecommerce,9.8,25,4,5,0,0,0.1568610024510419,75.0,Healthy
cust_1628,Company_1628,starter,299,2023-08-03,active,4,5,SaaS,5.4,18,1,2,0,0,0.1606869316767632,50.3,At Risk
cust_1629,Company_1629,enterprise,4999,2023-12-07,active,6,44,Finance,5.1,10,6,4,3,0,0.0427627583094522,52.5,At Risk
cust_1630,Company_1630,enterprise,4999,2023-09-25,active,22,15,Other,3.8,13,2,1,3,0,0.0355244698388689,69.5,At Risk
cust_1631,Company_1631,growth,799,2023-08-21,active,5,2,SaaS,9.0,16,2,3,1,0,0.0667321890148406,49.4,Critical
cust_1632,Company_1632,starter,299,2023-02-06,active,23,2,Healthcare,3.4,6,2,1,0,0,0.1433353956902927,59.0,At Risk
cust_1633,Company_1633,starter,299,2023-01-16,churned,10,2,SaaS,1.1,14,2,3,0,1,0.1768037377884067,,
cust_1634,Company_1634,enterprise,4999,2023-12-05,churned,13,39,Finance,3.8,11,4,2,3,1,0.0835762518203112,,
cust_1635,Company_1635,growth,799,2023-10-29,active,16,5,SaaS,7.0,1,8,2,1,0,0.0766488666398207,61.5,At Risk
cust_1636,Company_1636,starter,299,2023-05-11,active,23,4,Other,7.8,13,6,5,0,0,0.1038996957604564,69.5,At Risk
cust_1637,Company_1637,growth,799,2023-01-14,churned,13,4,SaaS,5.0,17,2,0,1,1,0.0713624648212086,,
cust_1638,Company_1638,starter,299,2023-11-20,active,4,3,Ecommerce,6.2,15,1,2,0,0,0.1086567588768088,45.8,Critical
cust_1639,Company_1639,starter,299,2023-12-27,active,15,4,SaaS,0.6,4,1,4,0,0,0.1670125170851444,36.0,Critical
cust_1640,Company_1640,growth,799,2023-09-15,active,6,5,Healthcare,8.1,17,1,2,1,0,0.0583516352212077,53.0,At Risk
cust_1641,Company_1641,growth,799,2023-12-24,active,17,4,Finance,8.6,1,5,4,1,0,0.0729012880788258,51.5,At Risk
cust_1642,Company_1642,starter,299,2023-02-26,active,22,1,Ecommerce,5.1,7,1,3,0,0,0.1246104463161843,45.5,Critical
cust_1643,Company_1643,pro,1999,2023-12-01,active,6,1,Finance,2.2,10,8,1,2,0,0.0749516483493024,67.5,At Risk
cust_1644,Company_1644,pro,1999,2023-12-25,active,4,2,Ecommerce,7.5,30,1,3,2,0,0.0459064573234354,48.3,Critical
cust_1645,Company_1645,growth,799,2023-12-24,churned,14,5,Finance,6.5,3,7,3,1,1,0.1012636240740997,,
cust_1646,Company_1646,starter,299,2023-08-12,active,18,1,SaaS,1.3,28,6,3,0,0,0.1982420169139615,85.0,Healthy
cust_1647,Company_1647,growth,799,2023-05-05,active,5,2,SaaS,5.9,21,4,3,1,0,0.0772036391194379,65.4,At Risk
cust_1648,Company_1648,growth,799,2023-10-07,active,12,4,SaaS,9.7,21,3,4,1,0,0.0547358135540212,70.0,At Risk
cust_1649,Company_1649,growth,799,2023-10-14,active,2,2,Finance,1.8,22,7,0,1,0,0.177533746429525,79.2,Healthy
cust_1650,Company_1650,starter,299,2023-09-19,churned,1,3,Other,5.5,9,3,2,0,1,0.112087265789615,,
cust_1651,Company_1651,enterprise,4999,2023-09-03,active,7,31,Healthcare,5.0,3,3,3,3,0,0.0461411312296847,39.1,Critical
cust_1652,Company_1652,growth,799,2023-11-18,active,18,1,Ecommerce,6.8,27,3,0,1,0,0.0743647078652429,90.0,Healthy
cust_1653,Company_1653,growth,799,2023-02-07,active,19,4,Finance,9.4,26,5,3,1,0,0.0624056381039605,85.0,Healthy
cust_1654,Company_1654,starter,299,2023-08-10,active,2,4,SaaS,2.3,23,6,3,0,0,0.16976588098347,64.2,At Risk
cust_1655,Company_1655,growth,799,2023-04-26,active,24,4,Other,9.5,16,7,5,1,0,0.0570852419240719,74.0,At Risk
cust_1656,Company_1656,pro,1999,2023-11-22,active,6,5,Finance,5.2,2,7,4,2,0,0.0610054505555144,40.5,Critical
cust_1657,Company_1657,starter,299,2023-02-03,churned,18,2,SaaS,4.0,12,5,3,0,1,0.1199064210457584,,
cust_1658,Company_1658,growth,799,2023-06-24,active,10,5,Finance,9.2,27,8,4,1,0,0.0587960054805526,75.8,Healthy
cust_1659,Company_1659,growth,799,2023-12-19,active,19,5,Other,6.8,18,3,3,1,0,0.0636644883333323,72.0,At Risk
cust_1660,Company_1660,starter,299,2023-12-21,active,16,5,Other,6.4,2,5,5,0,0,0.1086042906411752,53.0,At Risk
cust_1661,Company_1661,starter,299,2023-05-19,active,10,2,Finance,9.3,10,4,4,0,0,0.0893959087875356,55.8,At Risk
cust_1662,Company_1662,starter,299,2023-06-06,active,7,5,Healthcare,3.1,19,7,5,0,0,0.1353248957160895,68.1,At Risk
cust_1663,Company_1663,growth,799,2023-11-10,active,5,3,Ecommerce,7.0,11,6,1,1,0,0.088555617899779,66.9,At Risk
cust_1664,Company_1664,pro,1999,2023-10-25,active,17,3,Ecommerce,2.5,25,6,1,2,0,0.0368038742202265,95.0,Healthy
cust_1665,Company_1665,pro,1999,2023-09-12,active,12,4,Finance,9.4,14,6,1,2,0,0.0380445855013694,86.0,Healthy
cust_1666,Company_1666,starter,299,2023-02-06,churned,9,4,Other,9.8,0,2,1,0,1,0.1808706347449516,,
cust_1667,Company_1667,pro,1999,2023-05-11,active,16,5,Other,8.3,16,7,1,2,0,0.0437234926804761,89.0,Healthy
cust_1668,Company_1668,starter,299,2023-08-07,active,21,5,SaaS,5.0,12,6,0,0,0,0.1261991125674816,88.0,Healthy
cust_1669,Company_1669,starter,299,2023-03-04,active,12,1,SaaS,8.5,8,2,4,0,0,0.1000529671296209,47.0,Critical
cust_1670,Company_1670,growth,799,2023-03-07,active,4,4,Ecommerce,0.9,21,1,0,1,0,0.152516733259526,63.3,At Risk
cust_1671,Company_1671,starter,299,2023-11-16,active,24,4,Ecommerce,2.7,19,5,4,0,0,0.1470835368119374,78.5,Healthy
cust_1672,Company_1672,starter,299,2023-05-02,churned,5,5,Finance,7.7,5,7,1,0,1,0.1073947540071279,,
cust_1673,Company_1673,growth,799,2023-01-09,active,6,5,Finance,8.2,3,2,1,1,0,0.0803227060826497,42.0,Critical
cust_1674,Company_1674,pro,1999,2023-04-24,active,8,2,Ecommerce,9.2,8,2,0,2,0,0.0498612406806188,58.7,At Risk
cust_1675,Company_1675,starter,299,2023-06-07,active,14,5,Healthcare,4.7,7,2,0,0,0,0.1202670951963784,65.5,At Risk
cust_1676,Company_1676,growth,799,2023-08-16,active,15,4,Other,7.6,0,5,1,1,0,0.0675324597524553,65.0,At Risk
cust_1677,Company_1677,pro,1999,2023-09-09,active,14,5,Finance,3.6,15,7,3,2,0,0.0483982279384594,77.5,Healthy
cust_1678,Company_1678,growth,799,2023-07-10,active,5,5,Healthcare,2.1,12,4,1,1,0,0.1549187712365224,63.4,At Risk
cust_1679,Company_1679,starter,299,2023-07-27,active,9,3,Ecommerce,4.1,28,8,0,0,0,0.1860889030951453,93.8,Healthy
cust_1680,Company_1680,growth,799,2023-10-16,active,8,1,Healthcare,7.3,0,7,4,1,0,0.0780389288488974,41.7,Critical
cust_1681,Company_1681,starter,299,2023-07-15,active,1,4,Healthcare,1.3,8,6,1,0,0,0.1587670861155762,54.1,At Risk
cust_1682,Company_1682,starter,299,2023-05-14,active,16,2,Other,6.6,19,4,0,0,0,0.1399251656140159,93.5,Healthy
cust_1683,Company_1683,enterprise,4999,2023-07-06,active,2,6,Ecommerce,1.4,22,1,2,3,0,0.0469271323407756,49.2,Critical
cust_1684,Company_1684,starter,299,2023-05-11,churned,15,2,Healthcare,3.1,29,3,1,0,1,0.1795637279069874,,
cust_1685,Company_1685,growth,799,2023-03-27,churned,17,1,Other,1.0,20,3,2,1,1,0.1077576440799363,,
cust_1686,Company_1686,growth,799,2023-08-05,active,6,2,Other,7.3,2,2,2,1,0,0.0693873582381513,35.5,Critical
cust_1687,Company_1687,pro,1999,2023-04-02,active,18,4,Other,7.7,23,3,1,2,0,0.0440531909702185,85.0,Healthy
cust_1688,Company_1688,growth,799,2023-04-06,active,8,3,Ecommerce,7.8,16,1,4,1,0,0.0513151663120202,45.7,Critical
cust_1689,Company_1689,growth,799,2023-01-30,active,13,1,Healthcare,2.0,4,4,4,1,0,0.1218947401630756,51.0,At Risk
cust_1690,Company_1690,pro,1999,2023-10-21,active,9,4,Ecommerce,7.2,22,4,1,2,0,0.0483572967682743,83.8,Healthy
cust_1691,Company_1691,growth,799,2023-01-22,active,3,2,SaaS,3.2,16,8,5,1,0,0.0884208879454755,55.3,At Risk
cust_1692,Company_1692,pro,1999,2023-10-09,active,18,5,Healthcare,9.6,30,6,4,2,0,0.066025373532118,80.0,Healthy
cust_1693,Company_1693,growth,799,2023-07-27,active,9,4,Ecommerce,5.3,15,3,0,1,0,0.0705539937397358,76.3,Healthy
cust_1694,Company_1694,starter,299,2023-11-04,active,12,1,Other,9.1,12,7,2,0,0,0.0938183823039075,78.0,Healthy
cust_1695,Company_1695,starter,299,2023-06-11,active,16,1,Ecommerce,4.6,20,3,3,0,0,0.170150592831825,75.0,Healthy
cust_1696,Company_1696,pro,1999,2023-03-13,active,21,4,Ecommerce,1.9,28,4,3,2,0,0.0516712276689591,80.0,Healthy
cust_1697,Company_1697,starter,299,2023-07-24,active,15,3,Ecommerce,4.9,13,1,1,0,0,0.1359413662764045,64.5,At Risk
cust_1698,Company_1698,enterprise,4999,2023-11-24,active,4,4,Finance,4.9,12,7,0,3,0,0.0525703911691666,71.3,At Risk
cust_1699,Company_1699,growth,799,2023-07-01,active,17,1,Healthcare,1.1,10,4,2,1,0,0.1151228096817906,70.0,At Risk
cust_1700,Company_1700,enterprise,4999,2023-03-26,active,1,10,Other,3.1,0,4,5,3,0,0.1098938991935932,22.1,Critical
cust_1701,Company_1701,growth,799,2023-01-13,active,15,5,Healthcare,3.8,10,5,2,1,0,0.0890857354068541,75.0,Healthy
cust_1702,Company_1702,starter,299,2023-09-22,churned,19,4,Healthcare,4.6,16,1,5,0,1,0.2381782066177495,,
cust_1703,Company_1703,pro,1999,2023-10-17,active,17,2,Healthcare,3.6,22,8,5,2,0,0.0451085068174309,80.0,Healthy
cust_1704,Company_1704,pro,1999,2023-05-17,active,5,2,SaaS,6.4,8,7,1,2,0,0.06490021366155,62.4,At Risk
cust_1705,Company_1705,starter,299,2023-06-05,active,1,2,Healthcare,5.9,13,3,3,0,0,0.1225285415884716,41.6,Critical
cust_1706,Company_1706,growth,799,2023-05-11,churned,7,1,Ecommerce,8.7,8,8,0,1,1,0.0938763301061181,,
cust_1707,Company_1707,starter,299,2023-03-26,active,22,1,Healthcare,8.2,10,6,3,0,0,0.0860852920655126,70.0,At Risk
cust_1708,Company_1708,enterprise,4999,2023-05-13,active,19,48,Finance,6.5,10,3,5,3,0,0.0417551555091965,55.0,At Risk
cust_1709,Company_1709,growth,799,2023-10-29,active,17,5,Ecommerce,2.6,0,7,3,1,0,0.1073616387068715,55.0,At Risk
cust_1710,Company_1710,starter,299,2023-09-18,active,10,4,SaaS,9.5,9,5,0,0,0,0.0840838559257916,79.3,Healthy
cust_1711,Company_1711,pro,1999,2023-10-12,active,8,2,Ecommerce,4.9,4,2,5,2,0,0.0454306751816885,32.7,Critical
cust_1712,Company_1712,growth,799,2023-07-05,active,14,4,Other,3.6,2,4,1,1,0,0.0994610276754722,63.0,At Risk
cust_1713,Company_1713,growth,799,2023-12-06,active,3,1,Healthcare,4.4,13,3,3,1,0,0.0644900151690074,45.8,Critical
cust_1714,Company_1714,growth,799,2023-01-16,active,11,1,Finance,2.7,28,8,3,1,0,0.0807542111081544,82.9,Healthy
cust_1715,Company_1715,growth,799,2023-07-27,active,14,3,Ecommerce,6.3,5,6,1,1,0,0.089050839851785,72.5,At Risk
cust_1716,Company_1716,growth,799,2023-10-31,active,13,1,SaaS,1.3,23,1,1,1,0,0.095129845685728,75.0,Healthy
cust_1717,Company_1717,growth,799,2023-09-10,active,3,2,SaaS,0.5,5,1,1,1,0,0.1347722267614293,33.8,Critical
cust_1718,Company_1718,starter,299,2023-07-07,active,22,3,Other,1.3,5,5,2,0,0,0.1357773068925629,67.5,At Risk
cust_1719,Company_1719,starter,299,2023-10-26,active,3,5,SaaS,8.3,6,3,3,0,0,0.0898833504281401,35.3,Critical
cust_1720,Company_1720,pro,1999,2023-09-09,active,4,3,Other,8.5,2,5,1,2,0,0.0632394908324546,51.3,At Risk
cust_1721,Company_1721,starter,299,2023-11-07,active,9,5,SaaS,5.2,7,5,0,0,0,0.1090213137955948,74.3,At Risk
cust_1722,Company_1722,starter,299,2023-06-23,active,22,4,Healthcare,3.9,16,5,2,0,0,0.1437624363333745,84.0,Healthy
cust_1723,Company_1723,growth,799,2023-07-25,active,14,2,Finance,6.8,6,4,3,1,0,0.0858864212788891,59.0,At Risk
cust_1724,Company_1724,starter,299,2023-03-21,churned,2,5,SaaS,1.9,14,3,1,0,1,0.1999737852029012,,
cust_1725,Company_1725,pro,1999,2023-05-25,active,11,5,Ecommerce,7.3,13,7,0,2,0,0.0403014135638758,87.4,Healthy
cust_1726,Company_1726,enterprise,4999,2023-12-09,active,22,38,Finance,9.4,6,8,5,3,0,0.0387651578222055,59.0,At Risk
cust_1727,Company_1727,starter,299,2023-03-22,active,13,1,SaaS,0.8,27,5,3,0,0,0.194289350994074,85.0,Healthy
cust_1728,Company_1728,starter,299,2023-09-12,active,15,4,Finance,4.8,26,6,5,0,0,0.1873393228324905,80.0,Healthy
cust_1729,Company_1729,enterprise,4999,2023-08-05,active,22,49,Other,8.7,5,1,1,3,0,0.0541715843394184,52.5,At Risk
cust_1730,Company_1730,enterprise,4999,2023-08-01,active,3,22,Ecommerce,0.9,4,4,4,3,0,0.0813989391360828,32.3,Critical
cust_1731,Company_1731,growth,799,2023-05-23,active,7,4,SaaS,7.8,20,6,5,1,0,0.0568336314291929,69.6,At Risk
cust_1732,Company_1732,starter,299,2023-11-11,active,12,1,Healthcare,7.8,16,4,1,0,0,0.0926420972553131,84.0,Healthy
cust_1733,Company_1733,starter,299,2023-12-15,active,22,5,Finance,5.5,28,4,3,0,0,0.1743586716551382,80.0,Healthy
cust_1734,Company_1734,pro,1999,2023-01-21,active,15,5,Other,3.3,24,8,0,2,0,0.035986925541237,100.0,Healthy
cust_1735,Company_1735,starter,299,2023-01-10,active,14,1,Healthcare,8.4,13,8,4,0,0,0.084138286989159,69.5,At Risk
cust_1736,Company_1736,growth,799,2023-06-11,active,19,3,Finance,9.0,27,1,1,1,0,0.0709603279214805,75.0,Healthy
cust_1737,Company_1737,growth,799,2023-10-24,active,9,1,Other,2.7,7,8,1,1,0,0.1203777199455312,69.3,At Risk
cust_1738,Company_1738,starter,299,2023-08-09,active,2,3,Other,8.2,17,7,0,0,0,0.1260324361960626,74.7,At Risk
cust_1739,Company_1739,growth,799,2023-11-24,active,10,1,Healthcare,9.9,6,5,0,1,0,0.0812505670441757,74.8,At Risk
cust_1740,Company_1740,pro,1999,2023-07-19,active,18,2,Other,6.7,0,7,0,2,0,0.0481555548831468,70.0,At Risk
cust_1741,Company_1741,starter,299,2023-05-06,churned,16,2,Finance,2.1,9,5,3,0,1,0.1308797505416977,,
cust_1742,Company_1742,starter,299,2023-08-07,active,7,3,SaaS,7.8,9,5,4,0,0,0.0810990728359197,53.1,At Risk
cust_1743,Company_1743,growth,799,2023-11-24,churned,3,2,SaaS,8.6,0,4,0,1,1,0.1123152209466614,,
cust_1744,Company_1744,pro,1999,2023-05-19,active,6,4,Finance,1.7,24,8,4,2,0,0.0588118066787992,67.5,At Risk
cust_1745,Company_1745,starter,299,2023-12-09,active,20,1,Finance,8.0,11,3,3,0,0,0.0788844316902768,61.5,At Risk
cust_1746,Company_1746,pro,1999,2023-10-07,active,9,5,SaaS,9.9,5,3,2,2,0,0.0490005501929671,51.3,At Risk
cust_1747,Company_1747,starter,299,2023-12-20,active,18,3,SaaS,3.7,12,7,0,0,0,0.1468088995398733,88.0,Healthy
cust_1748,Company_1748,pro,1999,2023-07-26,active,7,5,Healthcare,7.8,23,2,5,2,0,0.0355657171917107,54.6,At Risk
cust_1749,Company_1749,starter,299,2023-12-03,active,16,4,Healthcare,3.6,11,4,0,0,0,0.1391456046322611,81.5,Healthy
cust_1750,Company_1750,starter,299,2023-04-07,active,1,1,Finance,6.7,13,1,2,0,0,0.1020242100887104,36.6,Critical
cust_1751,Company_1751,pro,1999,2023-02-13,active,5,5,Other,5.8,3,3,3,2,0,0.0682715727863307,34.9,Critical
cust_1752,Company_1752,growth,799,2023-10-10,active,24,1,Other,8.2,25,6,1,1,0,0.0658328441678373,95.0,Healthy
cust_1753,Company_1753,starter,299,2023-08-06,churned,10,1,SaaS,9.4,21,3,5,0,1,0.1071715313039849,,
cust_1754,Company_1754,starter,299,2023-07-14,active,5,4,SaaS,9.8,11,2,3,0,0,0.0953007711780461,41.9,Critical
cust_1755,Company_1755,starter,299,2023-06-03,churned,14,3,Finance,2.3,2,3,4,0,1,0.1375206845450058,,
cust_1756,Company_1756,growth,799,2023-02-21,active,12,3,Finance,3.5,3,3,4,1,0,0.1043145663114807,44.5,Critical
cust_1757,Company_1757,starter,299,2023-02-10,churned,8,3,Other,7.7,29,2,5,0,1,0.1091558946318047,,
cust_1758,Company_1758,growth,799,2023-10-23,active,23,5,Finance,1.5,12,1,2,1,0,0.0839640898442333,58.0,At Risk
cust_1759,Company_1759,enterprise,4999,2023-08-04,active,3,18,SaaS,1.8,3,1,0,3,0,0.0590485051432337,35.8,Critical
cust_1760,Company_1760,pro,1999,2023-01-22,active,16,4,Other,1.5,5,4,0,2,0,0.068880440622483,72.5,At Risk
cust_1761,Company_1761,starter,299,2023-04-05,active,21,1,SaaS,5.0,23,3,1,0,0,0.1738173068829693,85.0,Healthy
cust_1762,Company_1762,pro,1999,2023-12-16,active,17,4,SaaS,7.0,28,5,4,2,0,0.0435205413083397,80.0,Healthy
cust_1763,Company_1763,pro,1999,2023-04-07,active,16,1,Healthcare,2.5,21,7,1,2,0,0.0362632998246626,95.0,Healthy
cust_1764,Company_1764,pro,1999,2023-05-30,active,12,5,Healthcare,9.2,9,5,1,2,0,0.0450625819598345,78.5,Healthy
cust_1765,Company_1765,growth,799,2023-03-05,active,23,5,Healthcare,0.5,3,7,4,1,0,0.1288070552120008,54.5,At Risk
cust_1766,Company_1766,starter,299,2023-05-10,churned,23,2,Other,1.6,21,4,1,0,1,0.26983213939241,,
cust_1767,Company_1767,pro,1999,2023-04-29,active,8,1,Healthcare,1.8,6,5,0,2,0,0.0669728662737462,70.7,At Risk
cust_1768,Company_1768,growth,799,2023-11-30,active,7,1,Healthcare,1.5,6,8,1,1,0,0.1613103343143477,63.6,At Risk
cust_1769,Company_1769,starter,299,2023-11-28,active,4,3,Healthcare,4.1,16,5,3,0,0,0.1300206207502748,62.3,At Risk
cust_1770,Company_1770,growth,799,2023-11-22,active,5,3,Ecommerce,8.8,27,4,3,1,0,0.0725182387270064,65.4,At Risk
cust_1771,Company_1771,growth,799,2023-05-21,churned,14,1,Healthcare,4.9,1,1,5,1,1,0.1150213065983058,,
cust_1772,Company_1772,growth,799,2023-05-29,active,7,3,Ecommerce,3.2,5,7,0,1,0,0.1327787343752415,67.1,At Risk
cust_1773,Company_1773,growth,799,2023-09-29,active,3,3,Finance,6.6,14,4,5,1,0,0.0637899801615911,47.3,Critical
cust_1774,Company_1774,pro,1999,2023-09-02,active,13,4,Ecommerce,4.7,4,1,1,2,0,0.0393010730617797,51.0,At Risk
cust_1775,Company_1775,growth,799,2023-07-16,active,8,5,Other,6.6,4,2,2,1,0,0.0718746620332395,42.7,Critical
cust_1776,Company_1776,pro,1999,2023-09-25,active,9,3,Other,8.1,23,7,0,2,0,0.0349263268025306,93.8,Healthy
cust_1777,Company_1777,starter,299,2023-02-24,active,8,3,Ecommerce,7.7,21,3,5,0,0,0.1064154182472845,61.7,At Risk
cust_1778,Company_1778,growth,799,2023-09-28,active,1,1,Finance,7.8,24,7,4,1,0,0.0911511625112354,57.1,At Risk
cust_1779,Company_1779,starter,299,2023-09-04,active,7,3,Healthcare,2.9,25,5,4,0,0,0.1490209420130848,69.6,At Risk
cust_1780,Company_1780,starter,299,2023-07-25,active,22,5,Other,5.9,3,7,3,0,0,0.1218204173318307,59.5,At Risk
cust_1781,Company_1781,growth,799,2023-05-06,churned,11,3,Finance,5.0,7,6,3,1,1,0.0882827000599253,,
cust_1782,Company_1782,starter,299,2023-10-15,active,1,1,Other,9.0,7,7,0,0,0,0.1240569867886023,57.6,At Risk
cust_1783,Company_1783,starter,299,2023-07-31,active,18,1,SaaS,7.0,17,8,5,0,0,0.1179265381611991,75.5,Healthy
cust_1784,Company_1784,starter,299,2023-04-20,active,7,1,Finance,0.6,18,7,0,0,0,0.2457788755295711,86.6,Healthy
cust_1785,Company_1785,enterprise,4999,2023-11-26,active,19,14,SaaS,3.7,7,2,0,3,0,0.037504579050488,65.5,At Risk
cust_1786,Company_1786,pro,1999,2023-11-03,active,18,2,SaaS,5.0,8,3,5,2,0,0.0553071699956212,52.0,At Risk
cust_1787,Company_1787,pro,1999,2023-01-04,active,16,2,Healthcare,8.9,3,2,4,2,0,0.0512238026516582,39.5,Critical
cust_1788,Company_1788,growth,799,2023-10-22,churned,9,3,Finance,7.7,17,3,0,1,1,0.0671872505127764,,
cust_1789,Company_1789,pro,1999,2023-11-18,churned,19,3,Ecommerce,2.1,5,4,5,2,1,0.1225591362871026,,
cust_1790,Company_1790,starter,299,2023-04-02,active,7,2,Ecommerce,3.3,1,8,1,0,0,0.1254152890202636,56.1,At Risk
cust_1791,Company_1791,growth,799,2023-01-17,active,4,2,Finance,6.5,28,5,5,1,0,0.0676860690935652,63.3,At Risk
cust_1792,Company_1792,growth,799,2023-12-19,active,3,2,Healthcare,4.1,5,6,0,1,0,0.0952263751496495,58.8,At Risk
cust_1793,Company_1793,growth,799,2023-12-17,active,14,2,Ecommerce,1.2,13,2,3,1,0,0.1131661644413132,59.5,At Risk
cust_1794,Company_1794,starter,299,2023-03-27,active,9,5,Other,9.5,29,6,3,0,0,0.0937302781258405,78.8,Healthy
cust_1795,Company_1795,starter,299,2023-11-01,active,18,2,Healthcare,4.5,19,8,2,0,0,0.1485905005730066,88.5,Healthy
cust_1796,Company_1796,starter,299,2023-11-07,active,7,1,Ecommerce,4.4,12,8,0,0,0,0.1268282596462037,77.6,Healthy
cust_1797,Company_1797,pro,1999,2023-03-01,active,23,1,Ecommerce,7.5,17,2,4,2,0,0.0348810713047435,60.5,At Risk
cust_1798,Company_1798,growth,799,2023-11-29,active,19,2,SaaS,5.4,17,4,1,1,0,0.0769266941489367,85.5,Healthy
cust_1799,Company_1799,starter,299,2023-01-26,active,17,5,SaaS,2.8,17,2,2,0,0,0.1704785623552286,70.5,At Risk
cust_1800,Company_1800,growth,799,2023-02-17,active,9,5,Ecommerce,8.4,1,7,3,1,0,0.0751920999856403,50.3,At Risk
cust_1801,Company_1801,pro,1999,2023-04-16,active,5,2,SaaS,5.4,19,8,0,2,0,0.0648853954524231,83.9,Healthy
cust_1802,Company_1802,growth,799,2023-11-21,active,18,3,Healthcare,2.1,8,6,0,1,0,0.1196652350857748,82.0,Healthy
cust_1803,Company_1803,starter,299,2023-01-06,active,1,1,SaaS,1.3,5,2,0,0,0,0.1310992290574925,39.6,Critical
cust_1804,Company_1804,growth,799,2023-09-04,active,4,5,Finance,1.0,20,1,5,1,0,0.1256932358976702,43.3,Critical
cust_1805,Company_1805,starter,299,2023-06-30,active,11,1,Other,6.6,24,5,2,0,0,0.1139476825154977,87.9,Healthy
cust_1806,Company_1806,starter,299,2023-10-07,active,5,5,Other,5.0,15,2,1,0,0,0.1214535150466396,57.9,At Risk
cust_1807,Company_1807,starter,299,2023-05-28,active,17,1,Finance,4.1,1,7,3,0,0,0.1215747299147853,56.5,At Risk
cust_1808,Company_1808,starter,299,2023-11-03,churned,2,3,Ecommerce,4.1,20,6,0,0,1,0.1977624645319882,,
cust_1809,Company_1809,starter,299,2023-09-22,active,9,4,Healthcare,5.8,7,7,1,0,0,0.1116512157904478,69.3,At Risk
cust_1810,Company_1810,pro,1999,2023-09-19,active,8,3,SaaS,4.0,26,3,4,2,0,0.0479510376331648,61.7,At Risk
cust_1811,Company_1811,starter,299,2023-01-22,active,18,4,SaaS,4.4,7,7,4,0,0,0.122784184632762,60.5,At Risk
cust_1812,Company_1812,pro,1999,2023-10-13,active,15,1,Other,7.9,30,3,1,2,0,0.045802788210451,85.0,Healthy
cust_1813,Company_1813,starter,299,2023-05-18,active,2,4,Finance,8.4,3,1,2,0,0,0.1071307786092206,23.7,Critical
cust_1814,Company_1814,growth,799,2023-05-13,active,21,4,Healthcare,8.9,7,4,3,1,0,0.0678381819116433,60.5,At Risk
cust_1815,Company_1815,pro,1999,2023-04-07,active,17,4,Finance,2.8,21,2,1,2,0,0.0348270911010767,80.0,Healthy
cust_1816,Company_1816,growth,799,2023-11-13,active,22,2,Other,5.9,21,5,3,1,0,0.0705125603393101,85.0,Healthy
cust_1817,Company_1817,starter,299,2023-01-11,active,8,2,Finance,7.4,27,7,1,0,0,0.1225353707029429,86.7,Healthy
cust_1818,Company_1818,starter,299,2023-05-09,active,3,1,Healthcare,3.3,20,7,1,0,0,0.1536074425381621,76.3,Healthy
cust_1819,Company_1819,starter,299,2023-07-11,active,10,1,Ecommerce,4.3,7,6,2,0,0,0.1118863920763053,66.3,At Risk
cust_1820,Company_1820,growth,799,2023-04-06,active,10,1,SaaS,5.0,9,7,2,1,0,0.0836683076488505,69.3,At Risk
cust_1821,Company_1821,pro,1999,2023-09-20,active,19,5,Other,9.2,0,4,5,2,0,0.0576951855564098,45.0,Critical
cust_1822,Company_1822,starter,299,2023-05-04,active,18,5,Ecommerce,8.4,8,6,5,0,0,0.0932152205438519,62.0,At Risk
cust_1823,Company_1823,enterprise,4999,2023-08-27,active,20,4,Finance,0.9,21,1,2,3,0,0.0391817603199495,70.0,At Risk
cust_1824,Company_1824,starter,299,2023-04-21,active,7,3,Ecommerce,8.4,8,6,5,0,0,0.0880297444436067,51.6,At Risk
cust_1825,Company_1825,starter,299,2023-04-24,active,5,1,SaaS,7.3,14,8,5,0,0,0.0891956177810881,56.4,At Risk
cust_1826,Company_1826,pro,1999,2023-03-05,churned,18,2,Ecommerce,6.1,20,4,3,2,1,0.0752904330553786,,
cust_1827,Company_1827,starter,299,2023-07-27,active,21,2,SaaS,8.9,27,1,5,0,0,0.1231838281846353,60.0,At Risk
cust_1828,Company_1828,starter,299,2023-02-12,active,20,4,Finance,9.9,3,8,4,0,0,0.1468462119310568,54.5,At Risk
cust_1829,Company_1829,pro,1999,2023-10-10,active,24,1,SaaS,9.2,6,1,0,2,0,0.0615892653280895,59.0,At Risk
cust_1830,Company_1830,growth,799,2023-06-21,active,14,2,Other,5.5,0,4,5,1,0,0.1038062967525935,45.0,Critical
cust_1831,Company_1831,starter,299,2023-08-30,active,21,3,Finance,8.3,19,2,5,0,0,0.1221389388324308,63.5,At Risk
cust_1832,Company_1832,enterprise,4999,2023-01-02,active,20,26,Finance,6.3,11,3,0,3,0,0.0491355533825348,76.5,Healthy
cust_1833,Company_1833,starter,299,2023-11-06,active,3,5,Other,3.2,17,5,1,0,0,0.1511463875632976,71.8,At Risk
cust_1834,Company_1834,starter,299,2023-09-29,active,16,1,Other,1.8,13,4,1,0,0,0.1558058232425053,79.5,Healthy
cust_1835,Company_1835,pro,1999,2023-03-22,active,7,5,Ecommerce,1.2,14,5,2,2,0,0.075720441745603,70.6,At Risk
cust_1836,Company_1836,starter,299,2023-02-09,active,3,1,Finance,1.7,17,7,5,0,0,0.183579850571166,56.8,At Risk
cust_1837,Company_1837,starter,299,2023-07-07,churned,21,3,Ecommerce,5.2,12,7,3,0,1,0.1157748806418655,,
cust_1838,Company_1838,enterprise,4999,2023-01-24,active,17,8,Ecommerce,4.6,27,1,0,3,0,0.0500635827933931,80.0,Healthy
cust_1839,Company_1839,enterprise,4999,2023-01-29,active,17,24,Healthcare,4.3,19,2,0,3,0,0.0323119054070005,83.5,Healthy
cust_1840,Company_1840,starter,299,2023-12-17,churned,15,2,SaaS,9.6,24,4,2,0,1,0.1294809825891269,,
cust_1841,Company_1841,pro,1999,2023-07-02,active,2,5,Other,2.2,18,2,3,2,0,0.0510346192681599,46.2,Critical
cust_1842,Company_1842,growth,799,2023-09-06,active,14,2,Other,2.5,16,5,2,1,0,0.0916963089129237,84.0,Healthy
cust_1843,Company_1843,pro,1999,2023-01-21,active,4,5,SaaS,8.0,14,4,2,2,0,0.0560035977950696,59.3,At Risk
cust_1844,Company_1844,starter,299,2023-09-02,active,22,5,Ecommerce,4.4,6,4,5,0,0,0.1394546646817415,54.0,At Risk
cust_1845,Company_1845,starter,299,2023-03-05,churned,2,3,Healthcare,7.1,0,1,4,0,1,0.2576012522451478,,
cust_1846,Company_1846,starter,299,2023-10-17,active,19,3,Finance,6.0,29,1,5,0,0,0.1600680767413714,60.0,At Risk
cust_1847,Company_1847,enterprise,4999,2023-05-11,active,19,26,Other,7.2,19,7,4,3,0,0.0320187995728211,78.5,Healthy
cust_1848,Company_1848,growth,799,2023-07-12,active,22,5,Other,7.7,23,8,0,1,0,0.0705589459303887,100.0,Healthy
cust_1849,Company_1849,pro,1999,2023-06-01,active,5,3,Other,4.1,30,4,1,2,0,0.0601844541859697,75.4,Healthy
cust_1850,Company_1850,starter,299,2023-02-22,churned,10,5,Finance,5.9,25,4,1,0,1,0.1822928760025346,,
cust_1851,Company_1851,pro,1999,2023-02-25,active,6,2,Finance,7.9,24,7,3,2,0,0.038172013744157,72.5,At Risk
cust_1852,Company_1852,growth,799,2023-01-29,active,14,1,Other,5.0,12,2,3,1,0,0.0707729729320308,58.0,At Risk
cust_1853,Company_1853,pro,1999,2023-01-16,active,21,2,Finance,5.8,23,4,4,2,0,0.0608004281697216,75.0,Healthy
cust_1854,Company_1854,growth,799,2023-06-16,active,22,3,Ecommerce,9.0,16,3,5,1,0,0.0590918626137896,64.0,At Risk
cust_1855,Company_1855,pro,1999,2023-01-09,active,10,3,Healthcare,8.9,3,3,5,2,0,0.0554599732042957,40.3,Critical
cust_1856,Company_1856,growth,799,2023-08-11,churned,11,2,Healthcare,6.1,11,3,3,1,1,0.0716434016858478,,
cust_1857,Company_1857,growth,799,2023-02-17,active,18,4,Finance,4.4,2,4,0,1,0,0.0753994517223698,68.0,At Risk
cust_1858,Company_1858,growth,799,2023-08-07,active,4,2,Ecommerce,8.2,10,6,0,1,0,0.0859656747095296,68.3,At Risk
cust_1859,Company_1859,starter,299,2023-04-09,active,9,2,Ecommerce,6.1,24,5,4,0,0,0.1061785038582705,73.8,At Risk
cust_1860,Company_1860,starter,299,2023-01-21,active,1,2,Healthcare,7.6,0,1,5,0,0,0.2307464611814776,7.1,Critical
cust_1861,Company_1861,pro,1999,2023-08-11,active,20,4,SaaS,10.0,3,7,4,2,0,0.0596067755155407,54.5,At Risk
cust_1862,Company_1862,starter,299,2023-02-11,active,22,5,Finance,8.3,26,1,0,0,0,0.120729943116566,80.0,Healthy
cust_1863,Company_1863,enterprise,4999,2023-07-12,active,17,42,Finance,1.3,20,2,5,3,0,0.0322860672224922,65.0,At Risk
cust_1864,Company_1864,starter,299,2023-08-21,active,14,5,Ecommerce,8.8,30,8,5,0,0,0.102210549783425,80.0,Healthy
cust_1865,Company_1865,growth,799,2023-03-15,active,2,2,Finance,3.1,28,8,3,1,0,0.0965569197072284,64.2,At Risk
cust_1866,Company_1866,growth,799,2023-05-25,active,13,4,Ecommerce,7.4,24,7,5,1,0,0.0559755730448971,80.0,Healthy
cust_1867,Company_1867,starter,299,2023-03-12,churned,12,1,Healthcare,7.4,26,8,3,0,1,0.1420612422133033,,
cust_1868,Company_1868,enterprise,4999,2023-03-24,active,19,39,SaaS,7.8,8,1,3,3,0,0.0425659977759824,47.0,Critical
cust_1869,Company_1869,enterprise,4999,2023-12-12,active,18,13,Ecommerce,2.4,7,2,1,3,0,0.0360617326741245,60.5,At Risk
cust_1870,Company_1870,enterprise,4999,2023-06-10,active,12,11,Ecommerce,3.8,30,7,0,3,0,0.049441764125867,100.0,Healthy
cust_1871,Company_1871,growth,799,2023-02-10,churned,15,2,SaaS,1.2,5,1,3,1,1,0.127608985085685,,
cust_1872,Company_1872,starter,299,2023-08-05,active,8,3,Ecommerce,4.9,17,6,3,0,0,0.1282728182584104,72.2,At Risk
cust_1873,Company_1873,starter,299,2023-04-22,churned,15,5,Finance,3.4,18,1,5,0,1,0.2434449179797018,,
cust_1874,Company_1874,enterprise,4999,2023-10-24,active,11,26,Finance,5.3,26,2,3,3,0,0.046999652281904,67.9,At Risk
cust_1875,Company_1875,starter,299,2023-01-28,active,8,3,SaaS,4.3,17,2,1,0,0,0.1575160896981099,67.2,At Risk
cust_1876,Company_1876,enterprise,4999,2023-09-13,active,22,12,SaaS,0.6,5,2,3,3,0,0.0470975489837709,47.5,Critical
cust_1877,Company_1877,pro,1999,2023-10-29,active,18,1,Ecommerce,3.0,29,7,1,2,0,0.0421551538712428,95.0,Healthy
cust_1878,Company_1878,growth,799,2023-06-24,active,24,5,Healthcare,2.7,13,4,4,1,0,0.0792575933357895,64.5,At Risk
cust_1879,Company_1879,starter,299,2023-02-28,active,17,3,Healthcare,0.8,7,8,5,0,0,0.1634297697538811,60.5,At Risk
cust_1880,Company_1880,starter,299,2023-12-26,active,19,4,Healthcare,7.0,3,8,3,0,0,0.1009995981257872,59.5,At Risk
cust_1881,Company_1881,pro,1999,2023-07-26,active,16,4,Other,7.9,4,1,2,2,0,0.0451854754749533,46.0,Critical
cust_1882,Company_1882,pro,1999,2023-07-12,active,18,2,Ecommerce,2.6,11,6,5,2,0,0.078397930457262,66.5,At Risk
cust_1883,Company_1883,starter,299,2023-07-21,active,22,3,SaaS,7.9,17,8,0,0,0,0.153241783084229,95.5,Healthy
cust_1884,Company_1884,growth,799,2023-07-27,active,19,1,Other,6.7,29,3,0,1,0,0.0761171445863956,90.0,Healthy
cust_1885,Company_1885,enterprise,4999,2023-03-13,active,11,30,Other,9.6,17,5,1,3,0,0.0347702406826542,88.4,Healthy
cust_1886,Company_1886,growth,799,2023-11-08,active,18,5,SaaS,9.6,4,1,2,1,0,0.0655743526886715,46.0,Critical
cust_1887,Company_1887,pro,1999,2023-11-06,active,23,5,Healthcare,9.8,19,5,4,2,0,0.041153735890931,78.5,Healthy
cust_1888,Company_1888,enterprise,4999,2023-11-28,active,5,39,Finance,8.5,19,2,5,3,0,0.0387475568847819,48.9,Critical
cust_1889,Company_1889,starter,299,2023-06-27,active,15,5,Healthcare,9.6,24,1,5,0,0,0.1671790395954083,60.0,At Risk
cust_1890,Company_1890,growth,799,2023-02-16,active,12,2,Other,4.3,12,8,1,1,0,0.0792805561743723,83.0,Healthy
cust_1891,Company_1891,growth,799,2023-12-03,churned,6,5,Healthcare,3.1,24,2,4,1,1,0.0674050897694848,,
cust_1892,Company_1892,starter,299,2023-11-18,active,22,4,Other,5.6,12,3,4,0,0,0.1379949162555748,58.0,At Risk
cust_1893,Company_1893,growth,799,2023-08-12,active,17,2,Ecommerce,3.5,18,4,3,1,0,0.0924118057446342,77.0,Healthy
cust_1894,Company_1894,enterprise,4999,2023-01-20,active,21,44,Other,0.5,20,3,5,3,0,0.0362896525193433,70.0,At Risk
cust_1895,Company_1895,growth,799,2023-05-02,churned,12,3,SaaS,6.8,27,6,3,1,1,0.0814962799361363,,
cust_1896,Company_1896,starter,299,2023-11-14,active,11,5,SaaS,0.8,3,3,2,0,0,0.1451251347674197,52.4,At Risk
cust_1897,Company_1897,pro,1999,2023-04-01,active,24,3,Finance,2.9,29,7,3,2,0,0.0473084910206949,85.0,Healthy
cust_1898,Company_1898,growth,799,2023-04-11,active,5,5,Finance,2.3,7,3,5,1,0,0.1108887438193185,35.9,Critical
cust_1899,Company_1899,growth,799,2023-10-22,active,9,2,Ecommerce,5.7,28,2,2,1,0,0.0790747820182108,68.8,At Risk
cust_1900,Company_1900,growth,799,2023-05-14,active,3,3,Ecommerce,5.6,10,8,1,1,0,0.0884473918068739,61.3,At Risk
cust_1901,Company_1901,enterprise,4999,2023-06-25,active,13,37,Ecommerce,4.3,18,4,5,3,0,0.051136151493642,72.0,At Risk
cust_1902,Company_1902,starter,299,2023-09-29,active,20,3,SaaS,2.6,30,2,4,0,0,0.1724243014285451,65.0,At Risk
cust_1903,Company_1903,pro,1999,2023-07-09,churned,12,4,Other,3.0,12,6,0,2,1,0.0503152541057462,,
cust_1904,Company_1904,growth,799,2023-09-07,active,22,3,Ecommerce,0.6,9,2,5,1,0,0.1129965858181481,48.5,Critical
cust_1905,Company_1905,pro,1999,2023-10-23,active,3,1,Healthcare,6.2,5,1,1,2,0,0.0497137891241948,33.8,Critical
cust_1906,Company_1906,growth,799,2023-12-27,active,11,3,SaaS,1.3,11,4,3,1,0,0.1231430887104847,64.4,At Risk
cust_1907,Company_1907,starter,299,2023-06-16,active,10,3,Finance,2.4,6,3,2,0,0,0.1256345679604901,54.8,At Risk
cust_1908,Company_1908,growth,799,2023-04-20,active,14,5,SaaS,2.8,13,8,2,1,0,0.0916917351515685,79.5,Healthy
cust_1909,Company_1909,starter,299,2023-11-14,active,9,2,SaaS,3.2,24,2,0,0,0,0.2058182487806523,78.8,Healthy
cust_1910,Company_1910,pro,1999,2023-04-01,active,15,5,SaaS,7.1,16,8,4,2,0,0.0423672889214689,74.0,At Risk
cust_1911,Company_1911,starter,299,2023-03-09,churned,16,3,Ecommerce,2.7,16,6,3,0,1,0.1502012678160958,,
cust_1912,Company_1912,starter,299,2023-03-12,active,11,4,Healthcare,1.1,10,7,3,0,0,0.1478315085501398,67.9,At Risk
cust_1913,Company_1913,growth,799,2023-05-24,active,10,2,Healthcare,7.2,16,6,5,1,0,0.0612849502366288,69.8,At Risk
cust_1914,Company_1914,pro,1999,2023-05-24,active,18,5,Healthcare,9.7,25,6,5,2,0,0.0347135729572174,80.0,Healthy
cust_1915,Company_1915,pro,1999,2023-05-28,active,6,3,Other,9.1,30,2,5,2,0,0.0517084314127071,52.5,At Risk
cust_1916,Company_1916,growth,799,2023-06-20,active,1,1,SaaS,0.9,25,5,2,1,0,0.1015153412998233,67.1,At Risk
cust_1917,Company_1917,growth,799,2023-10-28,active,21,1,Ecommerce,1.7,28,2,2,1,0,0.0845880383192304,75.0,Healthy
cust_1918,Company_1918,pro,1999,2023-02-05,churned,7,3,Healthcare,0.8,6,7,4,2,1,0.1377558193211896,,
cust_1919,Company_1919,pro,1999,2023-12-16,active,4,3,Other,5.5,12,7,4,2,0,0.0575511258368472,51.3,At Risk
cust_1920,Company_1920,growth,799,2023-09-09,active,5,2,Healthcare,4.8,20,8,5,1,0,0.0757718303458172,65.4,At Risk
cust_1921,Company_1921,enterprise,4999,2023-11-26,active,14,1,Ecommerce,4.0,16,3,2,3,0,0.0436295996644182,74.0,At Risk
cust_1922,Company_1922,starter,299,2023-02-05,active,17,2,Other,8.2,3,3,1,0,0,0.0849969257811981,59.5,At Risk
cust_1923,Company_1923,pro,1999,2023-03-06,active,7,1,Finance,6.4,1,7,5,2,0,0.0583707080566632,41.1,Critical
cust_1924,Company_1924,starter,299,2023-02-16,active,17,3,Healthcare,2.0,22,8,2,0,0,0.1714900936636481,90.0,Healthy
cust_1925,Company_1925,starter,299,2023-03-26,active,16,1,Healthcare,2.2,5,6,3,0,0,0.1277733057533996,62.5,At Risk
cust_1926,Company_1926,growth,799,2023-05-14,active,24,5,Finance,5.1,12,3,4,1,0,0.0606679216610967,58.0,At Risk
cust_1927,Company_1927,enterprise,4999,2023-06-16,active,5,33,Healthcare,4.1,21,4,5,3,0,0.0440149827195806,60.4,At Risk
cust_1928,Company_1928,starter,299,2023-01-28,active,18,4,SaaS,6.6,5,2,3,0,0,0.0893693235488771,47.5,Critical
cust_1929,Company_1929,growth,799,2023-04-12,active,15,2,Other,6.7,30,3,0,1,0,0.070681887784367,90.0,Healthy
cust_1930,Company_1930,starter,299,2023-03-30,active,5,5,Other,2.5,13,3,0,0,0,0.1620190587168576,64.9,At Risk
cust_1931,Company_1931,pro,1999,2023-06-17,active,22,1,Finance,2.7,17,3,1,2,0,0.0427561653933001,80.5,Healthy
cust_1932,Company_1932,pro,1999,2023-06-16,active,21,2,Other,8.6,17,4,2,2,0,0.054846030990584,80.5,Healthy
cust_1933,Company_1933,growth,799,2023-06-07,active,9,4,Healthcare,7.5,28,8,1,1,0,0.0682935229041109,88.8,Healthy
cust_1934,Company_1934,starter,299,2023-07-21,active,10,1,Other,3.7,27,5,4,0,0,0.1481749019356352,75.8,Healthy
cust_1935,Company_1935,pro,1999,2023-09-13,active,20,1,Ecommerce,9.0,19,8,0,2,0,0.0510795128811437,98.5,Healthy
cust_1936,Company_1936,starter,299,2023-03-31,churned,15,1,Finance,2.8,28,8,4,0,1,0.1853656975515103,,
cust_1937,Company_1937,enterprise,4999,2023-02-27,active,7,21,Ecommerce,6.0,17,4,1,3,0,0.0605996705483144,75.1,Healthy
cust_1938,Company_1938,starter,299,2023-12-12,churned,4,3,Healthcare,7.4,23,1,4,0,1,0.1517954673577652,,
cust_1939,Company_1939,starter,299,2023-01-20,active,2,5,Healthcare,6.3,30,8,4,0,0,0.1045034905936484,59.2,At Risk
cust_1940,Company_1940,growth,799,2023-10-19,active,15,2,Finance,6.8,11,3,1,1,0,0.0740749519327416,71.5,At Risk
cust_1941,Company_1941,growth,799,2023-07-21,active,2,1,Ecommerce,0.7,9,4,3,1,0,0.1080729989404188,42.7,Critical
cust_1942,Company_1942,growth,799,2023-10-21,active,19,4,SaaS,3.8,27,3,1,1,0,0.0748277506341563,85.0,Healthy
cust_1943,Company_1943,pro,1999,2023-10-20,churned,3,2,Other,2.1,29,6,5,2,1,0.0659678278279342,,
cust_1944,Company_1944,starter,299,2023-06-05,active,7,5,Ecommerce,1.0,26,4,0,0,0,0.2318166554077121,84.6,Healthy
cust_1945,Company_1945,growth,799,2023-08-29,active,3,5,Healthcare,1.4,30,2,1,1,0,0.1119615031851784,61.3,At Risk
cust_1946,Company_1946,starter,299,2023-11-21,active,5,1,Ecommerce,2.0,27,8,3,0,0,0.1813409555629318,70.4,At Risk
cust_1947,Company_1947,growth,799,2023-12-05,churned,5,5,SaaS,1.6,12,7,0,1,1,0.2022337227630262,,
cust_1948,Company_1948,starter,299,2023-04-03,churned,2,1,Healthcare,1.8,10,8,1,0,1,0.2014929139855043,,
cust_1949,Company_1949,starter,299,2023-11-15,active,24,1,Finance,5.9,13,7,2,0,0,0.1119434626470632,79.5,Healthy
cust_1950,Company_1950,starter,299,2023-01-07,active,22,3,Other,1.5,24,5,1,0,0,0.207247001727464,95.0,Healthy
cust_1951,Company_1951,starter,299,2023-05-26,active,1,4,Other,1.8,10,1,4,0,0,0.161078197713741,22.1,Critical
cust_1952,Company_1952,growth,799,2023-03-10,active,5,4,Ecommerce,0.7,26,4,5,1,0,0.1162531030114183,60.4,At Risk
cust_1953,Company_1953,pro,1999,2023-06-29,active,24,1,SaaS,8.2,6,6,1,2,0,0.0552746304892683,74.0,At Risk
cust_1954,Company_1954,pro,1999,2023-10-26,active,16,1,Ecommerce,9.7,3,3,2,2,0,0.0512389384179849,54.5,At Risk
cust_1955,Company_1955,starter,299,2023-07-03,active,18,3,Healthcare,3.4,29,3,1,0,0,0.1690211573942177,85.0,Healthy
cust_1956,Company_1956,pro,1999,2023-05-13,active,3,2,SaaS,1.8,15,1,3,2,0,0.0648418096010353,38.8,Critical
cust_1957,Company_1957,starter,299,2023-11-11,active,6,5,Healthcare,3.1,5,1,3,0,0,0.1409635078978546,30.0,Critical
cust_1958,Company_1958,pro,1999,2023-02-13,active,14,5,SaaS,4.4,4,3,2,2,0,0.0479411313714061,56.0,At Risk
cust_1959,Company_1959,growth,799,2023-02-24,active,11,2,SaaS,2.6,22,5,0,1,0,0.0975820592669556,97.9,Healthy
cust_1960,Company_1960,starter,299,2023-03-05,active,1,4,Healthcare,5.9,24,8,2,0,0,0.1330652300237658,67.1,At Risk
cust_1961,Company_1961,growth,799,2023-06-07,churned,20,4,Other,6.9,11,6,2,1,1,0.0921237458512886,,
cust_1962,Company_1962,growth,799,2023-03-30,active,8,1,Ecommerce,8.4,8,8,3,1,0,0.0652762569477453,58.7,At Risk
cust_1963,Company_1963,starter,299,2023-01-23,churned,18,1,Other,1.7,6,1,5,0,1,0.2220922165178149,,
cust_1964,Company_1964,pro,1999,2023-10-11,active,8,4,Finance,7.8,2,8,1,2,0,0.0435927798443726,59.7,At Risk
cust_1965,Company_1965,growth,799,2023-01-22,churned,18,1,Finance,4.8,4,1,5,1,1,0.1095962154006278,,
cust_1966,Company_1966,starter,299,2023-06-25,churned,23,1,Ecommerce,5.3,13,8,0,0,1,0.2058424770962759,,
cust_1967,Company_1967,starter,299,2023-08-25,active,23,1,SaaS,8.2,9,6,4,0,0,0.0971477246586309,63.5,At Risk
cust_1968,Company_1968,enterprise,4999,2023-09-09,active,10,26,Ecommerce,1.6,6,1,0,3,0,0.041333195925731,54.8,At Risk
cust_1969,Company_1969,growth,799,2023-04-04,active,12,5,Finance,4.7,22,7,4,1,0,0.0724703386531045,80.0,Healthy
cust_1970,Company_1970,starter,299,2023-01-16,churned,7,1,Finance,2.4,21,4,4,0,1,0.1792852198949521,,
cust_1971,Company_1971,growth,799,2023-08-14,active,9,4,Healthcare,8.3,2,6,4,1,0,0.0707542985173143,46.8,Critical
cust_1972,Company_1972,starter,299,2023-05-04,active,5,4,SaaS,0.8,8,7,3,0,0,0.1432111072994863,52.4,At Risk
cust_1973,Company_1973,growth,799,2023-06-09,active,11,1,SaaS,8.1,1,8,4,1,0,0.0659319179941504,49.4,Critical
cust_1974,Company_1974,growth,799,2023-08-28,active,4,1,SaaS,7.6,8,4,4,1,0,0.0661411294717667,40.3,Critical
cust_1975,Company_1975,pro,1999,2023-10-10,active,3,5,Finance,6.0,10,4,5,2,0,0.0647361695944072,41.3,Critical
cust_1976,Company_1976,enterprise,4999,2023-02-03,active,11,3,Finance,6.3,16,1,4,3,0,0.0369435503433834,51.9,At Risk
cust_1977,Company_1977,starter,299,2023-11-03,active,16,4,Other,5.5,15,4,5,0,0,0.1448727489998399,67.5,At Risk
cust_1978,Company_1978,starter,299,2023-08-26,active,19,1,Healthcare,4.1,17,5,0,0,0,0.1919843629852873,95.5,Healthy
cust_1979,Company_1979,growth,799,2023-07-15,active,4,4,Finance,9.5,15,8,4,1,0,0.0675940285907682,55.8,At Risk
cust_1980,Company_1980,starter,299,2023-04-30,active,6,4,Ecommerce,2.5,22,5,4,0,0,0.1521718239948224,67.5,At Risk
cust_1981,Company_1981,growth,799,2023-02-28,active,20,1,SaaS,7.3,29,5,1,1,0,0.0767845383205374,95.0,Healthy
cust_1982,Company_1982,pro,1999,2023-12-05,churned,5,4,SaaS,5.4,26,3,0,2,1,0.0777427630508324,,
cust_1983,Company_1983,starter,299,2023-01-29,active,6,1,Finance,1.4,29,2,1,0,0,0.2035048045779719,67.5,At Risk
cust_1984,Company_1984,starter,299,2023-12-26,active,20,5,Other,8.9,24,8,1,0,0,0.1209475956316567,95.0,Healthy
cust_1985,Company_1985,pro,1999,2023-02-12,active,15,5,Other,6.4,30,5,5,2,0,0.057400516038,80.0,Healthy
cust_1986,Company_1986,growth,799,2023-02-06,active,18,3,Finance,5.6,5,2,3,1,0,0.0717468484050115,47.5,Critical
cust_1987,Company_1987,enterprise,4999,2023-07-02,active,17,15,Other,9.8,16,6,3,3,0,0.0340971685641742,79.0,Healthy
cust_1988,Company_1988,enterprise,4999,2023-10-04,active,6,2,Finance,5.6,13,8,2,3,0,0.0454596225878469,67.0,At Risk
cust_1989,Company_1989,growth,799,2023-02-17,active,6,4,Other,1.3,19,7,0,1,0,0.1639926563111212,86.0,Healthy
cust_1990,Company_1990,pro,1999,2023-12-09,active,3,5,Healthcare,6.9,18,5,1,2,0,0.0507577477549572,73.3,At Risk
cust_1991,Company_1991,growth,799,2023-08-05,active,18,2,Healthcare,7.4,12,8,5,1,0,0.0660168177893221,68.0,At Risk
cust_1992,Company_1992,growth,799,2023-05-17,active,2,2,SaaS,3.0,25,2,4,1,0,0.0714632103958906,44.2,Critical
cust_1993,Company_1993,growth,799,2023-07-01,churned,14,5,Ecommerce,2.2,9,4,2,1,1,0.112955197622482,,
cust_1994,Company_1994,pro,1999,2023-07-01,active,4,4,Other,8.1,25,7,1,2,0,0.0453062663191434,78.3,Healthy
cust_1995,Company_1995,starter,299,2023-01-24,active,20,3,Other,4.1,17,4,5,0,0,0.1558675099875271,70.5,At Risk
cust_1996,Company_1996,starter,299,2023-11-10,churned,14,4,Other,3.5,2,8,0,0,1,0.1578869183002801,,
cust_1997,Company_1997,starter,299,2023-06-23,active,4,2,Finance,6.0,7,7,2,0,0,0.0955286380010857,53.8,At Risk
cust_1998,Company_1998,growth,799,2023-03-06,active,1,5,Ecommerce,3.0,12,4,4,1,0,0.0912614152813467,40.1,Critical
cust_1999,Company_1999,starter,299,2023-08-12,active,5,4,Healthcare,1.9,24,8,4,0,0,0.1700792125550849,65.4,At Risk
cust_2000,Company_2000,growth,799,2023-08-06,active,1,1,SaaS,3.3,6,2,4,1,0,0.1006142709666479,21.1,Critical
cust_2001,Company_2001,pro,1999,2023-05-08,active,12,5,Ecommerce,10.0,27,4,5,2,0,0.0420723031755322,75.0,Healthy
cust_2002,Company_2002,growth,799,2023-04-30,active,7,4,SaaS,3.7,7,1,2,1,0,0.0825954067968132,40.1,Critical
cust_2003,Company_2003,starter,299,2023-09-19,active,4,1,Ecommerce,3.9,30,5,2,0,0,0.1285785340853875,73.3,At Risk
cust_2004,Company_2004,growth,799,2023-05-15,active,4,4,Finance,6.7,27,4,5,1,0,0.0719144125820653,58.3,At Risk
cust_2005,Company_2005,starter,299,2023-01-15,active,19,1,Healthcare,7.7,15,2,4,0,0,0.0918396204530793,57.5,At Risk
cust_2006,Company_2006,starter,299,2023-05-13,active,20,5,SaaS,5.7,30,1,3,0,0,0.1552734531048506,65.0,At Risk
cust_2007,Company_2007,growth,799,2023-10-10,active,5,1,Healthcare,3.1,16,2,1,1,0,0.090557196591267,59.4,At Risk
cust_2008,Company_2008,pro,1999,2023-11-15,active,6,4,Finance,5.7,19,4,5,2,0,0.0633517213330563,61.0,At Risk
cust_2009,Company_2009,enterprise,4999,2023-07-22,active,23,29,Finance,9.3,12,5,5,3,0,0.0395460197459081,68.0,At Risk
cust_2010,Company_2010,pro,1999,2023-02-16,active,11,3,Finance,8.1,1,2,0,2,0,0.0381373601888565,54.4,At Risk
cust_2011,Company_2011,growth,799,2023-11-03,active,22,4,Finance,2.8,29,7,5,1,0,0.0751179441709789,80.0,Healthy
cust_2012,Company_2012,starter,299,2023-02-28,active,3,4,SaaS,2.7,19,7,1,0,0,0.1750865785013406,74.8,At Risk
cust_2013,Company_2013,growth,799,2023-05-08,active,14,2,SaaS,5.4,8,6,2,1,0,0.0884432462286583,72.0,At Risk
cust_2014,Company_2014,growth,799,2023-07-14,churned,16,1,Other,6.7,18,5,1,1,1,0.0774243899615859,,
cust_2015,Company_2015,starter,299,2023-10-25,active,9,3,Healthcare,10.0,21,5,5,0,0,0.1212764659688085,73.8,At Risk
cust_2016,Company_2016,pro,1999,2023-11-11,active,14,4,SaaS,3.6,13,5,1,2,0,0.0491231419936093,84.5,Healthy
cust_2017,Company_2017,starter,299,2023-06-09,active,11,3,Healthcare,7.7,10,1,4,0,0,0.1028755256828261,42.9,Critical
cust_2018,Company_2018,growth,799,2023-06-07,active,11,2,Other,8.2,0,7,1,1,0,0.0773983019775082,62.9,At Risk
cust_2019,Company_2019,starter,299,2023-07-09,active,9,4,Ecommerce,8.6,5,7,2,0,0,0.1112983909615709,61.3,At Risk
cust_2020,Company_2020,pro,1999,2023-01-28,active,4,3,Other,6.3,7,1,0,2,0,0.0512897672603887,43.8,Critical
cust_2021,Company_2021,growth,799,2023-12-12,active,14,2,SaaS,2.2,9,3,3,1,0,0.095956800776215,58.5,At Risk
cust_2022,Company_2022,growth,799,2023-09-02,active,23,3,Healthcare,1.8,10,2,3,1,0,0.0870256456579548,55.0,At Risk
cust_2023,Company_2023,starter,299,2023-02-10,active,6,1,SaaS,4.0,27,5,4,0,0,0.1445417744792189,67.5,At Risk
cust_2024,Company_2024,pro,1999,2023-11-24,active,13,1,Other,0.6,15,7,3,2,0,0.0687541052358654,77.5,Healthy
cust_2025,Company_2025,pro,1999,2023-10-14,active,5,1,Ecommerce,6.0,28,6,3,2,0,0.0722926759337392,70.4,At Risk
cust_2026,Company_2026,enterprise,4999,2023-01-07,active,9,46,Healthcare,8.0,27,3,5,3,0,0.03160520356137,63.8,At Risk
cust_2027,Company_2027,pro,1999,2023-02-08,active,5,2,SaaS,2.4,8,4,5,2,0,0.0877483260129948,42.4,Critical
cust_2028,Company_2028,pro,1999,2023-09-03,active,11,3,Other,7.4,27,1,3,2,0,0.040292241083838,62.9,At Risk
cust_2029,Company_2029,growth,799,2023-11-22,active,6,3,Other,2.2,4,2,5,1,0,0.1047781022163832,28.5,Critical
cust_2030,Company_2030,growth,799,2023-04-30,active,17,3,Finance,8.1,30,5,0,1,0,0.0663864728869067,100.0,Healthy
cust_2031,Company_2031,starter,299,2023-08-08,active,9,3,Finance,6.7,10,3,1,0,0,0.0839250291492408,63.8,At Risk
cust_2032,Company_2032,pro,1999,2023-02-09,active,4,2,Ecommerce,9.4,14,5,4,2,0,0.0475992679478136,54.3,At Risk
cust_2033,Company_2033,growth,799,2023-09-09,active,22,1,Healthcare,4.7,24,7,1,1,0,0.0769187195628701,95.0,Healthy
cust_2034,Company_2034,starter,299,2023-05-31,active,21,2,Healthcare,2.1,6,7,5,0,0,0.1623705698340793,59.0,At Risk
cust_2035,Company_2035,starter,299,2023-02-07,active,16,1,Other,1.1,27,2,4,0,0,0.2022955374144395,65.0,At Risk
cust_2036,Company_2036,pro,1999,2023-05-07,active,2,2,SaaS,4.2,25,4,2,2,0,0.0467876622171214,64.2,At Risk
cust_2037,Company_2037,pro,1999,2023-09-15,active,5,2,Finance,8.6,28,5,0,2,0,0.0517153841052342,85.4,Healthy
cust_2038,Company_2038,starter,299,2023-12-25,active,21,5,SaaS,7.3,12,8,3,0,0,0.0930359010764107,73.0,At Risk
cust_2039,Company_2039,growth,799,2023-09-21,active,3,3,Ecommerce,3.1,8,6,2,1,0,0.0959764515755874,53.3,At Risk
cust_2040,Company_2040,starter,299,2023-01-28,active,18,5,Finance,7.0,15,4,3,0,0,0.0895381708271925,72.5,At Risk
cust_2041,Company_2041,pro,1999,2023-10-10,churned,4,3,Ecommerce,6.6,3,3,4,2,1,0.0778912155396672,,
cust_2042,Company_2042,growth,799,2023-09-15,active,17,5,Healthcare,8.1,18,7,4,1,0,0.0580324750016627,77.0,Healthy
cust_2043,Company_2043,growth,799,2023-03-21,active,23,3,Finance,5.1,22,3,3,1,0,0.0607311541200954,75.0,Healthy
cust_2044,Company_2044,starter,299,2023-08-19,churned,22,4,Ecommerce,0.8,2,7,5,0,1,0.198682820533773,,
cust_2045,Company_2045,starter,299,2023-05-18,active,5,5,Ecommerce,6.1,5,4,1,0,0,0.0947790950230709,52.9,At Risk
cust_2046,Company_2046,growth,799,2023-02-22,active,5,5,Healthcare,0.8,29,3,4,1,0,0.1231062484114177,55.4,At Risk
cust_2047,Company_2047,starter,299,2023-03-30,active,17,1,Other,5.8,6,3,1,0,0,0.1187969521079542,64.0,At Risk
cust_2048,Company_2048,starter,299,2023-03-01,active,1,2,SaaS,0.7,22,7,3,0,0,0.1869736778063368,62.1,At Risk
cust_2049,Company_2049,growth,799,2023-02-28,active,2,5,Other,6.9,17,8,5,1,0,0.0695970227964463,54.7,At Risk
cust_2050,Company_2050,starter,299,2023-01-06,churned,18,3,Ecommerce,4.0,25,2,2,0,1,0.1942062527836625,,
cust_2051,Company_2051,starter,299,2023-05-01,active,18,3,Ecommerce,6.6,2,1,3,0,0,0.0979412718054445,38.0,Critical
cust_2052,Company_2052,starter,299,2023-10-09,churned,21,3,Finance,4.4,18,6,5,0,1,0.1490810709906283,,
cust_2053,Company_2053,pro,1999,2023-01-18,active,1,1,Healthcare,8.4,12,3,0,2,0,0.0631684923376139,55.1,At Risk
cust_2054,Company_2054,starter,299,2023-05-23,active,11,5,Healthcare,4.7,2,6,0,0,0,0.1174225506352446,70.9,At Risk
cust_2055,Company_2055,enterprise,4999,2023-01-24,active,14,43,Healthcare,4.5,2,2,0,3,0,0.0262649417225896,58.0,At Risk
cust_2056,Company_2056,enterprise,4999,2023-07-21,active,12,6,SaaS,7.2,28,4,2,3,0,0.0496575612317272,85.0,Healthy
cust_2057,Company_2057,starter,299,2023-08-17,active,18,4,Other,8.3,29,5,4,0,0,0.0913337576422326,80.0,Healthy
cust_2058,Company_2058,growth,799,2023-09-25,churned,20,5,Ecommerce,4.6,17,4,2,1,1,0.0809004065962143,,
cust_2059,Company_2059,growth,799,2023-07-13,active,18,5,Other,4.3,12,8,0,1,0,0.0768408681489221,88.0,Healthy
cust_2060,Company_2060,growth,799,2023-10-04,active,14,5,Other,1.6,16,8,4,1,0,0.104750997019701,74.0,At Risk
cust_2061,Company_2061,starter,299,2023-01-16,active,12,4,Ecommerce,3.9,27,2,4,0,0,0.167318141561179,65.0,At Risk
cust_2062,Company_2062,growth,799,2023-07-13,active,1,2,Ecommerce,0.7,2,3,3,1,0,0.0945594586173648,25.1,Critical
cust_2063,Company_2063,pro,1999,2023-07-03,active,15,5,Other,5.8,27,3,3,2,0,0.0622705491593087,75.0,Healthy
cust_2064,Company_2064,starter,299,2023-02-10,active,18,5,Finance,9.4,30,2,3,0,0,0.0836447251089775,70.0,At Risk
cust_2065,Company_2065,starter,299,2023-09-19,active,11,1,Healthcare,5.1,9,2,5,0,0,0.1311449324711914,46.4,Critical
cust_2066,Company_2066,pro,1999,2023-09-07,active,10,2,SaaS,1.4,21,3,2,2,0,0.0441307090159396,75.8,Healthy
cust_2067,Company_2067,starter,299,2023-12-31,active,19,2,Healthcare,3.0,5,3,4,0,0,0.1283391009921386,47.5,Critical
cust_2068,Company_2068,enterprise,4999,2023-06-21,active,17,29,SaaS,8.2,28,5,5,3,0,0.0236101262363508,80.0,Healthy
cust_2069,Company_2069,pro,1999,2023-05-17,active,5,5,Finance,7.0,11,8,0,2,0,0.0638761017857908,71.9,At Risk
cust_2070,Company_2070,starter,299,2023-09-16,churned,5,5,Ecommerce,1.7,27,6,3,0,1,0.2038686668544616,,
cust_2071,Company_2071,pro,1999,2023-12-30,churned,19,1,SaaS,6.5,7,6,3,2,1,0.0712144084739733,,
cust_2072,Company_2072,starter,299,2023-01-28,active,15,2,Finance,8.6,15,3,4,0,0,0.1096089419535502,62.5,At Risk
cust_2073,Company_2073,starter,299,2023-10-14,active,20,3,SaaS,1.1,15,3,1,0,0,0.165908690518041,77.5,Healthy
cust_2074,Company_2074,growth,799,2023-08-20,active,8,4,SaaS,4.2,29,6,0,1,0,0.0943067751752398,91.7,Healthy
cust_2075,Company_2075,growth,799,2023-01-31,active,12,1,SaaS,1.6,11,1,4,1,0,0.1044781477153429,46.5,Critical
cust_2076,Company_2076,starter,299,2023-08-26,active,4,1,Finance,2.3,2,1,5,0,0,0.1865944354318898,16.3,Critical
cust_2077,Company_2077,starter,299,2023-08-14,active,2,2,Ecommerce,0.9,14,2,3,0,0,0.1624480634135185,40.2,Critical
cust_2078,Company_2078,growth,799,2023-12-15,churned,1,4,Finance,9.1,26,2,4,1,1,0.1465124736056773,,
cust_2079,Company_2079,growth,799,2023-06-09,active,18,3,Ecommerce,8.2,4,8,3,1,0,0.0712706289777711,61.0,At Risk
cust_2080,Company_2080,growth,799,2023-10-21,active,7,4,Finance,1.7,8,5,3,1,0,0.1247492847388908,56.6,At Risk
cust_2081,Company_2081,pro,1999,2023-07-31,active,24,5,Other,9.3,15,4,2,2,0,0.0509337824185519,77.5,Healthy
cust_2082,Company_2082,pro,1999,2023-02-12,active,7,1,SaaS,2.9,1,3,2,2,0,0.0639357761401101,41.1,Critical
cust_2083,Company_2083,pro,1999,2023-12-06,active,20,2,SaaS,4.9,9,4,5,2,0,0.0648488763793927,58.5,At Risk
cust_2084,Company_2084,starter,299,2023-05-12,active,17,2,Finance,8.8,4,7,4,0,0,0.111086910958339,56.0,At Risk
cust_2085,Company_2085,starter,299,2023-05-20,active,18,4,Healthcare,2.3,17,4,5,0,0,0.1786441600524679,70.5,At Risk
cust_2086,Company_2086,enterprise,4999,2023-06-03,active,18,36,Finance,9.7,10,4,3,3,0,0.041151268603266,65.0,At Risk
cust_2087,Company_2087,enterprise,4999,2023-11-19,active,10,9,Other,1.0,10,1,3,3,0,0.0478963152648543,45.8,Critical
cust_2088,Company_2088,pro,1999,2023-05-22,active,23,3,Healthcare,6.4,11,2,2,2,0,0.0511699353991918,61.5,At Risk
cust_2089,Company_2089,enterprise,4999,2023-03-23,active,7,47,SaaS,6.1,17,6,2,3,0,0.0475055620206993,75.1,Healthy
cust_2090,Company_2090,starter,299,2023-09-10,active,21,1,Other,1.5,7,2,0,0,0,0.1555966343777458,65.5,At Risk
cust_2091,Company_2091,enterprise,4999,2023-08-25,active,17,7,Other,9.9,0,3,2,3,0,0.0342688390448887,50.0,At Risk
cust_2092,Company_2092,pro,1999,2023-12-27,active,15,1,Ecommerce,2.1,0,7,5,2,0,0.0841793378148235,50.0,At Risk
cust_2093,Company_2093,growth,799,2023-04-30,active,11,3,SaaS,7.0,0,2,5,1,0,0.0875556563525489,32.9,Critical
cust_2094,Company_2094,starter,299,2023-08-13,active,11,5,Finance,8.8,1,1,1,0,0,0.1018729178055067,44.4,Critical
cust_2095,Company_2095,pro,1999,2023-12-25,active,2,1,Finance,2.5,23,3,2,2,0,0.0520304547559121,59.2,At Risk
cust_2096,Company_2096,enterprise,4999,2023-12-02,active,22,17,Healthcare,6.5,19,6,0,3,0,0.0439248855220502,98.5,Healthy
cust_2097,Company_2097,growth,799,2023-01-23,active,16,4,Ecommerce,8.5,14,1,2,1,0,0.0629882264748122,61.0,At Risk
cust_2098,Company_2098,pro,1999,2023-10-30,active,22,1,Ecommerce,6.8,26,2,0,2,0,0.0497588914400209,85.0,Healthy
cust_2099,Company_2099,starter,299,2023-07-21,active,10,5,Ecommerce,9.7,24,1,1,0,0,0.1135197810240377,70.8,At Risk
cust_2100,Company_2100,growth,799,2023-10-24,churned,4,3,Ecommerce,9.4,28,4,3,1,1,0.084101155548238,,
cust_2101,Company_2101,starter,299,2023-11-10,active,23,3,SaaS,1.2,9,2,1,0,0,0.1553407328466978,63.5,At Risk
cust_2102,Company_2102,enterprise,4999,2023-06-22,active,20,12,Other,3.9,24,4,2,3,0,0.0437481654519265,85.0,Healthy
cust_2103,Company_2103,growth,799,2023-06-24,churned,5,4,SaaS,0.8,13,8,4,1,1,0.1743500222601696,,
cust_2104,Company_2104,enterprise,4999,2023-01-07,churned,21,37,Healthcare,9.5,29,1,0,3,1,0.1894356543063294,,
cust_2105,Company_2105,growth,799,2023-08-13,active,16,2,Healthcare,5.3,22,3,5,1,0,0.0686649071290105,70.0,At Risk
cust_2106,Company_2106,pro,1999,2023-04-22,active,22,3,Finance,6.0,30,6,1,2,0,0.0650362241642214,95.0,Healthy
cust_2107,Company_2107,starter,299,2023-07-21,active,16,2,Finance,3.6,6,3,5,0,0,0.1405935180098871,49.0,Critical
cust_2108,Company_2108,starter,299,2023-01-06,active,3,4,Finance,2.9,28,7,1,0,0,0.1548664703135247,76.3,Healthy
cust_2109,Company_2109,starter,299,2023-08-24,active,18,5,SaaS,6.5,21,3,1,0,0,0.1281066217770191,85.0,Healthy
cust_2110,Company_2110,pro,1999,2023-06-07,active,11,1,SaaS,7.5,1,1,5,2,0,0.0464737231727261,29.4,Critical
cust_2111,Company_2111,pro,1999,2023-08-04,churned,22,2,SaaS,6.6,30,7,4,2,1,0.0793834702825852,,
cust_2112,Company_2112,starter,299,2023-01-08,active,5,1,SaaS,4.1,14,4,1,0,0,0.1264096986618052,66.4,At Risk
cust_2113,Company_2113,growth,799,2023-01-04,active,10,3,Healthcare,3.7,28,8,2,1,0,0.0826224630595854,85.8,Healthy
cust_2114,Company_2114,pro,1999,2023-04-06,active,3,5,Healthcare,3.5,12,1,1,2,0,0.0519046064551961,44.3,Critical
cust_2115,Company_2115,enterprise,4999,2023-05-04,active,14,12,SaaS,8.9,4,8,2,3,0,0.0374718648858178,66.0,At Risk
cust_2116,Company_2116,starter,299,2023-04-06,active,3,4,SaaS,7.1,4,1,3,0,0,0.1015796938218748,22.3,Critical
cust_2117,Company_2117,starter,299,2023-06-26,active,6,5,SaaS,2.2,13,3,0,0,0,0.1646012034535656,67.0,At Risk
cust_2118,Company_2118,growth,799,2023-11-08,active,24,1,Finance,9.1,16,2,4,1,0,0.0557751013862197,59.0,At Risk
cust_2119,Company_2119,growth,799,2023-09-08,churned,24,3,Other,1.4,3,2,4,1,1,0.1689660868670887,,
cust_2120,Company_2120,growth,799,2023-10-02,active,12,5,SaaS,7.4,28,6,4,1,0,0.0599535792152163,80.0,Healthy
cust_2121,Company_2121,pro,1999,2023-12-20,active,16,1,Healthcare,5.8,1,1,2,2,0,0.0441636253694828,41.5,Critical
cust_2122,Company_2122,enterprise,4999,2023-09-03,active,18,45,Other,8.7,2,7,4,3,0,0.0312629557715917,53.0,At Risk
cust_2123,Company_2123,enterprise,4999,2023-09-18,active,19,12,Other,3.1,30,5,0,3,0,0.0500834223703771,100.0,Healthy
cust_2124,Company_2124,growth,799,2023-09-21,active,5,4,Ecommerce,0.5,5,4,4,1,0,0.1462001931613627,37.9,Critical
cust_2125,Company_2125,starter,299,2023-03-07,active,21,2,Ecommerce,6.8,4,1,2,0,0,0.0942173006765473,46.0,Critical
cust_2126,Company_2126,starter,299,2023-05-23,active,16,2,Ecommerce,9.3,27,2,0,0,0,0.1064677684343785,85.0,Healthy
cust_2127,Company_2127,growth,799,2023-07-04,active,19,2,SaaS,6.9,23,1,1,1,0,0.0678821225737473,75.0,Healthy
cust_2128,Company_2128,starter,299,2023-04-17,active,2,2,Ecommerce,8.6,4,8,3,0,0,0.1156880837892286,40.2,Critical
cust_2129,Company_2129,starter,299,2023-03-07,active,23,2,Finance,7.3,1,3,4,0,0,0.0945284041223798,41.5,Critical
cust_2130,Company_2130,starter,299,2023-06-21,active,2,4,Ecommerce,0.5,26,1,2,0,0,0.2159665914541126,49.2,Critical
cust_2131,Company_2131,pro,1999,2023-11-01,active,8,4,Healthcare,4.9,12,2,4,2,0,0.0415472651406437,44.7,Critical
cust_2132,Company_2132,growth,799,2023-03-09,active,3,2,Other,1.4,21,2,3,1,0,0.0944478884596348,51.3,At Risk
cust_2133,Company_2133,starter,299,2023-11-08,active,2,2,Other,7.6,16,4,0,0,0,0.1069488453161594,68.2,At Risk
cust_2134,Company_2134,enterprise,4999,2023-01-15,active,9,48,Other,8.3,2,7,3,3,0,0.0375262404820849,51.8,At Risk
cust_2135,Company_2135,starter,299,2023-10-18,active,3,2,SaaS,4.5,0,1,2,0,0,0.1574068937784148,21.3,Critical
cust_2136,Company_2136,growth,799,2023-07-08,active,14,4,Healthcare,9.6,28,1,3,1,0,0.0681065545526331,65.0,At Risk
cust_2137,Company_2137,starter,299,2023-07-21,churned,5,5,Healthcare,3.9,1,5,4,0,1,0.1384178526627835,,
cust_2138,Company_2138,starter,299,2023-05-11,active,10,4,Healthcare,4.2,6,5,4,0,0,0.1225016056745803,54.8,At Risk
cust_2139,Company_2139,pro,1999,2023-04-26,active,19,1,Finance,6.6,12,3,3,2,0,0.0615981808558847,63.0,At Risk
cust_2140,Company_2140,starter,299,2023-03-28,churned,13,1,SaaS,3.3,4,5,1,0,1,0.1259653816184265,,
cust_2141,Company_2141,pro,1999,2023-12-07,active,5,3,Other,7.1,8,3,0,2,0,0.0579760874876993,57.4,At Risk
cust_2142,Company_2142,growth,799,2023-09-20,active,21,1,Other,7.5,30,2,5,1,0,0.0468708796177882,65.0,At Risk
cust_2143,Company_2143,growth,799,2023-07-28,active,5,3,SaaS,6.8,18,7,2,1,0,0.0848810911709068,72.4,At Risk
cust_2144,Company_2144,starter,299,2023-10-14,active,11,2,Finance,9.5,30,3,2,0,0,0.0838597506081543,77.9,Healthy
cust_2145,Company_2145,growth,799,2023-07-06,active,18,2,Finance,9.5,30,1,5,1,0,0.057890353745867,60.0,At Risk
cust_2146,Company_2146,starter,299,2023-02-10,active,23,5,Healthcare,4.4,11,5,2,0,0,0.1319355602840082,76.5,Healthy
cust_2147,Company_2147,pro,1999,2023-07-19,active,23,3,Healthcare,3.6,14,7,4,2,0,0.0610301184414205,71.0,At Risk
cust_2148,Company_2148,pro,1999,2023-05-18,active,24,3,Ecommerce,3.9,7,7,2,2,0,0.0540450026374571,70.5,At Risk
cust_2149,Company_2149,growth,799,2023-05-19,active,13,5,Other,4.1,25,2,3,1,0,0.066590179225538,70.0,At Risk
cust_2150,Company_2150,starter,299,2023-05-24,churned,5,3,Finance,4.0,17,1,4,0,1,0.1925062938794159,,
cust_2151,Company_2151,starter,299,2023-11-13,active,10,3,Ecommerce,7.7,19,3,2,0,0,0.0983764464194138,74.3,At Risk
cust_2152,Company_2152,pro,1999,2023-07-10,active,19,3,Healthcare,2.2,27,4,0,2,0,0.0472044631840738,95.0,Healthy
cust_2153,Company_2153,growth,799,2023-05-22,active,5,5,SaaS,3.0,12,2,2,1,0,0.0924760618629364,48.4,Critical
cust_2154,Company_2154,starter,299,2023-12-08,active,9,5,Ecommerce,2.9,28,3,3,0,0,0.1482267883327249,68.8,At Risk
cust_2155,Company_2155,pro,1999,2023-06-04,active,11,2,SaaS,4.8,13,4,5,2,0,0.0544566462491812,62.4,At Risk
cust_2156,Company_2156,pro,1999,2023-04-26,active,4,1,SaaS,5.6,21,2,3,2,0,0.0504484840249973,53.3,At Risk
cust_2157,Company_2157,enterprise,4999,2023-07-02,active,6,8,SaaS,4.0,17,8,0,3,0,0.0446509274732402,83.0,Healthy
cust_2158,Company_2158,enterprise,4999,2023-10-13,active,9,14,Finance,8.2,21,5,5,3,0,0.0274240966743005,73.8,At Risk
cust_2159,Company_2159,pro,1999,2023-08-10,active,17,3,Finance,8.5,20,8,0,2,0,0.0410944500086288,100.0,Healthy
cust_2160,Company_2160,starter,299,2023-04-10,active,21,1,Other,4.4,10,3,1,0,0,0.1246447897312915,70.0,At Risk
cust_2161,Company_2161,enterprise,4999,2023-08-25,active,15,28,Healthcare,7.0,13,4,1,3,0,0.0450686130982474,79.5,Healthy
cust_2162,Company_2162,growth,799,2023-02-27,active,9,1,Finance,8.2,26,8,4,1,0,0.0522228451634596,73.8,At Risk
cust_2163,Company_2163,starter,299,2023-07-08,active,11,1,SaaS,0.7,4,8,5,0,0,0.1603848636914746,53.9,At Risk
cust_2164,Company_2164,starter,299,2023-03-07,active,3,3,Healthcare,6.8,30,4,0,0,0,0.1072618098640003,76.3,Healthy
cust_2165,Company_2165,growth,799,2023-11-06,active,10,5,SaaS,7.8,6,7,4,1,0,0.0735120373719036,54.8,At Risk
cust_2166,Company_2166,pro,1999,2023-12-22,active,3,2,SaaS,2.4,6,7,4,2,0,0.0907188509805215,40.3,Critical
cust_2167,Company_2167,starter,299,2023-12-30,active,5,4,Ecommerce,9.1,0,3,4,0,0,0.2214397688750813,25.4,Critical
cust_2168,Company_2168,pro,1999,2023-09-06,active,8,3,Other,3.8,28,4,1,2,0,0.055146289411207,81.7,Healthy
cust_2169,Company_2169,starter,299,2023-03-19,active,21,4,Ecommerce,7.1,6,3,0,0,0,0.0865966098255144,69.0,At Risk
cust_2170,Company_2170,starter,299,2023-08-31,active,23,2,Finance,2.6,7,7,3,0,0,0.1362645238136503,65.5,At Risk
cust_2171,Company_2171,starter,299,2023-06-29,active,2,1,SaaS,5.7,14,1,4,0,0,0.1365660933214746,30.2,Critical
cust_2172,Company_2172,starter,299,2023-11-07,active,16,1,Other,8.2,26,4,3,0,0,0.1032787986291834,80.0,Healthy
cust_2173,Company_2173,starter,299,2023-01-08,churned,16,4,SaaS,3.9,27,4,4,0,1,0.1689396471904943,,
cust_2174,Company_2174,growth,799,2023-11-20,active,6,4,Healthcare,9.3,24,5,4,1,0,0.0542897803462586,67.5,At Risk
cust_2175,Company_2175,pro,1999,2023-07-26,active,16,4,Finance,1.7,6,4,5,2,0,0.0937883764640651,54.0,At Risk
cust_2176,Company_2176,enterprise,4999,2023-03-14,active,6,33,SaaS,6.5,24,5,2,3,0,0.0421011359883547,77.5,Healthy
cust_2177,Company_2177,enterprise,4999,2023-06-27,active,18,48,Other,2.0,26,3,1,3,0,0.0308513031247641,85.0,Healthy
cust_2178,Company_2178,pro,1999,2023-07-01,active,13,2,Other,9.9,10,4,2,2,0,0.0504031524499075,70.0,At Risk
cust_2179,Company_2179,growth,799,2023-07-19,active,8,4,Ecommerce,1.1,20,2,4,1,0,0.1043344917656351,56.7,At Risk
cust_2180,Company_2180,starter,299,2023-07-23,active,22,3,SaaS,8.4,0,8,5,0,0,0.1756057797502023,50.0,At Risk
cust_2181,Company_2181,starter,299,2023-10-14,active,10,5,Finance,1.9,28,2,1,0,0,0.1970476151813775,75.8,Healthy
cust_2182,Company_2182,pro,1999,2023-03-31,active,13,5,Finance,6.8,7,8,5,2,0,0.0570971641149906,60.5,At Risk
cust_2183,Company_2183,starter,299,2023-02-02,active,11,4,SaaS,3.9,8,2,1,0,0,0.1271811152235906,59.9,At Risk
cust_2184,Company_2184,enterprise,4999,2023-12-04,active,3,28,Finance,1.2,18,6,2,3,0,0.0624177693802134,68.3,At Risk
cust_2185,Company_2185,growth,799,2023-01-09,active,19,1,Other,7.3,18,4,4,1,0,0.060614498691236,72.0,At Risk
cust_2186,Company_2186,starter,299,2023-10-08,active,16,2,SaaS,5.0,0,3,0,0,0,0.1147475158017353,60.0,At Risk
cust_2187,Company_2187,starter,299,2023-08-11,active,6,1,Other,8.7,15,2,1,0,0,0.0996041657216395,60.0,At Risk
cust_2188,Company_2188,pro,1999,2023-02-15,active,5,2,Other,2.8,22,7,4,2,0,0.0657638241178886,65.4,At Risk
cust_2189,Company_2189,growth,799,2023-09-30,active,19,4,SaaS,5.9,16,8,1,1,0,0.0763457563850787,89.0,Healthy
cust_2190,Company_2190,starter,299,2023-08-07,active,16,2,SaaS,8.1,24,3,1,0,0,0.10478818113825,85.0,Healthy
cust_2191,Company_2191,growth,799,2023-07-19,active,22,4,Finance,7.1,30,8,5,1,0,0.0558970805739019,80.0,Healthy
cust_2192,Company_2192,growth,799,2023-06-30,active,8,2,Other,9.1,22,5,1,1,0,0.0686267188456173,86.7,Healthy
cust_2193,Company_2193,starter,299,2023-02-16,active,21,3,Finance,2.3,30,6,1,0,0,0.1779677279259109,95.0,Healthy
cust_2194,Company_2194,starter,299,2023-03-16,active,2,5,SaaS,3.8,0,6,3,0,0,0.1369374019419589,34.2,Critical
cust_2195,Company_2195,pro,1999,2023-05-20,active,10,4,Finance,5.1,22,1,0,2,0,0.0336843676254814,75.8,Healthy
cust_2196,Company_2196,starter,299,2023-10-15,active,15,3,Other,6.8,13,8,3,0,0,0.0936695738083738,74.5,At Risk
cust_2197,Company_2197,starter,299,2023-08-18,active,19,3,SaaS,4.5,6,7,2,0,0,0.1256780667396852,69.0,At Risk
cust_2198,Company_2198,growth,799,2023-01-18,active,9,1,SaaS,4.4,11,6,5,1,0,0.0788270427792277,60.3,At Risk
cust_2199,Company_2199,starter,299,2023-04-12,active,2,4,Finance,5.9,19,3,3,0,0,0.1416044915782283,52.7,At Risk
cust_2200,Company_2200,growth,799,2023-02-26,active,21,3,Ecommerce,5.9,12,4,2,1,0,0.0783828193128623,73.0,At Risk
cust_2201,Company_2201,starter,299,2023-12-22,active,12,1,Ecommerce,4.0,3,3,4,0,0,0.128984074610553,44.5,Critical
cust_2202,Company_2202,starter,299,2023-07-31,active,22,3,Ecommerce,9.9,27,6,4,0,0,0.1140560762783717,80.0,Healthy
cust_2203,Company_2203,starter,299,2023-09-26,active,20,5,Finance,6.3,11,5,3,0,0,0.0962049063303118,71.5,At Risk
cust_2204,Company_2204,growth,799,2023-05-07,active,10,3,Finance,7.6,9,5,0,1,0,0.0652935749144971,79.3,Healthy
cust_2205,Company_2205,pro,1999,2023-06-06,active,20,5,Other,6.1,24,4,5,2,0,0.0607039676874757,75.0,Healthy
cust_2206,Company_2206,enterprise,4999,2023-05-13,active,9,19,Ecommerce,6.0,8,7,2,3,0,0.0468738497700396,65.8,At Risk
cust_2207,Company_2207,starter,299,2023-12-13,active,22,2,Ecommerce,2.6,18,6,4,0,0,0.1656559400065567,77.0,Healthy
cust_2208,Company_2208,growth,799,2023-11-06,active,24,2,Other,6.9,17,5,0,1,0,0.0683537664900205,95.5,Healthy
cust_2209,Company_2209,starter,299,2023-02-23,active,1,5,Healthcare,1.7,22,3,0,0,0,0.2541571571269223,67.1,At Risk
cust_2210,Company_2210,pro,1999,2023-01-23,active,16,5,Finance,2.3,20,7,2,2,0,0.0465151527280889,90.0,Healthy
cust_2211,Company_2211,starter,299,2023-10-27,active,5,2,SaaS,2.8,1,5,2,0,0,0.123579508807483,46.9,Critical
cust_2212,Company_2212,growth,799,2023-06-05,active,13,2,Other,2.6,1,1,1,1,0,0.0909255969857202,46.5,Critical
cust_2213,Company_2213,pro,1999,2023-07-02,active,4,1,Ecommerce,7.5,14,6,3,2,0,0.049690418555096,59.3,At Risk
cust_2214,Company_2214,pro,1999,2023-09-28,active,23,2,Finance,6.0,20,8,0,2,0,0.0539506855532853,100.0,Healthy
cust_2215,Company_2215,growth,799,2023-08-09,active,3,5,Ecommerce,9.5,8,6,4,1,0,0.0661026713307501,43.3,Critical
cust_2216,Company_2216,starter,299,2023-05-13,active,23,4,Ecommerce,1.3,7,6,0,0,0,0.1776255804701619,80.5,Healthy
cust_2217,Company_2217,pro,1999,2023-06-01,active,6,4,Ecommerce,9.4,23,3,0,2,0,0.0464998799321757,77.5,Healthy
cust_2218,Company_2218,pro,1999,2023-04-10,active,10,2,Finance,4.4,20,2,0,2,0,0.0352925715575787,80.8,Healthy
cust_2219,Company_2219,starter,299,2023-12-06,active,15,4,Other,7.5,21,7,4,0,0,0.1064928462449115,80.0,Healthy
cust_2220,Company_2220,pro,1999,2023-01-17,active,18,3,Ecommerce,5.9,8,7,4,2,0,0.0554717678922643,62.0,At Risk
cust_2221,Company_2221,enterprise,4999,2023-03-20,active,21,43,Healthcare,4.7,9,2,3,3,0,0.0344956649777831,53.5,At Risk
cust_2222,Company_2222,starter,299,2023-01-20,active,10,3,SaaS,2.0,17,6,0,0,0,0.2224526473826612,91.3,Healthy
cust_2223,Company_2223,starter,299,2023-10-14,active,20,4,Healthcare,3.7,14,6,5,0,0,0.1296899093886584,71.0,At Risk
cust_2224,Company_2224,pro,1999,2023-03-23,active,7,5,Ecommerce,6.4,7,1,1,2,0,0.0490162627306806,45.1,Critical
cust_2225,Company_2225,starter,299,2023-06-19,active,13,1,Ecommerce,2.4,0,4,0,0,0,0.1175650828456519,65.0,At Risk
cust_2226,Company_2226,starter,299,2023-05-10,active,14,1,SaaS,6.9,13,8,2,0,0,0.0887926569092448,79.5,Healthy
cust_2227,Company_2227,enterprise,4999,2023-01-06,active,15,10,Healthcare,6.3,11,6,1,3,0,0.0478752277902689,81.5,Healthy
cust_2228,Company_2228,pro,1999,2023-01-30,active,6,3,Ecommerce,1.0,30,3,1,2,0,0.0622154207501417,72.5,At Risk
cust_2229,Company_2229,pro,1999,2023-10-12,active,9,2,Ecommerce,0.8,8,3,0,2,0,0.0554224439436065,65.8,At Risk
cust_2230,Company_2230,starter,299,2023-06-01,churned,15,5,SaaS,1.4,22,3,1,0,1,0.2278850409250933,,
cust_2231,Company_2231,growth,799,2023-03-09,churned,10,3,SaaS,4.7,28,7,2,1,1,0.0873476296354155,,
cust_2232,Company_2232,growth,799,2023-10-07,active,15,1,Healthcare,6.6,22,8,2,1,0,0.0795348719211436,90.0,Healthy
cust_2233,Company_2233,pro,1999,2023-07-31,active,4,5,Ecommerce,9.3,1,7,2,2,0,0.0644604719640415,44.8,Critical
cust_2234,Company_2234,growth,799,2023-04-27,active,18,4,Ecommerce,8.0,15,3,2,1,0,0.0581946339606783,72.5,At Risk
cust_2235,Company_2235,growth,799,2023-02-02,active,6,5,SaaS,8.1,18,6,3,1,0,0.0579756909846987,69.5,At Risk
cust_2236,Company_2236,starter,299,2023-10-01,active,10,5,Ecommerce,9.5,15,4,5,0,0,0.0957484744728277,63.3,At Risk
cust_2237,Company_2237,starter,299,2023-10-21,active,3,1,Ecommerce,1.3,1,2,4,0,0,0.1338577764317075,17.8,Critical
cust_2238,Company_2238,growth,799,2023-09-20,active,2,3,Other,4.5,29,1,5,1,0,0.0805892676391318,39.2,Critical
cust_2239,Company_2239,enterprise,4999,2023-02-07,active,15,32,Finance,7.1,25,4,4,3,0,0.0361831600933705,75.0,Healthy
cust_2240,Company_2240,starter,299,2023-02-23,active,19,5,Finance,7.1,5,6,5,0,0,0.1028904353316263,57.5,At Risk
cust_2241,Company_2241,pro,1999,2023-02-26,active,16,2,Ecommerce,9.1,30,7,5,2,0,0.0543786317192581,80.0,Healthy
cust_2242,Company_2242,starter,299,2023-04-23,active,18,2,SaaS,3.9,9,3,1,0,0,0.1239966246621759,68.5,At Risk
cust_2243,Company_2243,starter,299,2023-04-01,active,13,3,Other,8.9,12,4,1,0,0,0.0953591849136707,78.0,Healthy
cust_2244,Company_2244,pro,1999,2023-01-01,active,23,2,Ecommerce,9.8,9,5,3,2,0,0.0477001268347473,68.5,At Risk
cust_2245,Company_2245,pro,1999,2023-01-10,active,10,5,Healthcare,5.3,18,6,0,2,0,0.0428580317082028,92.8,Healthy
cust_2246,Company_2246,starter,299,2023-01-11,churned,6,3,Other,7.0,24,6,0,0,1,0.1528081568088659,,
cust_2247,Company_2247,growth,799,2023-06-10,active,7,4,Healthcare,2.9,22,3,3,1,0,0.0756821395910922,64.6,At Risk
cust_2248,Company_2248,growth,799,2023-12-03,active,7,5,Finance,4.4,8,3,3,1,0,0.068863904404511,46.6,Critical
cust_2249,Company_2249,enterprise,4999,2023-08-31,active,11,11,Finance,5.9,0,7,0,3,0,0.029987699883002,67.9,At Risk
cust_2250,Company_2250,pro,1999,2023-06-28,active,18,5,Ecommerce,0.8,11,3,1,2,0,0.0549250020700128,71.5,At Risk
cust_2251,Company_2251,growth,799,2023-03-01,active,3,4,Ecommerce,0.9,18,6,2,1,0,0.1272234172764562,68.3,At Risk
cust_2252,Company_2252,pro,1999,2023-12-25,active,19,4,Ecommerce,4.9,23,3,5,2,0,0.0468640459482052,70.0,At Risk
cust_2253,Company_2253,growth,799,2023-11-15,active,24,2,SaaS,4.6,2,6,5,1,0,0.0874003217965118,53.0,At Risk
cust_2254,Company_2254,starter,299,2023-09-21,active,1,5,Finance,1.4,6,2,1,0,0,0.1425382532961443,36.1,Critical
cust_2255,Company_2255,growth,799,2023-01-21,active,2,5,Ecommerce,7.2,5,2,5,1,0,0.0663870017919523,21.7,Critical
cust_2256,Company_2256,starter,299,2023-03-19,active,4,2,SaaS,4.0,9,2,5,0,0,0.1302514851723933,31.8,Critical
cust_2257,Company_2257,starter,299,2023-03-20,active,14,5,Healthcare,9.9,9,1,0,0,0,0.077139985357495,63.5,At Risk
cust_2258,Company_2258,pro,1999,2023-02-26,active,17,5,Other,1.1,9,5,1,2,0,0.0517431680081433,78.5,Healthy
cust_2259,Company_2259,pro,1999,2023-12-11,churned,1,4,Ecommerce,5.9,16,8,3,2,1,0.1399117479881793,,
cust_2260,Company_2260,growth,799,2023-09-03,active,8,5,Finance,7.9,30,7,5,1,0,0.0494971321535251,71.7,At Risk
cust_2261,Company_2261,growth,799,2023-07-24,active,24,1,Other,4.6,4,4,2,1,0,0.0789368968946738,61.0,At Risk
cust_2262,Company_2262,growth,799,2023-02-27,active,20,4,Ecommerce,2.2,6,3,0,1,0,0.0960626280012368,69.0,At Risk
cust_2263,Company_2263,starter,299,2023-02-02,active,2,5,Finance,5.6,25,2,2,0,0,0.1526513534892968,54.2,At Risk
cust_2264,Company_2264,pro,1999,2023-09-19,active,19,1,SaaS,5.0,19,8,1,2,0,0.0421039287404776,93.5,Healthy
cust_2265,Company_2265,pro,1999,2023-07-28,active,19,5,Finance,6.0,16,2,5,2,0,0.0479308800028283,59.0,At Risk
cust_2266,Company_2266,starter,299,2023-12-24,churned,7,5,SaaS,1.0,28,7,3,0,1,0.2043048973143465,,
cust_2267,Company_2267,growth,799,2023-12-19,active,24,1,SaaS,0.6,29,4,5,1,0,0.0890753575602245,75.0,Healthy
cust_2268,Company_2268,starter,299,2023-06-22,active,7,2,SaaS,0.5,20,1,2,0,0,0.2283195414430575,59.6,At Risk
cust_2269,Company_2269,pro,1999,2023-05-19,active,8,2,Other,7.2,29,6,4,2,0,0.0418774207265897,71.7,At Risk
cust_2270,Company_2270,growth,799,2023-08-02,active,20,5,Other,1.1,14,7,4,1,0,0.1118503533115395,71.0,At Risk
cust_2271,Company_2271,growth,799,2023-03-25,active,15,2,Ecommerce,2.2,17,4,4,1,0,0.1030672923120945,70.5,At Risk
cust_2272,Company_2272,growth,799,2023-07-17,active,22,2,Ecommerce,8.2,13,2,4,1,0,0.0493807151156413,54.5,At Risk
cust_2273,Company_2273,starter,299,2023-02-28,active,21,4,Ecommerce,4.3,3,4,3,0,0,0.1216050598679618,54.5,At Risk
cust_2274,Company_2274,growth,799,2023-02-25,active,1,2,Ecommerce,6.8,25,3,1,1,0,0.0749931417303914,62.1,At Risk
cust_2275,Company_2275,enterprise,4999,2023-11-08,active,5,35,Other,7.4,7,6,1,3,0,0.0508947313802586,60.9,At Risk
cust_2276,Company_2276,growth,799,2023-11-04,active,24,5,Healthcare,3.6,30,1,3,1,0,0.0557029046089873,65.0,At Risk
cust_2277,Company_2277,enterprise,4999,2023-09-04,active,16,42,SaaS,4.5,20,6,4,3,0,0.0308727690453654,80.0,Healthy
cust_2278,Company_2278,starter,299,2023-11-22,active,18,3,Ecommerce,7.8,19,3,3,0,0,0.0963280029570351,73.5,At Risk
cust_2279,Company_2279,growth,799,2023-07-29,active,4,5,SaaS,3.8,18,7,4,1,0,0.0857254324090191,60.3,At Risk
cust_2280,Company_2280,pro,1999,2023-11-26,active,8,3,Finance,6.8,5,1,5,2,0,0.0518438048104422,29.2,Critical
cust_2281,Company_2281,pro,1999,2023-03-19,active,23,3,Healthcare,5.6,24,3,4,2,0,0.056322166588751,70.0,At Risk
cust_2282,Company_2282,pro,1999,2023-10-22,active,4,4,Ecommerce,3.4,16,3,2,2,0,0.0660257912809984,57.3,At Risk
cust_2283,Company_2283,starter,299,2023-11-05,active,9,1,Healthcare,7.5,28,3,4,0,0,0.0991340730001543,63.8,At Risk
cust_2284,Company_2284,pro,1999,2023-01-12,active,15,4,Ecommerce,7.8,13,7,4,2,0,0.0374185950588152,69.5,At Risk
cust_2285,Company_2285,enterprise,4999,2023-06-05,active,3,37,Other,4.3,0,1,4,3,0,0.0435342605237919,11.3,Critical
cust_2286,Company_2286,pro,1999,2023-08-23,active,10,4,Finance,5.8,21,5,3,2,0,0.0467228394861444,80.8,Healthy
cust_2287,Company_2287,starter,299,2023-09-18,active,7,5,Finance,1.6,14,4,2,0,0,0.1611946960190749,65.6,At Risk
cust_2288,Company_2288,pro,1999,2023-09-23,active,21,4,Other,5.6,17,2,3,2,0,0.046879963095955,65.5,At Risk
cust_2289,Company_2289,starter,299,2023-10-27,churned,18,3,Finance,0.6,19,3,5,0,1,0.2615711803347362,,
cust_2290,Company_2290,growth,799,2023-07-21,active,1,2,SaaS,8.4,1,3,3,1,0,0.0946564943158705,23.6,Critical
cust_2291,Company_2291,starter,299,2023-08-23,active,2,3,Other,6.2,1,1,4,0,0,0.1255672297618237,10.7,Critical
cust_2292,Company_2292,starter,299,2023-10-01,active,9,1,Ecommerce,0.5,28,4,5,0,0,0.1969339003184988,68.8,At Risk
cust_2293,Company_2293,pro,1999,2023-06-18,active,16,5,Other,2.8,19,8,2,2,0,0.0443975510753168,88.5,Healthy
cust_2294,Company_2294,pro,1999,2023-02-24,active,18,2,SaaS,1.9,30,8,2,2,0,0.0445854004510829,90.0,Healthy
cust_2295,Company_2295,enterprise,4999,2023-01-25,active,1,44,Finance,7.3,24,7,0,3,0,0.0619557935672679,77.1,Healthy
cust_2296,Company_2296,growth,799,2023-11-02,active,12,1,Finance,4.2,3,5,4,1,0,0.0937171389872709,54.5,At Risk
cust_2297,Company_2297,starter,299,2023-08-13,active,18,3,Healthcare,4.8,1,8,5,0,0,0.1262815872387487,51.5,At Risk
cust_2298,Company_2298,enterprise,4999,2023-12-01,active,4,11,Healthcare,8.8,25,1,0,3,0,0.0625463297405641,63.3,At Risk
cust_2299,Company_2299,starter,299,2023-04-15,active,14,1,SaaS,2.7,29,5,2,0,0,0.1530383625560964,90.0,Healthy
cust_2300,Company_2300,enterprise,4999,2023-05-10,active,5,3,Healthcare,5.1,21,6,3,3,0,0.0431859036622656,70.4,At Risk
cust_2301,Company_2301,growth,799,2023-07-25,active,12,1,Healthcare,1.8,24,3,0,1,0,0.1064679034735174,90.0,Healthy
cust_2302,Company_2302,starter,299,2023-06-26,active,20,4,Ecommerce,3.5,13,3,1,0,0,0.1408866193079081,74.5,At Risk
cust_2303,Company_2303,enterprise,4999,2023-04-03,active,4,22,Ecommerce,2.5,20,5,3,3,0,0.053910293419943,68.3,At Risk
cust_2304,Company_2304,pro,1999,2023-05-13,active,16,4,Finance,5.6,21,6,2,2,0,0.0463240543187044,90.0,Healthy
cust_2305,Company_2305,growth,799,2023-11-04,active,14,1,Ecommerce,5.6,10,1,3,1,0,0.0725258066011322,50.0,At Risk
cust_2306,Company_2306,pro,1999,2023-03-12,active,10,3,Ecommerce,1.5,22,1,0,2,0,0.0328888708960044,75.8,Healthy
cust_2307,Company_2307,pro,1999,2023-07-21,active,5,1,SaaS,9.3,24,8,1,2,0,0.0495452230959422,80.4,Healthy
cust_2308,Company_2308,enterprise,4999,2023-11-24,active,5,30,Healthcare,2.0,24,5,4,3,0,0.0423761316690988,65.4,At Risk
cust_2309,Company_2309,growth,799,2023-05-07,active,20,3,Finance,5.8,5,3,4,1,0,0.0769541349668771,47.5,Critical
cust_2310,Company_2310,growth,799,2023-03-29,active,22,2,Finance,1.5,3,6,3,1,0,0.1145272698467084,59.5,At Risk
cust_2311,Company_2311,starter,299,2023-02-13,churned,15,3,SaaS,5.5,20,1,2,0,1,0.2263914928772525,,
cust_2312,Company_2312,starter,299,2023-02-17,active,9,3,Finance,5.0,24,6,5,0,0,0.1370488748136005,73.8,At Risk
cust_2313,Company_2313,starter,299,2023-03-14,active,10,5,Finance,1.6,25,8,0,0,0,0.2761456697395882,95.8,Healthy
cust_2314,Company_2314,starter,299,2023-06-03,active,23,5,Healthcare,2.4,9,4,0,0,0,0.1561199459081833,78.5,Healthy
cust_2315,Company_2315,starter,299,2023-09-08,active,17,2,Ecommerce,1.7,6,7,0,0,0,0.1810563623923849,79.0,Healthy
cust_2316,Company_2316,pro,1999,2023-02-05,active,23,5,Other,9.8,13,1,4,2,0,0.037830314317779,49.5,Critical
cust_2317,Company_2317,growth,799,2023-10-01,active,6,5,SaaS,3.8,5,8,4,1,0,0.1001730145998137,45.0,Critical
cust_2318,Company_2318,growth,799,2023-01-05,active,10,4,Ecommerce,3.5,2,6,1,1,0,0.1021813349241562,63.8,At Risk
cust_2319,Company_2319,starter,299,2023-12-21,active,10,2,Finance,7.4,15,1,0,0,0,0.1019480198641653,68.3,At Risk
cust_2320,Company_2320,growth,799,2023-02-24,active,12,4,Ecommerce,3.3,27,7,3,1,0,0.087071175778732,85.0,Healthy
cust_2321,Company_2321,starter,299,2023-09-03,active,15,2,Other,8.2,18,2,2,0,0,0.1004772857621206,72.0,At Risk
cust_2322,Company_2322,starter,299,2023-07-22,active,5,5,Finance,8.9,20,7,2,0,0,0.1059343554524906,75.4,Healthy
cust_2323,Company_2323,enterprise,4999,2023-06-24,active,2,37,Other,8.0,22,1,0,3,0,0.0529026212030559,59.2,At Risk
cust_2324,Company_2324,starter,299,2023-11-01,active,18,2,Other,0.7,28,4,5,0,0,0.2265311969464826,75.0,Healthy
cust_2325,Company_2325,pro,1999,2023-03-25,active,4,5,Other,4.4,16,5,2,2,0,0.0531403137290382,67.3,At Risk
cust_2326,Company_2326,starter,299,2023-05-31,active,13,5,Other,3.3,24,8,4,0,0,0.1425445607803709,80.0,Healthy
cust_2327,Company_2327,starter,299,2023-03-29,active,18,3,Healthcare,3.6,22,6,4,0,0,0.1559167807166832,80.0,Healthy
cust_2328,Company_2328,starter,299,2023-09-23,churned,24,5,SaaS,2.2,2,8,5,0,1,0.1685556346048803,,
cust_2329,Company_2329,growth,799,2023-10-03,active,20,1,Ecommerce,3.3,17,4,5,1,0,0.0827589738582025,70.5,At Risk
cust_2330,Company_2330,growth,799,2023-08-20,active,3,3,Other,5.5,29,5,2,1,0,0.0746247381913476,71.3,At Risk
cust_2331,Company_2331,pro,1999,2023-05-17,active,7,2,Other,10.0,16,2,0,2,0,0.0469622855322748,68.6,At Risk
cust_2332,Company_2332,starter,299,2023-04-22,churned,21,5,Other,3.7,13,2,0,0,1,0.176315308954501,,
cust_2333,Company_2333,growth,799,2023-11-09,active,16,1,Finance,9.5,10,1,0,1,0,0.0696554699705174,65.0,At Risk
cust_2334,Company_2334,pro,1999,2023-11-13,active,22,5,Ecommerce,8.4,14,8,4,2,0,0.0394666389813965,71.0,At Risk
cust_2335,Company_2335,starter,299,2023-06-11,active,5,4,Healthcare,6.1,7,6,0,0,0,0.0969118145393162,65.9,At Risk
cust_2336,Company_2336,growth,799,2023-12-03,active,11,5,SaaS,7.7,14,1,5,1,0,0.0563811013461749,48.9,Critical
cust_2337,Company_2337,starter,299,2023-03-06,active,22,1,SaaS,6.0,25,2,0,0,0,0.2162260571734581,85.0,Healthy
cust_2338,Company_2338,starter,299,2023-09-30,active,5,4,Finance,1.8,27,6,2,0,0,0.1945373943351198,75.4,Healthy
cust_2339,Company_2339,starter,299,2023-08-07,active,2,5,Finance,8.4,25,2,4,0,0,0.1041560349341872,44.2,Critical
cust_2340,Company_2340,pro,1999,2023-01-22,active,10,2,Finance,2.5,14,4,3,2,0,0.0563075524903376,66.8,At Risk
cust_2341,Company_2341,starter,299,2023-06-25,active,23,5,Healthcare,2.5,24,7,1,0,0,0.2041736124837735,95.0,Healthy
cust_2342,Company_2342,enterprise,4999,2023-02-10,active,7,33,Other,4.3,7,4,2,3,0,0.0541887720316493,55.1,At Risk
cust_2343,Company_2343,starter,299,2023-11-13,active,2,3,Other,3.6,27,7,0,0,0,0.1901621056409574,79.2,Healthy
cust_2344,Company_2344,starter,299,2023-05-30,active,15,1,Finance,8.7,26,7,1,0,0,0.1274261582775963,95.0,Healthy
cust_2345,Company_2345,growth,799,2023-10-18,active,6,1,SaaS,4.1,7,7,5,1,0,0.0829226909540277,48.0,Critical
cust_2346,Company_2346,growth,799,2023-12-04,active,5,2,Healthcare,5.1,14,1,1,1,0,0.0722824784500876,51.4,At Risk
cust_2347,Company_2347,growth,799,2023-08-04,active,21,1,Finance,9.2,9,3,4,1,0,0.0595064539922232,53.5,At Risk
cust_2348,Company_2348,starter,299,2023-05-11,churned,9,4,SaaS,0.8,3,8,2,0,1,0.1699516470795995,,
cust_2349,Company_2349,growth,799,2023-04-15,active,11,3,Healthcare,8.4,1,6,0,1,0,0.0815118038135977,69.4,At Risk
cust_2350,Company_2350,starter,299,2023-12-09,active,18,2,Healthcare,9.8,0,5,1,0,0,0.135705337051445,65.0,At Risk
cust_2351,Company_2351,growth,799,2023-04-17,active,14,5,SaaS,3.0,8,5,3,1,0,0.093309758499503,67.0,At Risk
cust_2352,Company_2352,starter,299,2023-10-24,active,8,2,SaaS,6.0,18,1,3,0,0,0.1356386971912728,53.7,At Risk
cust_2353,Company_2353,growth,799,2023-05-14,active,23,5,SaaS,5.9,5,5,4,1,0,0.0805442970429131,57.5,At Risk
cust_2354,Company_2354,growth,799,2023-05-19,active,11,3,SaaS,8.6,7,6,4,1,0,0.0728311449285697,58.4,At Risk
cust_2355,Company_2355,pro,1999,2023-08-21,active,5,1,Healthcare,3.0,6,1,5,2,0,0.0762629923994817,24.4,Critical
cust_2356,Company_2356,enterprise,4999,2023-10-11,active,18,7,Healthcare,8.5,26,5,5,3,0,0.0289389544252481,80.0,Healthy
cust_2357,Company_2357,pro,1999,2023-01-18,active,7,2,Other,5.3,16,2,4,2,0,0.050617271495212,48.6,Critical
cust_2358,Company_2358,growth,799,2023-10-08,active,16,3,Other,2.6,7,4,3,1,0,0.0975652534866539,60.5,At Risk
cust_2359,Company_2359,starter,299,2023-09-01,churned,15,3,SaaS,2.7,0,1,4,0,1,0.2460828362881031,,
cust_2360,Company_2360,enterprise,4999,2023-06-28,active,7,41,Healthcare,9.7,5,3,3,3,0,0.0415465146503224,42.1,Critical
cust_2361,Company_2361,starter,299,2023-05-16,active,6,3,SaaS,6.7,5,4,0,0,0,0.0873770390324762,60.0,At Risk
cust_2362,Company_2362,growth,799,2023-12-01,active,12,2,SaaS,3.1,8,2,0,1,0,0.0793652125892687,67.0,At Risk
cust_2363,Company_2363,starter,299,2023-12-20,active,16,3,SaaS,5.9,5,5,2,0,0,0.1143203233314872,67.5,At Risk
cust_2364,Company_2364,enterprise,4999,2023-05-03,active,18,4,Other,5.1,19,5,0,3,0,0.0372213364826964,98.5,Healthy
cust_2365,Company_2365,enterprise,4999,2023-03-15,active,5,35,Healthcare,0.8,23,8,1,3,0,0.0674945863707727,80.4,Healthy
cust_2366,Company_2366,pro,1999,2023-05-11,active,19,2,Ecommerce,4.0,15,5,1,2,0,0.0444510063383727,87.5,Healthy
cust_2367,Company_2367,starter,299,2023-01-08,active,9,2,Ecommerce,4.5,3,1,0,0,0,0.1386643525218495,48.3,Critical
cust_2368,Company_2368,starter,299,2023-07-15,active,17,4,Ecommerce,1.0,0,3,4,0,0,0.1441172264159668,40.0,Critical
cust_2369,Company_2369,starter,299,2023-12-22,active,21,2,SaaS,0.8,10,4,3,0,0,0.1429637673482789,65.0,At Risk
cust_2370,Company_2370,pro,1999,2023-08-01,active,24,5,Finance,2.4,30,1,0,2,0,0.0342014026965409,80.0,Healthy
cust_2371,Company_2371,starter,299,2023-09-01,active,20,1,SaaS,5.2,4,6,4,0,0,0.1182306487826202,56.0,At Risk
cust_2372,Company_2372,enterprise,4999,2023-01-14,active,15,30,SaaS,2.3,24,1,5,3,0,0.0351726529959457,60.0,At Risk
cust_2373,Company_2373,growth,799,2023-03-24,active,3,5,Healthcare,5.9,23,8,0,1,0,0.091059044828908,81.3,Healthy
cust_2374,Company_2374,growth,799,2023-09-11,active,5,1,Finance,3.5,29,5,5,1,0,0.0865115006511292,65.4,At Risk
cust_2375,Company_2375,growth,799,2023-02-27,active,16,2,Other,8.2,30,2,3,1,0,0.0519686155263919,70.0,At Risk
cust_2376,Company_2376,pro,1999,2023-08-21,active,9,4,SaaS,9.8,4,4,2,2,0,0.0528985505682306,54.8,At Risk
cust_2377,Company_2377,starter,299,2023-03-09,active,6,1,Healthcare,0.6,10,3,1,0,0,0.1486643638640397,57.5,At Risk
cust_2378,Company_2378,enterprise,4999,2023-05-19,active,3,47,SaaS,6.0,9,8,3,3,0,0.0544797268254336,49.8,Critical
cust_2379,Company_2379,pro,1999,2023-07-12,churned,20,2,Healthcare,6.6,11,6,0,2,1,0.0734758737790332,,
cust_2380,Company_2380,starter,299,2023-03-08,active,16,4,Other,8.3,23,1,5,0,0,0.1389694811247624,60.0,At Risk
cust_2381,Company_2381,starter,299,2023-06-26,active,23,5,Finance,1.6,1,3,0,0,0,0.1442848986119149,61.5,At Risk
cust_2382,Company_2382,starter,299,2023-12-08,active,4,5,Other,9.3,2,3,3,0,0,0.1108462379704035,31.3,Critical
cust_2383,Company_2383,growth,799,2023-07-27,active,23,5,Other,8.9,8,8,4,1,0,0.0651745060302465,62.0,At Risk
cust_2384,Company_2384,growth,799,2023-09-21,active,22,2,Healthcare,4.1,1,1,4,1,0,0.0904377009267679,31.5,Critical
cust_2385,Company_2385,growth,799,2023-06-09,active,15,5,Ecommerce,4.7,21,2,4,1,0,0.0705134309752164,65.0,At Risk
cust_2386,Company_2386,starter,299,2023-01-17,active,16,5,Ecommerce,1.3,9,1,0,0,0,0.1478485795539443,63.5,At Risk
cust_2387,Company_2387,growth,799,2023-09-28,active,7,2,Ecommerce,8.0,7,5,4,1,0,0.0654170223994999,50.1,At Risk
cust_2388,Company_2388,starter,299,2023-08-12,active,9,1,Other,2.0,7,7,2,0,0,0.1346276994725012,64.3,At Risk
cust_2389,Company_2389,starter,299,2023-04-06,active,5,1,Ecommerce,1.1,5,4,5,0,0,0.1500289333398277,37.9,Critical
cust_2390,Company_2390,pro,1999,2023-12-18,active,24,1,Finance,9.1,0,4,1,2,0,0.0636072846668232,60.0,At Risk
cust_2391,Company_2391,starter,299,2023-01-11,active,1,4,Ecommerce,8.0,23,7,3,0,0,0.0914847126762178,62.1,At Risk
cust_2392,Company_2392,starter,299,2023-02-26,churned,20,5,Other,5.9,24,2,0,0,1,0.2280150386716167,,
cust_2393,Company_2393,starter,299,2023-07-27,churned,1,1,Healthcare,5.9,23,3,1,0,1,0.1725907029839722,,
cust_2394,Company_2394,starter,299,2023-09-11,active,7,5,Other,9.5,18,8,5,0,0,0.099626017164162,66.6,At Risk
cust_2395,Company_2395,pro,1999,2023-01-23,churned,13,3,Finance,5.7,26,2,4,2,1,0.0583941002129863,,
cust_2396,Company_2396,growth,799,2023-05-13,active,13,1,SaaS,9.3,26,5,5,1,0,0.0561695974127895,80.0,Healthy
cust_2397,Company_2397,starter,299,2023-08-11,active,4,2,Healthcare,1.3,3,2,2,0,0,0.1312640691929837,32.8,Critical
cust_2398,Company_2398,starter,299,2023-11-06,active,18,3,Finance,5.3,24,5,1,0,0,0.1634865727069534,95.0,Healthy
cust_2399,Company_2399,enterprise,4999,2023-04-07,active,21,43,SaaS,1.1,6,6,1,3,0,0.0393438177575338,74.0,At Risk
cust_2400,Company_2400,starter,299,2023-07-30,active,1,4,Other,6.3,8,5,4,0,0,0.0802510459931825,39.1,Critical
cust_2401,Company_2401,pro,1999,2023-05-20,active,13,2,SaaS,1.4,17,3,2,2,0,0.0522017841202055,75.5,Healthy
cust_2402,Company_2402,pro,1999,2023-01-09,active,5,5,SaaS,7.0,4,3,5,2,0,0.0651629670301945,31.4,Critical
cust_2403,Company_2403,starter,299,2023-08-17,active,20,3,SaaS,1.9,28,7,1,0,0,0.2036061027092343,95.0,Healthy
cust_2404,Company_2404,starter,299,2023-06-27,active,17,4,Finance,7.0,28,3,3,0,0,0.1025447788350533,75.0,Healthy
cust_2405,Company_2405,starter,299,2023-07-03,active,21,4,Finance,2.0,29,4,2,0,0,0.1885596180037203,85.0,Healthy
cust_2406,Company_2406,enterprise,4999,2023-01-09,active,1,11,Other,1.4,24,3,4,3,0,0.0708214796077296,47.1,Critical
cust_2407,Company_2407,pro,1999,2023-02-24,active,18,4,SaaS,6.5,25,6,2,2,0,0.0532147041510971,90.0,Healthy
cust_2408,Company_2408,growth,799,2023-05-27,active,22,4,SaaS,8.9,1,8,4,1,0,0.068669912706993,51.5,At Risk
cust_2409,Company_2409,starter,299,2023-01-29,active,9,1,SaaS,1.3,17,4,4,0,0,0.180251706047856,64.3,At Risk
cust_2410,Company_2410,starter,299,2023-02-14,churned,1,2,Ecommerce,9.8,4,7,0,0,1,0.1687153399358075,,
cust_2411,Company_2411,starter,299,2023-03-06,active,1,3,Other,7.3,0,8,5,0,0,0.1591477102331189,27.1,Critical
cust_2412,Company_2412,growth,799,2023-06-16,active,8,3,Finance,4.1,1,5,5,1,0,0.087989231634147,43.2,Critical
cust_2413,Company_2413,starter,299,2023-03-15,active,15,2,Finance,4.1,30,1,0,0,0,0.2110859929792785,80.0,Healthy
cust_2414,Company_2414,growth,799,2023-06-20,churned,8,4,Ecommerce,9.7,9,8,1,1,1,0.0651958271895723,,
cust_2415,Company_2415,starter,299,2023-06-29,active,18,1,Healthcare,10.0,17,3,1,0,0,0.1422270670251425,80.5,Healthy
cust_2416,Company_2416,enterprise,4999,2023-02-21,active,24,30,Ecommerce,4.2,0,7,3,3,0,0.0358672313134995,55.0,At Risk
cust_2417,Company_2417,pro,1999,2023-07-18,active,12,4,Ecommerce,8.6,8,2,4,2,0,0.0429093858287411,47.0,Critical
cust_2418,Company_2418,pro,1999,2023-07-29,active,18,3,Other,3.3,14,2,5,2,0,0.0468131627126701,56.0,At Risk
cust_2419,Company_2419,starter,299,2023-01-31,active,21,1,SaaS,4.4,29,2,4,0,0,0.1697069560070331,65.0,At Risk
cust_2420,Company_2420,starter,299,2023-10-17,active,16,2,Ecommerce,2.7,27,5,1,0,0,0.1799527584981269,95.0,Healthy
cust_2421,Company_2421,starter,299,2023-06-07,active,24,4,Other,1.9,3,3,0,0,0,0.1407039267832683,64.5,At Risk
cust_2422,Company_2422,starter,299,2023-11-23,active,14,5,Finance,2.1,8,3,0,0,0,0.1416229402284486,72.0,At Risk
cust_2423,Company_2423,enterprise,4999,2023-12-04,active,23,19,SaaS,7.8,3,8,1,3,0,0.0390482891596525,69.5,At Risk
cust_2424,Company_2424,growth,799,2023-02-11,active,17,2,SaaS,8.6,13,4,2,1,0,0.0704931189329938,74.5,At Risk
cust_2425,Company_2425,starter,299,2023-12-13,active,19,5,Other,8.2,23,2,4,0,0,0.1065678797280455,65.0,At Risk
cust_2426,Company_2426,growth,799,2023-10-28,active,14,4,Healthcare,3.0,24,1,2,1,0,0.0770985750254497,70.0,At Risk
cust_2427,Company_2427,pro,1999,2023-02-21,active,2,2,Finance,3.5,21,5,0,2,0,0.0546773020804104,79.2,Healthy
cust_2428,Company_2428,pro,1999,2023-04-06,active,8,1,Healthcare,1.0,19,7,0,2,0,0.0518133091773512,90.2,Healthy
cust_2429,Company_2429,pro,1999,2023-05-03,active,16,5,Healthcare,1.0,1,4,1,2,0,0.0507431638849816,61.5,At Risk
cust_2430,Company_2430,starter,299,2023-12-24,churned,7,4,Other,8.4,19,1,0,0,1,0.1356450570230867,,
cust_2431,Company_2431,starter,299,2023-05-22,active,2,2,Finance,9.2,15,2,1,0,0,0.0948829949980294,51.7,At Risk
cust_2432,Company_2432,starter,299,2023-12-20,active,16,5,Healthcare,7.7,17,7,0,0,0,0.1213811140518121,95.5,Healthy
cust_2433,Company_2433,pro,1999,2023-02-23,active,21,2,Finance,7.0,19,1,5,2,0,0.0488473710818623,58.5,At Risk
cust_2434,Company_2434,growth,799,2023-02-20,active,19,4,Other,3.6,11,1,5,1,0,0.0975997239597122,46.5,Critical
cust_2435,Company_2435,starter,299,2023-04-16,active,15,3,Other,2.1,3,1,3,0,0,0.1484521872935569,39.5,Critical
cust_2436,Company_2436,enterprise,4999,2023-10-13,active,17,29,Other,7.6,15,3,3,3,0,0.0355591285540182,67.5,At Risk
cust_2437,Company_2437,growth,799,2023-01-29,active,23,1,Healthcare,1.5,0,2,4,1,0,0.1034445264987391,35.0,Critical
cust_2438,Company_2438,growth,799,2023-03-21,active,5,5,Other,6.5,12,5,3,1,0,0.079231465094799,58.4,At Risk
cust_2439,Company_2439,growth,799,2023-03-03,active,18,3,Ecommerce,0.9,28,7,4,1,0,0.0981830430747306,80.0,Healthy
cust_2440,Company_2440,pro,1999,2023-01-04,active,6,5,SaaS,6.9,22,6,2,2,0,0.0468813557606804,77.5,Healthy
cust_2441,Company_2441,growth,799,2023-09-14,churned,2,3,Finance,2.3,24,3,1,1,1,0.1115979151903641,,
cust_2442,Company_2442,pro,1999,2023-04-06,active,6,1,Healthcare,6.1,25,7,4,2,0,0.048521781235518,67.5,At Risk
cust_2443,Company_2443,growth,799,2023-07-15,active,18,4,Finance,4.3,15,1,3,1,0,0.0666718833353925,57.5,At Risk
cust_2444,Company_2444,pro,1999,2023-12-16,active,22,4,Other,7.1,7,6,5,2,0,0.0645430616407634,60.5,At Risk
cust_2445,Company_2445,pro,1999,2023-03-14,active,3,1,Healthcare,9.0,26,3,3,2,0,0.0532497128510282,56.3,At Risk
cust_2446,Company_2446,starter,299,2023-09-03,active,1,3,SaaS,9.8,30,5,1,0,0,0.0970746435052085,72.1,At Risk
cust_2447,Company_2447,starter,299,2023-04-19,active,23,1,Other,5.6,7,3,2,0,0,0.1194992171600888,60.5,At Risk
cust_2448,Company_2448,growth,799,2023-05-30,churned,17,1,SaaS,3.4,3,7,4,1,1,0.1152832339436986,,
cust_2449,Company_2449,pro,1999,2023-02-08,active,1,2,SaaS,1.9,11,2,3,2,0,0.0779206336586061,33.6,Critical
cust_2450,Company_2450,growth,799,2023-07-06,active,23,4,Finance,4.3,25,4,1,1,0,0.0876151261004243,90.0,Healthy
cust_2451,Company_2451,growth,799,2023-11-11,active,11,5,SaaS,1.4,10,1,0,1,0,0.1053008825222113,62.9,At Risk
cust_2452,Company_2452,pro,1999,2023-05-22,active,16,2,Healthcare,5.3,25,7,0,2,0,0.0414910501189837,100.0,Healthy
cust_2453,Company_2453,starter,299,2023-05-07,active,18,1,Ecommerce,5.7,2,8,3,0,0,0.1127096037056945,58.0,At Risk
cust_2454,Company_2454,starter,299,2023-02-20,active,5,3,Other,5.2,3,6,2,0,0,0.1206947261766474,49.9,Critical
cust_2455,Company_2455,starter,299,2023-07-12,churned,21,5,Healthcare,2.0,23,7,0,0,1,0.2765175115512234,,
cust_2456,Company_2456,starter,299,2023-05-30,active,14,3,Finance,4.5,14,8,1,0,0,0.1186776756783547,86.0,Healthy
cust_2457,Company_2457,starter,299,2023-02-03,churned,15,4,Ecommerce,1.1,16,8,0,0,1,0.2688391474799632,,
cust_2458,Company_2458,starter,299,2023-05-15,active,21,2,Healthcare,6.8,1,4,0,0,0,0.091616105982221,66.5,At Risk
cust_2459,Company_2459,growth,799,2023-06-07,active,8,2,Healthcare,3.3,2,5,4,1,0,0.1083798488184026,44.7,Critical
cust_2460,Company_2460,pro,1999,2023-12-28,active,15,4,SaaS,2.0,5,6,2,2,0,0.07142501205174,67.5,At Risk
cust_2461,Company_2461,pro,1999,2023-07-21,active,22,2,Healthcare,2.3,16,5,0,2,0,0.0489770454362475,94.0,Healthy
cust_2462,Company_2462,growth,799,2023-08-08,active,9,4,Healthcare,7.0,4,8,0,1,0,0.0852114002227567,69.8,At Risk
cust_2463,Company_2463,pro,1999,2023-12-28,active,7,2,Other,9.7,12,8,3,2,0,0.0450763055175706,62.6,At Risk
cust_2464,Company_2464,growth,799,2023-07-03,active,20,5,Healthcare,7.4,26,8,4,1,0,0.0566660008659004,80.0,Healthy
cust_2465,Company_2465,starter,299,2023-12-10,churned,23,3,Other,9.2,16,7,4,0,1,0.1392243316689251,,
cust_2466,Company_2466,growth,799,2023-04-01,active,2,3,Ecommerce,3.0,11,1,5,1,0,0.1036312934357217,25.7,Critical
cust_2467,Company_2467,growth,799,2023-11-06,active,5,5,Healthcare,7.6,30,6,4,1,0,0.0553915297708051,65.4,At Risk
cust_2468,Company_2468,pro,1999,2023-08-08,active,9,3,Ecommerce,7.0,23,6,3,2,0,0.043997792966446,78.8,Healthy
cust_2469,Company_2469,growth,799,2023-08-31,active,17,4,Healthcare,7.3,11,5,1,1,0,0.0765132912083996,81.5,Healthy
cust_2470,Company_2470,growth,799,2023-02-09,active,19,1,Ecommerce,8.4,16,5,1,1,0,0.0665492575987515,89.0,Healthy
cust_2471,Company_2471,pro,1999,2023-09-02,active,7,2,Healthcare,7.4,5,1,5,2,0,0.047779614563915,27.1,Critical
cust_2472,Company_2472,starter,299,2023-11-26,active,5,1,SaaS,8.4,26,6,5,0,0,0.1092403337539994,65.4,At Risk
cust_2473,Company_2473,pro,1999,2023-08-07,active,20,4,SaaS,4.5,1,5,1,2,0,0.0436747349117628,66.5,At Risk
cust_2474,Company_2474,growth,799,2023-10-06,active,12,3,Other,4.3,17,4,0,1,0,0.0806178525882219,90.5,Healthy
cust_2475,Company_2475,starter,299,2023-02-23,active,14,1,Ecommerce,6.1,25,3,1,0,0,0.1393553505281516,85.0,Healthy
cust_2476,Company_2476,starter,299,2023-04-03,active,24,5,Other,0.6,28,5,1,0,0,0.2005784082674505,95.0,Healthy
cust_2477,Company_2477,growth,799,2023-05-18,active,16,1,Healthcare,5.7,27,2,3,1,0,0.0734579434294244,70.0,At Risk
cust_2478,Company_2478,growth,799,2023-01-10,active,7,1,Healthcare,9.3,14,1,2,1,0,0.0630070037687326,50.6,At Risk
cust_2479,Company_2479,growth,799,2023-01-17,active,10,2,Ecommerce,4.4,14,3,2,1,0,0.0714613015363939,66.8,At Risk
cust_2480,Company_2480,enterprise,4999,2023-07-12,active,19,8,Healthcare,2.0,8,8,3,3,0,0.0445876125039242,67.0,At Risk
cust_2481,Company_2481,enterprise,4999,2023-10-12,active,1,37,SaaS,7.5,24,6,2,3,0,0.0543207904526563,67.1,At Risk
cust_2482,Company_2482,starter,299,2023-06-29,active,20,5,Finance,1.5,19,4,5,0,0,0.1945256753243387,73.5,At Risk
cust_2483,Company_2483,growth,799,2023-03-07,active,15,4,Ecommerce,5.6,2,3,4,1,0,0.0792381118609433,43.0,Critical
cust_2484,Company_2484,starter,299,2023-07-18,active,8,1,Finance,9.8,18,7,0,0,0,0.1179190982886946,88.7,Healthy
cust_2485,Company_2485,starter,299,2023-08-09,active,23,4,Finance,8.3,14,3,4,0,0,0.0873769554078019,61.0,At Risk
cust_2486,Company_2486,growth,799,2023-07-02,active,7,3,Other,7.6,18,6,0,1,0,0.0745915890154236,86.6,Healthy
cust_2487,Company_2487,growth,799,2023-01-01,active,17,4,Finance,8.3,13,8,2,1,0,0.065526018987951,79.5,Healthy
cust_2488,Company_2488,pro,1999,2023-01-12,churned,6,1,SaaS,5.9,26,3,4,2,1,0.0804913328507167,,
cust_2489,Company_2489,starter,299,2023-04-06,active,3,3,Ecommerce,6.4,8,5,4,0,0,0.0808604568339346,43.3,Critical
cust_2490,Company_2490,growth,799,2023-01-18,active,19,2,Finance,9.6,7,4,1,1,0,0.0678676878607201,70.5,At Risk
cust_2491,Company_2491,starter,299,2023-03-27,active,8,1,Ecommerce,8.2,28,6,2,0,0,0.0982168593024503,81.7,Healthy
cust_2492,Company_2492,pro,1999,2023-01-31,active,4,2,Finance,3.2,25,1,1,2,0,0.0515676270604461,58.3,At Risk
cust_2493,Company_2493,pro,1999,2023-10-25,active,17,5,Finance,7.1,6,4,1,2,0,0.0653980252985341,69.0,At Risk
cust_2494,Company_2494,starter,299,2023-03-25,active,10,4,Ecommerce,6.1,4,1,4,0,0,0.1100566721231938,31.8,Critical
cust_2495,Company_2495,starter,299,2023-10-16,active,24,2,SaaS,1.7,30,5,2,0,0,0.2117436410667533,90.0,Healthy
cust_2496,Company_2496,starter,299,2023-10-24,active,2,3,Other,4.2,29,3,0,0,0,0.1698456981631947,69.2,At Risk
cust_2497,Company_2497,starter,299,2023-05-05,active,16,1,Healthcare,4.9,18,6,2,0,0,0.1425490684460794,87.0,Healthy
cust_2498,Company_2498,starter,299,2023-01-08,active,13,3,SaaS,5.9,28,8,2,0,0,0.1618678998096141,90.0,Healthy
cust_2499,Company_2499,growth,799,2023-02-20,active,19,4,Healthcare,1.2,7,2,3,1,0,0.1066059452106111,50.5,At Risk
cust_2500,Company_2500,starter,299,2023-07-25,active,5,3,Healthcare,3.5,21,7,2,0,0,0.1411118678613265,75.4,Healthy
cust_2501,Company_2501,starter,299,2023-03-14,churned,23,5,Healthcare,1.6,25,4,0,0,1,0.3569190145372269,,
cust_2502,Company_2502,starter,299,2023-10-31,active,6,5,Finance,3.5,4,5,0,0,0,0.1203220164185011,63.5,At Risk
cust_2503,Company_2503,starter,299,2023-12-28,churned,4,2,Finance,3.9,10,2,2,0,1,0.1267657806163366,,
cust_2504,Company_2504,starter,299,2023-03-13,active,4,1,Finance,2.8,26,1,4,0,0,0.2024702616014023,43.3,Critical
cust_2505,Company_2505,pro,1999,2023-09-06,active,19,2,Finance,4.9,4,6,5,2,0,0.0615314455390637,56.0,At Risk
cust_2506,Company_2506,pro,1999,2023-03-09,active,5,5,Other,2.7,26,5,5,2,0,0.0604668867569371,65.4,At Risk
cust_2507,Company_2507,pro,1999,2023-06-14,active,23,1,Other,2.2,29,1,2,2,0,0.0434488594891216,70.0,At Risk
cust_2508,Company_2508,pro,1999,2023-09-05,churned,16,4,Healthcare,8.4,6,4,1,2,1,0.0649253405236292,,
cust_2509,Company_2509,pro,1999,2023-10-29,active,19,4,Finance,1.4,27,1,1,2,0,0.0351620826088128,75.0,Healthy
cust_2510,Company_2510,starter,299,2023-10-05,active,22,4,Finance,1.0,16,6,5,0,0,0.1919049248985509,74.0,At Risk
cust_2511,Company_2511,growth,799,2023-07-03,active,24,2,Other,2.1,24,6,5,1,0,0.0945572276610757,80.0,Healthy
cust_2512,Company_2512,growth,799,2023-09-02,active,5,2,SaaS,7.5,8,7,3,1,0,0.0804797968717804,52.4,At Risk
cust_2513,Company_2513,starter,299,2023-10-27,active,6,2,Finance,7.5,2,7,1,0,0,0.0976668800639973,55.5,At Risk
cust_2514,Company_2514,growth,799,2023-03-30,active,6,1,SaaS,5.6,11,7,1,1,0,0.0870523317418221,69.0,At Risk
cust_2515,Company_2515,pro,1999,2023-06-03,active,15,4,Ecommerce,6.1,8,3,5,2,0,0.0577318999239601,52.0,At Risk
cust_2516,Company_2516,starter,299,2023-03-28,active,6,3,SaaS,3.2,18,3,4,0,0,0.1476342051317724,54.5,At Risk
cust_2517,Company_2517,starter,299,2023-01-07,active,20,4,Healthcare,2.1,22,8,0,0,0,0.2585490891136526,100.0,Healthy
cust_2518,Company_2518,starter,299,2023-07-24,active,1,3,SaaS,9.6,11,7,1,0,0,0.1147076338352931,58.6,At Risk
cust_2519,Company_2519,starter,299,2023-09-02,active,10,1,Ecommerce,6.3,1,2,4,0,0,0.1134661745586452,32.3,Critical
cust_2520,Company_2520,starter,299,2023-07-09,active,7,2,Ecommerce,2.0,26,8,0,0,0,0.2241765340283393,89.6,Healthy
cust_2521,Company_2521,starter,299,2023-10-31,active,8,1,SaaS,4.5,0,3,3,0,0,0.1303859869836117,36.7,Critical
cust_2522,Company_2522,growth,799,2023-01-20,active,11,4,SaaS,9.3,23,7,0,1,0,0.0725321966399554,97.9,Healthy
cust_2523,Company_2523,growth,799,2023-08-12,active,5,2,Other,7.3,11,1,0,1,0,0.0707029063489122,51.9,At Risk
cust_2524,Company_2524,growth,799,2023-04-27,active,15,3,Healthcare,1.4,26,7,5,1,0,0.0930844814824264,80.0,Healthy
cust_2525,Company_2525,starter,299,2023-04-25,churned,22,2,Healthcare,1.6,20,5,2,0,1,0.2196130322959511,,
cust_2526,Company_2526,pro,1999,2023-08-11,active,10,2,SaaS,4.2,8,5,0,2,0,0.0415044506081634,77.8,Healthy
cust_2527,Company_2527,enterprise,4999,2023-04-11,active,15,31,Healthcare,5.5,15,7,0,3,0,0.0329806287090194,92.5,Healthy
cust_2528,Company_2528,growth,799,2023-12-21,active,7,5,Finance,2.2,1,5,3,1,0,0.110849916174517,46.1,Critical
cust_2529,Company_2529,pro,1999,2023-08-31,active,11,1,Other,5.7,0,2,3,2,0,0.0441154492944439,37.9,Critical
cust_2530,Company_2530,growth,799,2023-10-17,active,7,2,SaaS,8.9,9,4,3,1,0,0.0692585046056362,53.1,At Risk
cust_2531,Company_2531,starter,299,2023-05-17,active,3,2,Ecommerce,3.1,13,6,1,0,0,0.1289843450324708,65.8,At Risk
cust_2532,Company_2532,growth,799,2023-07-19,active,19,5,SaaS,2.1,27,5,4,1,0,0.0952525814103867,80.0,Healthy
cust_2533,Company_2533,starter,299,2023-04-26,active,13,2,Healthcare,5.8,1,5,5,0,0,0.1383488932923783,51.5,At Risk
cust_2534,Company_2534,growth,799,2023-04-12,active,17,3,SaaS,6.7,30,1,4,1,0,0.0582226490024165,60.0,At Risk
cust_2535,Company_2535,starter,299,2023-09-14,active,11,3,Healthcare,7.5,8,3,0,0,0,0.0739504716112375,69.9,At Risk
cust_2536,Company_2536,starter,299,2023-05-23,active,8,5,Other,0.7,25,1,4,0,0,0.2333839732439892,51.7,At Risk
cust_2537,Company_2537,pro,1999,2023-09-02,active,18,4,SaaS,3.4,27,7,5,2,0,0.0469172016052038,80.0,Healthy
cust_2538,Company_2538,starter,299,2023-04-24,active,15,5,Finance,3.1,14,1,3,0,0,0.1559218526906793,56.0,At Risk
cust_2539,Company_2539,pro,1999,2023-02-12,active,18,3,Healthcare,2.9,13,8,1,2,0,0.0491123664873907,84.5,Healthy
cust_2540,Company_2540,growth,799,2023-07-18,active,8,1,Finance,6.8,28,2,4,1,0,0.0629481276942112,56.7,At Risk
cust_2541,Company_2541,starter,299,2023-09-22,active,24,1,SaaS,1.9,15,3,4,0,0,0.1343805217415632,62.5,At Risk
cust_2542,Company_2542,pro,1999,2023-01-06,active,17,1,Healthcare,6.7,26,7,0,2,0,0.047464055852656,100.0,Healthy
cust_2543,Company_2543,starter,299,2023-05-01,active,12,4,SaaS,3.7,1,4,5,0,0,0.1516262694462563,46.5,Critical
cust_2544,Company_2544,starter,299,2023-05-17,active,14,2,Ecommerce,0.8,15,8,5,0,0,0.1674137476785652,72.5,At Risk
cust_2545,Company_2545,starter,299,2023-07-27,active,16,1,Other,9.4,5,3,3,0,0,0.0849312055390145,52.5,At Risk
cust_2546,Company_2546,growth,799,2023-09-01,active,19,1,Other,0.7,16,8,4,1,0,0.1042152303725109,74.0,At Risk
cust_2547,Company_2547,growth,799,2023-08-09,active,11,3,Other,8.2,1,7,3,1,0,0.0745492519908159,54.4,At Risk
cust_2548,Company_2548,pro,1999,2023-10-21,active,14,2,Other,7.1,27,8,3,2,0,0.0405640706644459,85.0,Healthy
cust_2549,Company_2549,starter,299,2023-06-11,active,21,1,Finance,5.9,4,2,5,0,0,0.1423339715855162,41.0,Critical
cust_2550,Company_2550,growth,799,2023-05-15,active,21,4,SaaS,5.7,12,8,0,1,0,0.0758108285085634,88.0,Healthy
cust_2551,Company_2551,growth,799,2023-04-16,active,6,1,Healthcare,7.7,18,1,3,1,0,0.052253580879321,49.5,Critical
cust_2552,Company_2552,starter,299,2023-10-25,active,19,5,Other,1.3,18,3,3,0,0,0.1850987395449119,72.0,At Risk
cust_2553,Company_2553,starter,299,2023-03-20,active,14,2,Ecommerce,4.9,14,1,4,0,0,0.1426555100100609,51.0,At Risk
cust_2554,Company_2554,growth,799,2023-06-07,active,20,4,Other,3.3,0,4,5,1,0,0.1216479456340017,45.0,Critical
cust_2555,Company_2555,growth,799,2023-10-02,active,22,2,SaaS,6.9,7,6,2,1,0,0.0854915176108463,70.5,At Risk
cust_2556,Company_2556,growth,799,2023-11-24,active,20,1,Finance,3.9,18,7,3,1,0,0.0748081553803464,82.0,Healthy
cust_2557,Company_2557,starter,299,2023-07-14,active,20,5,Finance,8.3,14,4,0,0,0,0.0982211595272413,86.0,Healthy
cust_2558,Company_2558,starter,299,2023-11-07,active,17,3,Ecommerce,5.8,16,5,5,0,0,0.1365834846259387,74.0,At Risk
cust_2559,Company_2559,pro,1999,2023-01-28,active,23,1,Healthcare,7.4,3,7,3,2,0,0.0563228224064771,59.5,At Risk
cust_2560,Company_2560,growth,799,2023-01-03,active,13,3,Ecommerce,6.9,10,1,0,1,0,0.0690428080937522,65.0,At Risk
cust_2561,Company_2561,starter,299,2023-05-10,active,19,2,Other,1.4,0,4,3,0,0,0.1294126500687503,50.0,At Risk
cust_2562,Company_2562,pro,1999,2023-02-28,active,16,5,Ecommerce,4.4,9,1,3,2,0,0.041092379477998,48.5,Critical
cust_2563,Company_2563,pro,1999,2023-04-15,active,1,5,SaaS,5.4,28,2,3,2,0,0.074860842162583,47.1,Critical
cust_2564,Company_2564,starter,299,2023-03-18,active,17,4,Other,2.2,27,5,2,0,0,0.1785753867952645,90.0,Healthy
cust_2565,Company_2565,pro,1999,2023-06-17,active,1,1,Healthcare,1.9,16,6,4,2,0,0.1096874199897734,51.1,At Risk
cust_2566,Company_2566,starter,299,2023-11-28,active,15,1,SaaS,4.5,0,7,4,0,0,0.1416923160080418,50.0,At Risk
cust_2567,Company_2567,growth,799,2023-11-04,active,13,2,Healthcare,4.4,4,1,4,1,0,0.0814661464024295,36.0,Critical
cust_2568,Company_2568,starter,299,2023-03-10,active,1,1,Healthcare,1.0,24,3,3,0,0,0.192270781637928,52.1,At Risk
cust_2569,Company_2569,starter,299,2023-05-16,active,9,3,Other,4.1,20,3,5,0,0,0.1543704042631571,63.8,At Risk
cust_2570,Company_2570,starter,299,2023-09-25,active,22,4,SaaS,1.3,0,5,5,0,0,0.1497399744469346,50.0,At Risk
cust_2571,Company_2571,enterprise,4999,2023-03-15,active,10,24,Ecommerce,4.4,0,2,1,3,0,0.0296654502748178,45.8,Critical
cust_2572,Company_2572,enterprise,4999,2023-08-23,active,12,12,Other,9.1,18,8,3,3,0,0.0381071979645828,82.0,Healthy
cust_2573,Company_2573,pro,1999,2023-12-27,active,2,4,Healthcare,0.5,29,5,1,2,0,0.0693551509047246,74.2,At Risk
cust_2574,Company_2574,starter,299,2023-03-10,active,23,3,Finance,2.6,24,7,2,0,0,0.1807827717949417,90.0,Healthy
cust_2575,Company_2575,growth,799,2023-02-10,active,23,4,Finance,7.9,8,1,1,1,0,0.0580109169184762,57.0,At Risk
cust_2576,Company_2576,pro,1999,2023-12-26,active,9,5,Other,1.9,11,8,3,2,0,0.0635272405849597,65.3,At Risk
cust_2577,Company_2577,starter,299,2023-07-09,active,9,4,Healthcare,1.9,6,3,1,0,0,0.1501257849508092,57.8,At Risk
cust_2578,Company_2578,growth,799,2023-07-15,active,13,5,Other,9.7,13,5,4,1,0,0.0539487501671378,69.5,At Risk
cust_2579,Company_2579,starter,299,2023-07-10,active,19,4,Ecommerce,1.8,1,5,1,0,0,0.1289068937998773,66.5,At Risk
cust_2580,Company_2580,growth,799,2023-07-18,active,6,4,Other,6.4,0,7,3,1,0,0.100960038186338,42.5,Critical
cust_2581,Company_2581,starter,299,2023-08-21,active,19,2,Ecommerce,9.0,12,3,4,0,0,0.0957073394336374,58.0,At Risk
cust_2582,Company_2582,enterprise,4999,2023-11-05,active,24,14,Finance,7.6,23,8,3,3,0,0.0382831291745498,85.0,Healthy
cust_2583,Company_2583,growth,799,2023-08-26,active,23,5,Ecommerce,4.0,24,7,0,1,0,0.0792122956916926,100.0,Healthy
cust_2584,Company_2584,starter,299,2023-05-07,active,9,1,Other,9.5,25,5,4,0,0,0.0941841197495379,73.8,At Risk
cust_2585,Company_2585,pro,1999,2023-02-18,active,11,5,Ecommerce,9.8,19,2,1,2,0,0.0372673603961265,76.4,Healthy
cust_2586,Company_2586,enterprise,4999,2023-07-26,churned,1,5,Finance,3.3,20,8,3,3,1,0.1750588371237505,,
cust_2587,Company_2587,starter,299,2023-11-12,active,24,1,Finance,7.5,21,4,0,0,0,0.1625640917926834,95.0,Healthy
cust_2588,Company_2588,pro,1999,2023-10-16,active,3,1,SaaS,2.4,25,8,2,2,0,0.0610805295088893,71.3,At Risk
cust_2589,Company_2589,starter,299,2023-11-22,active,18,1,Other,6.3,13,6,5,0,0,0.1013432497125061,69.5,At Risk
cust_2590,Company_2590,starter,299,2023-03-23,active,24,2,Finance,9.1,10,3,0,0,0,0.0915182131082719,75.0,Healthy
cust_2591,Company_2591,growth,799,2023-04-30,active,11,1,Other,9.4,13,7,4,1,0,0.0587854198537352,67.4,At Risk
cust_2592,Company_2592,enterprise,4999,2023-02-22,active,20,36,Other,4.3,29,1,5,3,0,0.0565852122582115,60.0,At Risk
cust_2593,Company_2593,enterprise,4999,2023-07-09,active,13,1,SaaS,5.0,11,4,5,3,0,0.0685292683811627,61.5,At Risk
cust_2594,Company_2594,enterprise,4999,2023-08-18,active,20,7,Other,4.6,10,8,1,3,0,0.0369380665007648,80.0,Healthy
cust_2595,Company_2595,pro,1999,2023-11-30,active,24,3,SaaS,3.4,25,5,3,2,0,0.046426166964175,85.0,Healthy
cust_2596,Company_2596,starter,299,2023-12-30,active,6,1,Ecommerce,5.1,19,6,3,0,0,0.1360507838659743,71.0,At Risk
cust_2597,Company_2597,starter,299,2023-01-27,active,16,2,Ecommerce,1.2,11,1,1,0,0,0.1658432558049461,61.5,At Risk
cust_2598,Company_2598,growth,799,2023-10-22,active,22,1,Ecommerce,7.1,26,2,4,1,0,0.0588374359445317,65.0,At Risk
cust_2599,Company_2599,starter,299,2023-09-05,active,7,1,Ecommerce,3.3,5,5,2,0,0,0.1205784126823651,57.1,At Risk
cust_2600,Company_2600,starter,299,2023-08-18,active,10,1,Finance,5.2,0,8,5,0,0,0.1475813532709215,45.8,Critical
cust_2601,Company_2601,enterprise,4999,2023-08-01,active,5,21,SaaS,9.3,28,1,5,3,0,0.0521952971958396,45.4,Critical
cust_2602,Company_2602,pro,1999,2023-07-31,active,11,5,SaaS,8.0,20,1,5,2,0,0.0360927233718515,57.9,At Risk
cust_2603,Company_2603,growth,799,2023-07-02,active,3,2,Ecommerce,8.7,18,6,0,1,0,0.0814400063323289,78.3,Healthy
cust_2604,Company_2604,starter,299,2023-07-16,active,7,1,Other,8.2,17,6,4,0,0,0.0903266741644046,65.1,At Risk
cust_2605,Company_2605,starter,299,2023-06-27,active,18,1,Finance,9.0,14,5,2,0,0,0.0951012991450139,81.0,Healthy
cust_2606,Company_2606,pro,1999,2023-11-14,active,13,2,Other,6.8,29,7,0,2,0,0.0509790259617919,100.0,Healthy
cust_2607,Company_2607,growth,799,2023-08-31,churned,1,1,Other,2.8,26,1,5,1,1,0.1559492718729854,,
cust_2608,Company_2608,starter,299,2023-06-09,active,4,1,Ecommerce,6.2,25,3,1,0,0,0.1266876068233978,68.3,At Risk
cust_2609,Company_2609,starter,299,2023-10-04,active,1,5,Healthcare,4.2,5,1,1,0,0,0.1257521666271983,29.6,Critical
cust_2610,Company_2610,growth,799,2023-10-06,active,18,3,SaaS,6.8,17,1,1,1,0,0.0644080235014103,70.5,At Risk
cust_2611,Company_2611,starter,299,2023-03-22,active,20,1,Healthcare,3.2,13,4,1,0,0,0.1319747467349662,79.5,Healthy
cust_2612,Company_2612,pro,1999,2023-06-25,active,24,2,SaaS,9.4,19,8,2,2,0,0.0452669944099631,88.5,Healthy
cust_2613,Company_2613,starter,299,2023-01-11,active,17,1,Healthcare,5.1,16,8,0,0,0,0.1708557090120435,94.0,Healthy
cust_2614,Company_2614,growth,799,2023-01-22,active,22,5,Other,1.4,26,5,1,1,0,0.1119556724555951,95.0,Healthy
cust_2615,Company_2615,starter,299,2023-04-13,active,22,2,Healthcare,4.1,3,6,4,0,0,0.130403807836251,54.5,At Risk
cust_2616,Company_2616,starter,299,2023-06-23,churned,18,2,Healthcare,2.8,21,2,0,0,1,0.2336740889393941,,
cust_2617,Company_2617,growth,799,2023-07-26,active,2,4,Ecommerce,1.9,10,4,4,1,0,0.1148901845453535,39.2,Critical
cust_2618,Company_2618,enterprise,4999,2023-12-14,active,1,18,Finance,7.3,9,8,5,3,0,0.0950314857310807,40.6,Critical
cust_2619,Company_2619,growth,799,2023-01-30,active,18,2,Ecommerce,1.3,24,2,2,1,0,0.0883332739417963,75.0,Healthy
cust_2620,Company_2620,starter,299,2023-02-07,active,20,2,Other,3.1,28,8,3,0,0,0.1637364565996708,85.0,Healthy
cust_2621,Company_2621,enterprise,4999,2023-03-09,active,14,21,Other,4.1,0,6,1,3,0,0.0292729646435834,65.0,At Risk
cust_2622,Company_2622,enterprise,4999,2023-03-12,active,24,48,Other,3.4,4,6,3,3,0,0.0462214295191923,61.0,At Risk
cust_2623,Company_2623,pro,1999,2023-08-18,active,1,4,Other,4.3,10,1,3,2,0,0.05723425441585,27.1,Critical
cust_2624,Company_2624,starter,299,2023-07-22,active,13,1,Finance,0.9,23,2,5,0,0,0.2098081417356576,65.0,At Risk
cust_2625,Company_2625,growth,799,2023-05-17,active,1,5,SaaS,0.6,6,1,4,1,0,0.1180859638129499,16.1,Critical
cust_2626,Company_2626,starter,299,2023-03-26,active,2,2,SaaS,1.9,4,1,4,0,0,0.1564720165293478,15.2,Critical
cust_2627,Company_2627,starter,299,2023-03-22,active,23,4,Finance,5.9,22,6,1,0,0,0.1787526794010766,95.0,Healthy
cust_2628,Company_2628,pro,1999,2023-10-22,active,21,4,SaaS,1.0,22,7,0,2,0,0.039278367935071,100.0,Healthy
cust_2629,Company_2629,starter,299,2023-08-26,active,12,4,Finance,6.8,8,5,5,0,0,0.0870478661367384,62.0,At Risk
cust_2630,Company_2630,growth,799,2023-03-12,active,2,5,Other,3.2,9,6,1,1,0,0.1058992136446634,57.7,At Risk
cust_2631,Company_2631,growth,799,2023-03-05,churned,18,5,SaaS,7.3,19,7,2,1,1,0.0819656802460541,,
cust_2632,Company_2632,growth,799,2023-09-29,active,7,3,Finance,4.3,12,3,1,1,0,0.0748147595261645,62.6,At Risk
cust_2633,Company_2633,growth,799,2023-12-18,active,12,4,Other,5.2,10,7,3,1,0,0.0815526228378926,70.0,At Risk
cust_2634,Company_2634,starter,299,2023-07-29,active,4,2,Finance,5.6,0,8,0,0,0,0.1363212896788616,53.3,At Risk
cust_2635,Company_2635,starter,299,2023-11-24,active,5,4,SaaS,1.7,11,2,2,0,0,0.1593938021727413,46.9,Critical
cust_2636,Company_2636,growth,799,2023-01-14,active,3,2,SaaS,1.1,7,2,3,1,0,0.102896523125096,31.8,Critical
cust_2637,Company_2637,growth,799,2023-02-18,active,11,3,Other,4.7,1,6,1,1,0,0.0892526812546796,64.4,At Risk
cust_2638,Company_2638,starter,299,2023-06-04,active,3,5,Finance,3.4,18,5,0,0,0,0.1670314960507642,78.3,Healthy
cust_2639,Company_2639,pro,1999,2023-05-16,active,24,2,SaaS,7.0,10,8,4,2,0,0.0513578166552966,65.0,At Risk
cust_2640,Company_2640,starter,299,2023-08-24,active,4,1,Other,6.6,17,7,3,0,0,0.1031099246828452,63.8,At Risk
cust_2641,Company_2641,enterprise,4999,2023-06-03,active,23,14,Healthcare,3.6,28,2,4,3,0,0.0413826762349494,65.0,At Risk
cust_2642,Company_2642,starter,299,2023-06-15,active,23,3,Other,4.9,17,1,2,0,0,0.1601707031598012,65.5,At Risk
cust_2643,Company_2643,growth,799,2023-01-26,active,6,4,Healthcare,8.1,2,5,1,1,0,0.077519260644614,55.5,At Risk
cust_2644,Company_2644,pro,1999,2023-11-25,active,4,2,SaaS,6.2,13,8,1,2,0,0.0596128635662713,67.8,At Risk
cust_2645,Company_2645,starter,299,2023-03-15,active,23,4,Ecommerce,8.0,4,4,4,0,0,0.1143781533848079,51.0,At Risk
cust_2646,Company_2646,enterprise,4999,2023-07-27,active,10,12,Other,9.3,10,4,1,3,0,0.046314101455942,70.8,At Risk
cust_2647,Company_2647,pro,1999,2023-08-24,active,13,5,Ecommerce,3.0,14,8,1,2,0,0.0468535358655616,86.0,Healthy
cust_2648,Company_2648,growth,799,2023-12-30,active,6,5,Finance,6.7,1,3,1,1,0,0.0809800351946324,44.0,Critical
cust_2649,Company_2649,growth,799,2023-01-12,active,19,1,SaaS,4.5,6,4,1,1,0,0.0861452039322295,69.0,At Risk
cust_2650,Company_2650,growth,799,2023-05-31,active,5,3,Healthcare,6.8,19,3,4,1,0,0.0659658736058652,53.9,At Risk
cust_2651,Company_2651,starter,299,2023-12-11,active,16,3,SaaS,3.6,8,6,1,0,0,0.1200703509972315,77.0,Healthy
cust_2652,Company_2652,pro,1999,2023-01-30,active,15,5,Other,6.4,6,4,0,2,0,0.0592956015892075,74.0,At Risk
cust_2653,Company_2653,starter,299,2023-07-21,active,10,2,Ecommerce,2.3,24,7,5,0,0,0.160594423466544,75.8,Healthy
cust_2654,Company_2654,pro,1999,2023-03-19,active,5,4,Healthcare,2.6,30,2,3,2,0,0.0529119207417687,55.4,At Risk
cust_2655,Company_2655,pro,1999,2023-09-17,active,23,4,Healthcare,9.3,23,8,0,2,0,0.0470091690416055,100.0,Healthy
cust_2656,Company_2656,enterprise,4999,2023-08-15,active,1,24,SaaS,2.8,25,1,2,3,0,0.0914323929352247,47.1,Critical
cust_2657,Company_2657,growth,799,2023-03-28,active,20,3,Ecommerce,6.5,2,1,5,1,0,0.0927657768152578,33.0,Critical
cust_2658,Company_2658,growth,799,2023-12-29,active,10,2,Healthcare,3.1,21,7,3,1,0,0.0788582393438942,80.8,Healthy
cust_2659,Company_2659,pro,1999,2023-07-07,active,17,4,Healthcare,1.8,18,1,3,2,0,0.0439641450425402,62.0,At Risk
cust_2660,Company_2660,pro,1999,2023-01-08,active,2,4,Ecommerce,8.1,21,6,5,2,0,0.0359857148756029,59.2,At Risk
cust_2661,Company_2661,pro,1999,2023-07-26,active,9,1,Finance,5.9,8,6,4,2,0,0.0528123471272593,55.8,At Risk
cust_2662,Company_2662,growth,799,2023-10-28,active,7,2,Other,7.1,18,8,5,1,0,0.0571762040702287,66.6,At Risk
cust_2663,Company_2663,growth,799,2023-10-05,active,23,5,SaaS,2.9,29,7,0,1,0,0.1072243980727755,100.0,Healthy
cust_2664,Company_2664,growth,799,2023-11-14,active,11,1,Finance,6.2,25,4,1,1,0,0.0826233185488728,87.9,Healthy
cust_2665,Company_2665,pro,1999,2023-08-12,active,10,2,Ecommerce,9.8,8,7,0,2,0,0.0406017968556587,77.8,Healthy
cust_2666,Company_2666,starter,299,2023-03-22,active,23,5,SaaS,6.8,29,2,2,0,0,0.1319721691970977,75.0,Healthy
cust_2667,Company_2667,growth,799,2023-10-15,active,11,1,SaaS,7.1,5,8,3,1,0,0.0767315196354961,60.4,At Risk
cust_2668,Company_2668,pro,1999,2023-03-25,active,5,5,Other,7.2,9,8,2,2,0,0.0579618456479974,58.9,At Risk
cust_2669,Company_2669,starter,299,2023-11-23,active,6,4,Other,7.1,2,3,1,0,0,0.0881919588149307,45.5,Critical
cust_2670,Company_2670,starter,299,2023-09-27,active,21,4,SaaS,3.6,17,5,0,0,0,0.1994492649092445,95.5,Healthy
cust_2671,Company_2671,starter,299,2023-01-26,active,13,2,Finance,6.0,11,7,2,0,0,0.0969998937479653,76.5,Healthy
cust_2672,Company_2672,growth,799,2023-10-22,active,20,3,Healthcare,0.7,21,6,4,1,0,0.0989468768188881,80.0,Healthy
cust_2673,Company_2673,growth,799,2023-08-16,active,20,4,Ecommerce,8.9,17,4,0,1,0,0.0736782138738453,90.5,Healthy
cust_2674,Company_2674,pro,1999,2023-08-16,active,5,1,SaaS,8.5,1,3,3,2,0,0.0560169552631431,31.9,Critical
cust_2675,Company_2675,starter,299,2023-07-25,churned,5,4,Finance,3.9,10,8,5,0,1,0.1204888267996075,,
cust_2676,Company_2676,growth,799,2023-05-23,active,11,5,Healthcare,3.6,24,6,3,1,0,0.0735094068133288,82.9,Healthy
cust_2677,Company_2677,starter,299,2023-03-30,active,9,3,SaaS,0.6,12,8,2,0,0,0.1557977369374929,71.8,At Risk
cust_2678,Company_2678,growth,799,2023-08-01,active,17,3,SaaS,3.9,13,7,2,1,0,0.0823293502413533,79.5,Healthy
cust_2679,Company_2679,starter,299,2023-02-24,active,5,3,Finance,3.0,24,8,2,0,0,0.1340575367148065,75.4,Healthy
cust_2680,Company_2680,starter,299,2023-04-14,active,7,5,Healthcare,0.7,24,4,2,0,0,0.1935246499550764,74.6,At Risk
cust_2681,Company_2681,pro,1999,2023-01-22,active,24,1,Ecommerce,4.4,1,5,2,2,0,0.0462943449104785,61.5,At Risk
cust_2682,Company_2682,starter,299,2023-04-19,active,17,1,Ecommerce,0.9,22,6,5,0,0,0.2012293665823873,80.0,Healthy
cust_2683,Company_2683,starter,299,2023-11-10,active,24,1,Other,7.9,8,2,1,0,0,0.079761080646765,62.0,At Risk
cust_2684,Company_2684,starter,299,2023-10-24,active,1,4,SaaS,8.3,15,8,4,0,0,0.0829176582402207,49.6,Critical
cust_2685,Company_2685,pro,1999,2023-03-11,active,9,2,Other,3.1,6,6,3,2,0,0.0595112384338659,57.8,At Risk
cust_2686,Company_2686,growth,799,2023-09-27,active,1,1,Healthcare,2.4,24,7,5,1,0,0.1046906211002459,57.1,At Risk
cust_2687,Company_2687,growth,799,2023-09-18,active,1,4,Ecommerce,5.9,21,1,2,1,0,0.0734567494675062,47.1,Critical
cust_2688,Company_2688,growth,799,2023-11-18,churned,18,4,SaaS,2.1,19,5,2,1,1,0.1171562592198069,,
cust_2689,Company_2689,starter,299,2023-01-23,active,8,3,Other,6.2,24,3,2,0,0,0.1175182161384878,71.7,At Risk
cust_2690,Company_2690,growth,799,2023-11-09,active,1,3,Ecommerce,0.9,3,8,5,1,0,0.147613235350159,31.6,Critical
cust_2691,Company_2691,growth,799,2023-05-27,active,18,3,Other,4.0,30,2,5,1,0,0.0612292422769851,65.0,At Risk
cust_2692,Company_2692,starter,299,2023-09-20,active,14,5,Ecommerce,2.4,16,3,4,0,0,0.1614094597139505,64.0,At Risk
cust_2693,Company_2693,starter,299,2023-11-25,active,17,5,Finance,1.5,13,3,1,0,0,0.1536836071514233,74.5,At Risk
cust_2694,Company_2694,growth,799,2023-04-23,active,6,4,SaaS,7.5,11,7,5,1,0,0.0655886524051181,54.0,At Risk
cust_2695,Company_2695,growth,799,2023-05-24,active,6,4,Finance,9.3,6,2,3,1,0,0.0685751975164522,36.5,Critical
cust_2696,Company_2696,starter,299,2023-01-02,active,13,5,Ecommerce,6.7,20,2,2,0,0,0.1163543354836072,75.0,Healthy
cust_2697,Company_2697,starter,299,2023-09-29,active,3,5,Ecommerce,3.3,4,7,2,0,0,0.1188402465861302,47.3,Critical
cust_2698,Company_2698,pro,1999,2023-10-16,active,10,5,Other,8.4,29,7,1,2,0,0.0402813142226107,90.8,Healthy
cust_2699,Company_2699,starter,299,2023-08-24,churned,24,4,SaaS,4.8,16,1,1,0,1,0.2319214173243238,,
cust_2700,Company_2700,pro,1999,2023-04-27,active,16,5,SaaS,0.8,26,7,2,2,0,0.0459877555080164,90.0,Healthy
cust_2701,Company_2701,pro,1999,2024-01-01,active,18,4,SaaS,6.9,17,5,3,2,0,0.0542124395344316,80.5,Healthy
cust_2702,Company_2702,enterprise,4999,2023-10-25,active,11,5,Healthcare,4.5,10,6,1,3,0,0.0361665732215177,77.9,Healthy
cust_2703,Company_2703,growth,799,2023-02-09,active,18,1,Healthcare,7.6,14,2,2,1,0,0.0570353058766579,66.0,At Risk
cust_2704,Company_2704,growth,799,2023-06-14,active,16,5,Other,3.4,16,7,1,1,0,0.0908801988748945,89.0,Healthy
cust_2705,Company_2705,growth,799,2023-10-09,active,7,5,Other,4.7,6,1,1,1,0,0.0814501285296746,43.6,Critical
cust_2706,Company_2706,enterprise,4999,2023-12-17,active,16,10,Ecommerce,6.1,21,2,1,3,0,0.0435251432630832,80.0,Healthy
cust_2707,Company_2707,starter,299,2023-11-20,active,22,3,SaaS,5.7,25,2,1,0,0,0.1853675154369675,80.0,Healthy
cust_2708,Company_2708,enterprise,4999,2023-11-28,active,18,25,SaaS,5.4,4,1,5,3,0,0.0501660641995839,36.0,Critical
cust_2709,Company_2709,pro,1999,2023-01-04,active,13,5,SaaS,8.8,1,8,4,2,0,0.0446164967870607,51.5,At Risk
cust_2710,Company_2710,starter,299,2023-09-04,active,5,2,Healthcare,5.8,28,4,1,0,0,0.141175484613372,75.4,Healthy
cust_2711,Company_2711,starter,299,2023-12-28,active,17,4,Finance,6.3,14,1,1,0,0,0.1039058500895028,66.0,At Risk
cust_2712,Company_2712,pro,1999,2023-01-23,active,14,4,Other,6.3,27,4,1,2,0,0.0586044538445922,90.0,Healthy
cust_2713,Company_2713,starter,299,2023-12-20,churned,15,4,Healthcare,2.7,3,3,5,0,1,0.1690199726817745,,
cust_2714,Company_2714,pro,1999,2023-04-22,active,4,3,SaaS,7.0,24,6,3,2,0,0.0498722606942961,68.3,At Risk
cust_2715,Company_2715,growth,799,2023-01-17,active,12,1,Other,5.0,19,4,4,1,0,0.0741782655951812,73.5,At Risk
cust_2716,Company_2716,starter,299,2023-05-24,churned,9,3,Other,5.6,3,2,2,0,1,0.1404725100288814,,
cust_2717,Company_2717,starter,299,2023-09-05,active,2,1,Ecommerce,9.4,20,6,0,0,0,0.13982087975905,79.2,Healthy
cust_2718,Company_2718,starter,299,2023-10-02,churned,15,4,Other,6.2,23,1,4,0,1,0.1776317893686839,,
cust_2719,Company_2719,growth,799,2023-08-19,active,20,1,Ecommerce,2.7,9,5,2,1,0,0.0927329434511421,73.5,At Risk
cust_2720,Company_2720,growth,799,2023-05-30,active,9,4,Other,8.2,0,4,3,1,0,0.0799938322640135,43.8,Critical
cust_2721,Company_2721,pro,1999,2023-08-07,active,10,1,Healthcare,2.6,4,6,3,2,0,0.0576222198404545,56.8,At Risk
cust_2722,Company_2722,starter,299,2023-09-13,active,17,1,Finance,6.0,15,6,3,0,0,0.100544174860476,77.5,Healthy
cust_2723,Company_2723,pro,1999,2023-03-24,active,20,2,Healthcare,2.7,16,7,4,2,0,0.0557040610465894,74.0,At Risk
cust_2724,Company_2724,pro,1999,2023-04-17,churned,23,5,SaaS,3.6,11,5,5,2,1,0.0980114121782859,,
cust_2725,Company_2725,starter,299,2023-04-27,active,8,1,Healthcare,8.6,23,6,0,0,0,0.1459492355504595,91.7,Healthy
cust_2726,Company_2726,growth,799,2023-11-17,active,24,2,Other,4.6,12,1,3,1,0,0.0684340779113765,53.0,At Risk
cust_2727,Company_2727,enterprise,4999,2023-06-03,active,10,31,Finance,4.2,23,2,2,3,0,0.0342657562730212,70.8,At Risk
cust_2728,Company_2728,pro,1999,2023-10-21,active,12,1,Healthcare,3.0,29,2,3,2,0,0.0471282103208837,70.0,At Risk
cust_2729,Company_2729,starter,299,2023-01-02,churned,11,2,Ecommerce,1.2,21,2,3,0,1,0.2268367125010784,,
cust_2730,Company_2730,growth,799,2023-02-06,active,21,3,SaaS,2.7,24,5,2,1,0,0.0790683354895539,90.0,Healthy
cust_2731,Company_2731,growth,799,2023-07-17,active,23,5,Finance,8.3,6,8,3,1,0,0.0693291751395402,64.0,At Risk
cust_2732,Company_2732,starter,299,2023-03-07,active,19,2,Other,4.3,21,4,1,0,0,0.1795996391537275,90.0,Healthy
cust_2733,Company_2733,pro,1999,2023-01-15,active,5,3,SaaS,6.0,20,7,5,2,0,0.0586665130171579,65.4,At Risk
cust_2734,Company_2734,pro,1999,2023-03-01,active,18,4,Healthcare,4.8,3,7,3,2,0,0.0548860238715035,59.5,At Risk
cust_2735,Company_2735,growth,799,2023-02-09,active,1,3,Healthcare,9.2,8,3,0,1,0,0.0932777076736488,49.1,Critical
cust_2736,Company_2736,starter,299,2023-03-07,active,5,2,Finance,6.3,17,1,0,0,0,0.1348796228832505,60.9,At Risk
cust_2737,Company_2737,pro,1999,2023-04-17,active,24,4,Other,2.6,13,8,2,2,0,0.0494079612089902,79.5,Healthy
cust_2738,Company_2738,growth,799,2023-01-09,active,4,4,Other,1.2,4,5,2,1,0,0.1352288955493914,49.3,Critical
cust_2739,Company_2739,pro,1999,2023-03-03,active,9,5,Ecommerce,2.5,24,6,0,2,0,0.0374541353994702,93.8,Healthy
cust_2740,Company_2740,growth,799,2023-07-22,active,12,3,Ecommerce,8.8,12,1,0,1,0,0.07226156529809,68.0,At Risk
cust_2741,Company_2741,growth,799,2023-05-07,active,16,4,Ecommerce,1.1,18,6,5,1,0,0.1014491700865697,77.0,Healthy
cust_2742,Company_2742,enterprise,4999,2023-07-15,active,20,23,Other,7.7,20,3,3,3,0,0.0448881466888972,75.0,Healthy
cust_2743,Company_2743,growth,799,2023-07-12,active,9,3,Other,0.9,6,6,0,1,0,0.1441431786807007,72.8,At Risk
cust_2744,Company_2744,enterprise,4999,2023-06-21,active,11,47,Ecommerce,8.4,25,5,2,3,0,0.0333117498213335,87.9,Healthy
cust_2745,Company_2745,enterprise,4999,2023-05-11,active,18,10,Ecommerce,5.6,17,4,4,3,0,0.0457285927938939,70.5,At Risk
cust_2746,Company_2746,starter,299,2023-08-29,active,8,1,Finance,9.3,8,7,5,0,0,0.0906177811884815,53.7,At Risk
cust_2747,Company_2747,pro,1999,2023-02-12,active,12,3,Other,8.4,4,6,0,2,0,0.0486840844815684,76.0,Healthy
cust_2748,Company_2748,starter,299,2023-12-23,active,19,5,Healthcare,6.1,10,4,0,0,0,0.1023994473994066,80.0,Healthy
cust_2749,Company_2749,starter,299,2023-12-19,active,1,5,Finance,3.2,14,8,5,0,0,0.1051966374194261,48.1,Critical
cust_2750,Company_2750,growth,799,2023-02-18,active,17,5,Finance,5.3,1,2,5,1,0,0.0844708690672202,36.5,Critical
cust_2751,Company_2751,growth,799,2023-09-03,active,8,2,Other,1.3,2,2,2,1,0,0.100249082727307,39.7,Critical
cust_2752,Company_2752,starter,299,2023-09-04,active,18,1,SaaS,5.1,17,2,4,0,0,0.1621867149191824,60.5,At Risk
cust_2753,Company_2753,growth,799,2023-01-24,active,20,5,Finance,4.5,4,6,3,1,0,0.0859352997383699,61.0,At Risk
cust_2754,Company_2754,pro,1999,2023-07-28,active,21,1,Ecommerce,8.7,26,4,1,2,0,0.0585682862307605,90.0,Healthy
cust_2755,Company_2755,enterprise,4999,2023-02-06,active,12,12,Ecommerce,0.6,1,1,1,3,0,0.0371336604068536,46.5,Critical
cust_2756,Company_2756,starter,299,2023-04-05,active,17,3,Finance,9.1,0,6,1,0,0,0.12871377737568,65.0,At Risk
cust_2757,Company_2757,starter,299,2023-02-18,active,4,2,SaaS,4.3,15,1,0,0,0,0.1654674270927172,55.8,At Risk
cust_2758,Company_2758,starter,299,2023-05-12,active,11,5,Ecommerce,0.7,27,7,3,0,0,0.2124796099483338,82.9,Healthy
cust_2759,Company_2759,pro,1999,2023-04-16,active,24,2,Ecommerce,8.6,8,1,0,2,0,0.0506426613532728,62.0,At Risk
cust_2760,Company_2760,enterprise,4999,2023-04-29,active,19,43,Ecommerce,0.9,12,3,5,3,0,0.0506170879268432,58.0,At Risk
cust_2761,Company_2761,starter,299,2023-12-06,active,24,1,SaaS,1.6,6,5,4,0,0,0.1406785022346207,59.0,At Risk
cust_2762,Company_2762,starter,299,2023-04-25,churned,19,2,Ecommerce,4.0,16,7,0,0,1,0.1941238624944315,,
cust_2763,Company_2763,pro,1999,2023-03-23,active,8,3,Finance,8.4,13,5,2,2,0,0.0437362075087852,71.2,At Risk
cust_2764,Company_2764,starter,299,2023-06-05,active,6,3,Finance,6.3,13,1,1,0,0,0.0997635514020017,52.0,At Risk
cust_2765,Company_2765,starter,299,2023-09-20,active,14,3,Ecommerce,7.6,23,6,1,0,0,0.1053080295100515,95.0,Healthy
cust_2766,Company_2766,growth,799,2023-08-21,active,21,2,Finance,6.8,17,6,1,1,0,0.0762007402160064,90.5,Healthy
cust_2767,Company_2767,growth,799,2023-04-29,active,12,1,Finance,7.0,12,7,2,1,0,0.0819897888534502,78.0,Healthy
cust_2768,Company_2768,pro,1999,2023-10-16,active,3,4,Ecommerce,4.0,7,1,4,2,0,0.0448038311241241,21.8,Critical
cust_2769,Company_2769,enterprise,4999,2023-08-02,active,10,31,Finance,2.6,12,6,1,3,0,0.0464174814075103,78.8,Healthy
cust_2770,Company_2770,starter,299,2023-08-15,active,9,4,Healthcare,7.3,21,4,2,0,0,0.1111043211290447,78.8,Healthy
cust_2771,Company_2771,starter,299,2023-10-25,active,23,4,Ecommerce,7.7,28,6,5,0,0,0.133664092418096,80.0,Healthy
cust_2772,Company_2772,starter,299,2023-05-29,active,7,4,Healthcare,9.3,4,5,0,0,0,0.1088521347626945,65.6,At Risk
cust_2773,Company_2773,starter,299,2023-02-11,active,6,4,Ecommerce,7.6,17,4,2,0,0,0.0929863743497422,68.0,At Risk
cust_2774,Company_2774,starter,299,2023-12-04,active,10,3,Other,7.6,7,1,3,0,0,0.0840437764755776,41.3,Critical
cust_2775,Company_2775,pro,1999,2023-07-21,active,24,3,Other,5.0,20,4,4,2,0,0.0580476647968123,75.0,Healthy
cust_2776,Company_2776,growth,799,2023-10-07,churned,22,1,Finance,8.7,21,2,0,1,1,0.0853038444577191,,
cust_2777,Company_2777,starter,299,2023-09-21,active,21,4,SaaS,0.8,0,8,1,0,0,0.1428425064933872,65.0,At Risk
cust_2778,Company_2778,growth,799,2023-07-14,active,2,2,SaaS,9.5,8,7,3,1,0,0.0806037267845078,46.2,Critical
cust_2779,Company_2779,enterprise,4999,2023-12-31,active,1,9,Healthcare,7.5,18,4,0,3,0,0.0571593927825453,69.1,At Risk
cust_2780,Company_2780,starter,299,2023-03-04,active,10,2,Other,7.8,25,8,3,0,0,0.1044435564597563,80.8,Healthy
cust_2781,Company_2781,starter,299,2023-11-25,active,9,5,Ecommerce,4.2,22,5,2,0,0,0.1414648101665663,83.8,Healthy
cust_2782,Company_2782,pro,1999,2023-04-16,active,7,4,Ecommerce,7.6,18,5,0,2,0,0.0417526362609253,86.6,Healthy
cust_2783,Company_2783,starter,299,2023-10-21,active,9,1,SaaS,2.2,13,7,5,0,0,0.1462000329288376,63.3,At Risk
cust_2784,Company_2784,starter,299,2023-08-24,active,3,4,SaaS,4.4,28,4,1,0,0,0.1434654797103717,71.3,At Risk
cust_2785,Company_2785,starter,299,2023-11-04,churned,4,4,SaaS,2.1,25,1,0,0,1,0.2868147828751241,,
cust_2786,Company_2786,growth,799,2023-05-07,active,19,5,SaaS,7.7,2,4,1,1,0,0.0690903708469749,63.0,At Risk
cust_2787,Company_2787,starter,299,2023-05-20,active,7,4,Healthcare,6.7,6,5,4,0,0,0.0926581910078213,48.6,Critical
cust_2788,Company_2788,pro,1999,2023-05-25,active,2,5,Finance,1.3,1,2,3,2,0,0.0611457422110503,20.7,Critical
cust_2789,Company_2789,growth,799,2023-04-21,churned,2,3,Other,1.4,12,1,2,1,1,0.1132691163552056,,
cust_2790,Company_2790,growth,799,2023-12-30,active,19,1,SaaS,1.0,9,3,0,1,0,0.0943641439871089,73.5,At Risk
cust_2791,Company_2791,starter,299,2023-10-15,active,14,1,Healthcare,9.2,1,2,4,0,0,0.1265258200658496,36.5,Critical
cust_2792,Company_2792,growth,799,2023-05-07,active,10,2,Finance,5.3,23,6,2,1,0,0.0799280408820925,85.8,Healthy
cust_2793,Company_2793,growth,799,2023-03-21,active,2,2,SaaS,4.5,22,8,4,1,0,0.0718172171851163,59.2,At Risk
cust_2794,Company_2794,enterprise,4999,2023-02-19,active,16,38,SaaS,2.5,17,7,0,3,0,0.0344153654217032,95.5,Healthy
cust_2795,Company_2795,starter,299,2023-09-04,active,4,1,Healthcare,1.6,28,3,5,0,0,0.1776859797780521,53.3,At Risk
cust_2796,Company_2796,starter,299,2023-12-16,active,10,1,Ecommerce,3.4,14,1,1,0,0,0.1556350661857312,61.8,At Risk
cust_2797,Company_2797,enterprise,4999,2023-09-24,active,18,6,Finance,1.4,4,8,5,3,0,0.0586647088146783,56.0,At Risk
cust_2798,Company_2798,starter,299,2023-03-11,active,16,1,Other,2.5,13,8,4,0,0,0.123850076283084,69.5,At Risk
cust_2799,Company_2799,starter,299,2023-07-14,active,10,2,Other,1.2,17,2,0,0,0,0.23694487846505,76.3,Healthy
cust_2800,Company_2800,enterprise,4999,2023-09-13,active,10,8,Healthcare,1.7,18,5,1,3,0,0.0379091099094945,87.8,Healthy
cust_2801,Company_2801,starter,299,2023-03-19,active,4,1,SaaS,7.2,2,6,1,0,0,0.102813308896186,51.3,At Risk
cust_2802,Company_2802,starter,299,2023-07-30,active,20,2,Healthcare,1.1,17,5,2,0,0,0.1799160965406897,85.5,Healthy
cust_2803,Company_2803,starter,299,2023-06-15,active,6,4,Finance,9.0,0,3,5,0,0,0.2267265072070837,27.5,Critical
cust_2804,Company_2804,starter,299,2023-09-07,active,24,4,Other,5.7,22,5,4,0,0,0.1431364303650945,80.0,Healthy
cust_2805,Company_2805,growth,799,2023-07-03,active,14,3,Other,5.9,30,4,0,1,0,0.0858451657392997,95.0,Healthy
cust_2806,Company_2806,starter,299,2023-02-24,active,19,3,Healthcare,4.8,30,7,1,0,0,0.1763813154353947,95.0,Healthy
cust_2807,Company_2807,starter,299,2023-09-16,active,10,2,Healthcare,6.6,2,8,1,0,0,0.0960803828538434,63.8,At Risk
cust_2808,Company_2808,starter,299,2023-03-10,active,21,3,SaaS,3.0,27,1,3,0,0,0.1806802927437124,65.0,At Risk
cust_2809,Company_2809,starter,299,2023-01-22,active,3,3,SaaS,8.5,0,7,4,0,0,0.1946162030230044,31.3,Critical
cust_2810,Company_2810,growth,799,2023-08-04,active,6,5,Healthcare,7.9,3,1,0,1,0,0.0747263744622105,42.0,Critical
cust_2811,Company_2811,enterprise,4999,2023-07-30,active,14,4,Finance,9.9,25,2,3,3,0,0.0398891469490644,70.0,At Risk
cust_2812,Company_2812,starter,299,2023-03-14,active,1,2,Ecommerce,5.3,3,2,2,0,0,0.1060521938543355,26.6,Critical
cust_2813,Company_2813,pro,1999,2023-12-04,active,6,2,Other,1.9,5,3,2,2,0,0.0884999458386323,45.0,Critical
cust_2814,Company_2814,starter,299,2023-05-23,active,16,2,Other,2.3,19,5,0,0,0,0.2118609841932018,98.5,Healthy
cust_2815,Company_2815,starter,299,2023-02-17,active,2,5,Finance,4.8,25,2,1,0,0,0.1719631745822062,59.2,At Risk
cust_2816,Company_2816,starter,299,2023-02-22,churned,23,2,Finance,6.8,26,6,1,0,1,0.1912849415953061,,
cust_2817,Company_2817,starter,299,2023-08-15,active,5,5,Other,1.7,26,1,3,0,0,0.2202749901722848,50.4,At Risk
cust_2818,Company_2818,starter,299,2023-11-24,active,23,3,Healthcare,5.8,1,8,4,0,0,0.1382801400103417,51.5,At Risk
cust_2819,Company_2819,starter,299,2023-03-07,churned,18,1,SaaS,9.0,3,5,5,0,1,0.1625543703200643,,
cust_2820,Company_2820,enterprise,4999,2023-05-05,active,10,22,Ecommerce,8.0,16,2,5,3,0,0.0278036124585574,54.8,At Risk
cust_2821,Company_2821,starter,299,2023-08-29,active,18,4,Finance,7.5,20,3,4,0,0,0.103710240821947,70.0,At Risk
cust_2822,Company_2822,starter,299,2023-02-13,active,21,5,Other,2.6,12,4,2,0,0,0.12831029287269,73.0,At Risk
cust_2823,Company_2823,growth,799,2023-10-14,active,21,1,Ecommerce,4.9,18,2,5,1,0,0.0637013323933967,62.0,At Risk
cust_2824,Company_2824,starter,299,2023-04-24,active,22,4,Finance,9.3,28,4,5,0,0,0.1243321656295115,75.0,Healthy
cust_2825,Company_2825,growth,799,2023-10-22,active,1,3,Other,3.6,11,8,2,1,0,0.105592422907934,53.6,At Risk
cust_2826,Company_2826,growth,799,2023-06-06,active,23,5,Finance,2.3,28,1,3,1,0,0.0750641060930373,65.0,At Risk
cust_2827,Company_2827,growth,799,2023-08-09,active,19,3,Finance,9.0,16,7,0,1,0,0.07750354679807,94.0,Healthy
cust_2828,Company_2828,starter,299,2023-01-25,active,13,4,Ecommerce,2.7,24,5,2,0,0,0.1513663784581426,90.0,Healthy
cust_2829,Company_2829,growth,799,2023-01-23,active,3,2,Healthcare,4.4,29,4,3,1,0,0.0717383734096268,61.3,At Risk
cust_2830,Company_2830,growth,799,2023-02-05,active,10,5,SaaS,1.8,7,1,4,1,0,0.1033155966442481,36.3,Critical
cust_2831,Company_2831,starter,299,2023-09-03,active,24,5,Ecommerce,6.6,27,7,2,0,0,0.1563690025506619,90.0,Healthy
cust_2832,Company_2832,starter,299,2023-08-24,active,16,2,Finance,8.1,25,1,4,0,0,0.1189770785224459,60.0,At Risk
cust_2833,Company_2833,starter,299,2023-04-05,active,8,3,Ecommerce,2.5,16,1,0,0,0,0.2077348673543287,65.7,At Risk
cust_2834,Company_2834,starter,299,2023-08-21,churned,23,1,Finance,3.7,30,7,4,0,1,0.2142676152749635,,
cust_2835,Company_2835,starter,299,2023-10-01,active,11,3,Other,9.3,12,3,3,0,0,0.0812766553799668,60.9,At Risk
cust_2836,Company_2836,growth,799,2023-07-13,active,1,2,Finance,4.8,7,4,1,1,0,0.0915954042935293,47.6,Critical
cust_2837,Company_2837,growth,799,2023-11-14,active,11,3,Finance,2.2,7,2,2,1,0,0.0979898676654893,53.4,At Risk
cust_2838,Company_2838,growth,799,2023-03-13,active,17,1,Finance,0.7,26,3,4,1,0,0.106500507944182,70.0,At Risk
cust_2839,Company_2839,growth,799,2023-04-05,active,23,1,Healthcare,2.0,15,5,1,1,0,0.114881424451336,87.5,Healthy
cust_2840,Company_2840,growth,799,2023-03-09,active,1,4,Healthcare,5.6,24,3,0,1,0,0.0787999348632843,67.1,At Risk
cust_2841,Company_2841,starter,299,2023-05-04,active,19,4,Healthcare,6.2,15,1,3,0,0,0.1129957997992591,57.5,At Risk
cust_2842,Company_2842,starter,299,2023-03-06,active,12,2,SaaS,8.5,18,3,4,0,0,0.1059575168411085,67.0,At Risk
cust_2843,Company_2843,starter,299,2023-09-30,churned,12,2,SaaS,4.5,21,1,0,0,1,0.2470375585995839,,
cust_2844,Company_2844,growth,799,2023-11-26,active,8,5,Ecommerce,5.1,15,2,4,1,0,0.0615236387315031,49.2,Critical
cust_2845,Company_2845,starter,299,2023-01-30,churned,21,5,Finance,4.6,12,3,1,0,1,0.1299680199486986,,
cust_2846,Company_2846,pro,1999,2023-07-12,active,23,3,Healthcare,1.1,23,6,2,2,0,0.0404543467338837,90.0,Healthy
cust_2847,Company_2847,enterprise,4999,2023-06-08,active,1,38,Other,8.2,4,4,0,3,0,0.068446309659875,48.1,Critical
cust_2848,Company_2848,starter,299,2023-06-26,active,24,2,Ecommerce,7.6,2,7,5,0,0,0.1043259097863326,53.0,At Risk
cust_2849,Company_2849,growth,799,2023-08-27,active,18,3,Finance,4.1,14,5,1,1,0,0.072998266097027,86.0,Healthy
cust_2850,Company_2850,growth,799,2023-03-02,active,20,3,Ecommerce,6.9,22,2,0,1,0,0.0707987596418205,85.0,Healthy
cust_2851,Company_2851,growth,799,2023-09-13,active,14,4,Finance,1.1,5,8,5,1,0,0.1421156235163444,57.5,At Risk
cust_2852,Company_2852,pro,1999,2023-08-03,active,3,5,Ecommerce,5.8,26,6,3,2,0,0.0532005834716279,66.3,At Risk
cust_2853,Company_2853,growth,799,2023-07-28,churned,22,5,SaaS,2.0,7,2,5,1,1,0.1103999531376298,,
cust_2854,Company_2854,starter,299,2023-09-02,active,21,4,SaaS,4.2,26,8,5,0,0,0.161021825047841,80.0,Healthy
cust_2855,Company_2855,growth,799,2023-06-21,active,8,2,Healthcare,1.7,11,3,0,1,0,0.1121084150242093,68.2,At Risk
cust_2856,Company_2856,pro,1999,2023-07-13,active,21,3,Other,4.0,7,8,0,2,0,0.0463526247623192,80.5,Healthy
cust_2857,Company_2857,starter,299,2023-03-19,active,20,1,SaaS,0.8,23,4,3,0,0,0.2069715962747802,80.0,Healthy
cust_2858,Company_2858,pro,1999,2023-05-06,active,19,5,Ecommerce,8.8,22,2,1,2,0,0.049909399736998,80.0,Healthy
cust_2859,Company_2859,starter,299,2023-08-12,active,12,5,Healthcare,4.1,6,3,3,0,0,0.1171331115151726,54.0,At Risk
cust_2860,Company_2860,pro,1999,2023-10-02,active,23,4,Other,2.4,21,8,3,2,0,0.0449086905393968,85.0,Healthy
cust_2861,Company_2861,starter,299,2023-02-06,active,11,5,Ecommerce,0.9,3,5,5,0,0,0.1501781052889692,52.4,At Risk
cust_2862,Company_2862,pro,1999,2023-07-18,active,12,4,Healthcare,3.3,13,8,1,2,0,0.0461866080751512,84.5,Healthy
cust_2863,Company_2863,pro,1999,2023-07-08,active,3,4,Ecommerce,9.9,10,6,1,2,0,0.0512624091574971,61.3,At Risk
cust_2864,Company_2864,enterprise,4999,2023-05-08,active,16,24,Healthcare,3.5,24,7,4,3,0,0.0308382453689772,80.0,Healthy
cust_2865,Company_2865,growth,799,2023-07-30,active,9,5,Finance,6.1,5,3,2,1,0,0.0830994709215803,51.3,At Risk
cust_2866,Company_2866,pro,1999,2023-10-23,active,10,1,SaaS,3.4,20,3,2,2,0,0.0505126485947865,75.8,Healthy
cust_2867,Company_2867,starter,299,2023-07-31,churned,19,5,Healthcare,3.6,17,6,0,0,1,0.2002182981424904,,
cust_2868,Company_2868,starter,299,2023-12-11,active,2,2,Healthcare,8.8,22,8,1,0,0,0.1058554304197361,74.2,At Risk
cust_2869,Company_2869,growth,799,2023-04-29,active,24,1,Other,4.7,24,4,2,1,0,0.073405000009512,85.0,Healthy
cust_2870,Company_2870,growth,799,2023-05-18,churned,5,5,SaaS,3.4,27,6,0,1,1,0.1332740106176464,,
cust_2871,Company_2871,starter,299,2023-04-11,active,10,4,Other,9.8,22,1,2,0,0,0.1112279175775934,65.8,At Risk
cust_2872,Company_2872,enterprise,4999,2023-09-10,active,24,9,Finance,1.6,16,5,5,3,0,0.0518019444317825,74.0,At Risk
cust_2873,Company_2873,growth,799,2023-08-23,active,1,5,Other,1.8,9,8,4,1,0,0.1299301694658261,40.6,Critical
cust_2874,Company_2874,growth,799,2023-03-15,active,8,2,SaaS,9.3,22,5,2,1,0,0.0660309893699076,81.7,Healthy
cust_2875,Company_2875,starter,299,2023-07-22,active,16,4,SaaS,4.3,13,4,5,0,0,0.1316067727336323,64.5,At Risk
cust_2876,Company_2876,starter,299,2023-09-24,active,14,1,SaaS,9.9,28,3,0,0,0,0.0974284611692232,90.0,Healthy
cust_2877,Company_2877,pro,1999,2023-01-26,active,24,3,Other,9.2,4,7,2,2,0,0.054924533696082,66.0,At Risk
cust_2878,Company_2878,pro,1999,2023-10-06,active,7,2,Healthcare,8.6,21,7,0,2,0,0.0402066638403321,89.6,Healthy
cust_2879,Company_2879,enterprise,4999,2023-09-18,active,6,45,Other,6.2,15,2,5,3,0,0.0391492513359554,45.0,Critical
cust_2880,Company_2880,starter,299,2023-01-05,active,11,3,Other,9.2,28,7,4,0,0,0.102561371045786,77.9,Healthy
cust_2881,Company_2881,starter,299,2023-10-15,active,12,3,Other,7.3,1,2,1,0,0,0.0868419059386382,51.5,At Risk
cust_2882,Company_2882,starter,299,2023-11-15,active,12,1,Other,9.3,11,1,5,0,0,0.1211410287720384,46.5,Critical
cust_2883,Company_2883,enterprise,4999,2023-01-01,active,3,22,Finance,4.2,15,6,4,3,0,0.0417269092670471,53.8,At Risk
cust_2884,Company_2884,pro,1999,2023-12-29,active,21,1,Ecommerce,9.5,23,1,2,2,0,0.055790124663756,70.0,At Risk
cust_2885,Company_2885,starter,299,2023-02-04,active,2,3,Ecommerce,1.1,12,7,4,0,0,0.1467538354297789,47.2,Critical
cust_2886,Company_2886,starter,299,2023-12-18,active,7,2,Other,6.5,3,5,4,0,0,0.1019576711914978,44.1,Critical
cust_2887,Company_2887,growth,799,2023-09-02,active,10,3,Other,1.0,1,1,0,1,0,0.1007933701749853,47.3,Critical
cust_2888,Company_2888,enterprise,4999,2023-09-22,active,11,29,SaaS,5.1,26,8,4,3,0,0.041064141401621,77.9,Healthy
cust_2889,Company_2889,starter,299,2023-02-16,churned,20,4,SaaS,4.3,19,4,3,0,1,0.1658375539726147,,
cust_2890,Company_2890,pro,1999,2023-08-12,active,3,5,Healthcare,4.5,25,7,0,2,0,0.0469569038730566,81.3,Healthy
cust_2891,Company_2891,starter,299,2023-10-20,active,16,4,Healthcare,3.9,23,4,5,0,0,0.1647750613057778,75.0,Healthy
cust_2892,Company_2892,starter,299,2023-07-31,active,3,1,Finance,8.7,10,4,2,0,0,0.1027428968829719,51.3,At Risk
cust_2893,Company_2893,starter,299,2023-07-02,active,21,5,Finance,4.5,14,3,4,0,0,0.1312904598513907,61.0,At Risk
cust_2894,Company_2894,starter,299,2023-07-06,active,8,5,Other,7.8,16,3,2,0,0,0.0869065661172143,65.7,At Risk
cust_2895,Company_2895,starter,299,2023-07-24,churned,22,4,Healthcare,3.7,1,2,5,0,1,0.1698911172841105,,
cust_2896,Company_2896,starter,299,2023-05-18,active,14,4,Other,8.8,0,4,0,0,0,0.1324017755574975,65.0,At Risk
cust_2897,Company_2897,starter,299,2023-09-21,active,11,4,Ecommerce,5.1,12,7,4,0,0,0.1124814971576327,65.9,At Risk
cust_2898,Company_2898,growth,799,2023-11-28,active,8,1,Finance,8.2,22,1,1,1,0,0.0626548770986592,66.7,At Risk
cust_2899,Company_2899,starter,299,2023-09-23,active,12,4,SaaS,9.7,0,8,1,0,0,0.1508669258600149,65.0,At Risk
cust_2900,Company_2900,enterprise,4999,2023-01-04,active,18,31,Ecommerce,8.9,26,1,5,3,0,0.0411627698987776,60.0,At Risk
cust_2901,Company_2901,growth,799,2023-04-25,active,18,2,Healthcare,8.0,15,8,5,1,0,0.0561856753956461,72.5,At Risk
cust_2902,Company_2902,enterprise,4999,2023-03-01,active,4,33,Finance,1.8,4,8,5,3,0,0.0874170481139618,39.3,Critical
cust_2903,Company_2903,growth,799,2023-07-19,churned,7,5,SaaS,0.6,29,2,1,1,1,0.1527726960724985,,
cust_2904,Company_2904,starter,299,2023-03-14,active,23,2,Ecommerce,3.3,9,8,1,0,0,0.150006403031848,78.5,Healthy
cust_2905,Company_2905,pro,1999,2023-01-27,active,12,4,Healthcare,9.9,3,7,0,2,0,0.0566570140538354,74.5,At Risk
cust_2906,Company_2906,growth,799,2023-10-26,active,21,4,Finance,7.2,13,6,3,1,0,0.0674864809140315,74.5,At Risk
cust_2907,Company_2907,growth,799,2023-08-22,active,14,5,Other,7.4,12,4,1,1,0,0.0688912123227447,78.0,Healthy
cust_2908,Company_2908,starter,299,2023-05-17,churned,1,3,Ecommerce,2.0,26,5,1,0,1,0.2422459765004427,,
cust_2909,Company_2909,enterprise,4999,2023-07-14,active,22,13,Healthcare,6.4,30,3,1,3,0,0.0674270890944108,85.0,Healthy
cust_2910,Company_2910,pro,1999,2023-10-24,active,3,2,Other,7.2,14,1,2,2,0,0.0431733956853977,42.3,Critical
cust_2911,Company_2911,growth,799,2023-09-02,active,22,1,SaaS,3.7,25,2,0,1,0,0.0712123021277278,85.0,Healthy
cust_2912,Company_2912,enterprise,4999,2023-06-18,active,2,7,SaaS,1.2,22,3,3,3,0,0.0431438098990252,54.2,At Risk
cust_2913,Company_2913,starter,299,2023-09-16,churned,2,3,Other,5.9,6,5,3,0,1,0.1199706557841031,,
cust_2914,Company_2914,enterprise,4999,2023-11-03,active,15,14,Ecommerce,3.5,16,4,2,3,0,0.0594222544279002,79.0,Healthy
cust_2915,Company_2915,growth,799,2023-02-15,active,20,3,Other,4.3,18,2,2,1,0,0.0666013651581578,72.0,At Risk
cust_2916,Company_2916,starter,299,2023-12-30,active,17,4,Finance,6.9,7,3,0,0,0,0.0765699850025039,70.5,At Risk
cust_2917,Company_2917,pro,1999,2023-02-16,active,16,4,Healthcare,4.0,24,3,2,2,0,0.0434234779073914,80.0,Healthy
cust_2918,Company_2918,starter,299,2023-06-20,active,9,5,Ecommerce,9.9,15,3,2,0,0,0.0841592152945394,66.3,At Risk
cust_2919,Company_2919,starter,299,2023-01-18,active,23,2,SaaS,5.7,21,1,0,0,0,0.2170505755207728,80.0,Healthy
cust_2920,Company_2920,starter,299,2023-07-13,active,1,5,SaaS,5.8,10,5,1,0,0,0.1149489822113078,57.1,At Risk
cust_2921,Company_2921,pro,1999,2023-09-11,active,4,2,SaaS,8.9,22,4,1,2,0,0.0549396055704521,73.3,At Risk
cust_2922,Company_2922,starter,299,2023-08-04,active,21,4,Other,7.3,26,4,0,0,0,0.1448261050689772,95.0,Healthy
cust_2923,Company_2923,starter,299,2023-01-30,active,2,5,SaaS,5.5,19,4,0,0,0,0.1782271961714328,72.7,At Risk
cust_2924,Company_2924,growth,799,2023-09-24,active,4,3,Other,9.7,5,4,2,1,0,0.0880130050863442,45.8,Critical
cust_2925,Company_2925,growth,799,2023-05-23,active,3,5,Ecommerce,6.4,1,4,0,1,0,0.0982130321014506,47.8,Critical
cust_2926,Company_2926,enterprise,4999,2023-12-28,active,8,27,Healthcare,1.3,24,7,3,3,0,0.0368930714942498,76.7,Healthy
cust_2927,Company_2927,starter,299,2023-11-26,active,1,1,Ecommerce,9.9,21,7,4,0,0,0.1077183712698061,57.1,At Risk
cust_2928,Company_2928,starter,299,2023-10-20,active,10,3,Healthcare,8.5,27,6,5,0,0,0.1047553298494235,75.8,Healthy
cust_2929,Company_2929,starter,299,2023-02-15,active,2,5,Ecommerce,6.9,23,4,0,0,0,0.1373752136130717,74.2,At Risk
cust_2930,Company_2930,pro,1999,2023-08-10,active,16,5,Healthcare,6.4,9,3,0,2,0,0.0528409094101614,73.5,At Risk
cust_2931,Company_2931,growth,799,2023-03-05,active,24,4,Other,2.7,13,6,5,1,0,0.0802606984326285,69.5,At Risk
cust_2932,Company_2932,starter,299,2023-02-23,active,13,4,Healthcare,7.1,3,8,3,0,0,0.0979334639700154,59.5,At Risk
cust_2933,Company_2933,starter,299,2023-03-06,active,22,2,Healthcare,9.3,13,6,0,0,0,0.1207700868344514,89.5,Healthy
cust_2934,Company_2934,starter,299,2023-12-02,active,13,2,Healthcare,9.3,5,3,1,0,0,0.0900922446932273,62.5,At Risk
cust_2935,Company_2935,growth,799,2023-08-11,active,15,5,SaaS,5.9,22,4,3,1,0,0.0811633455362129,80.0,Healthy
cust_2936,Company_2936,growth,799,2023-02-13,active,13,3,Ecommerce,2.3,29,1,3,1,0,0.0850490108407139,65.0,At Risk
cust_2937,Company_2937,starter,299,2023-10-26,active,8,5,Other,1.5,10,6,4,0,0,0.1492400425891614,56.7,At Risk
cust_2938,Company_2938,growth,799,2023-08-27,active,5,5,Healthcare,4.1,0,4,4,1,0,0.1114282948743098,30.4,Critical
cust_2939,Company_2939,starter,299,2023-09-30,active,1,1,Finance,1.7,14,2,3,0,0,0.1521791583674342,38.1,Critical
cust_2940,Company_2940,starter,299,2023-10-10,active,19,1,Ecommerce,6.1,30,6,3,0,0,0.1252668117415948,85.0,Healthy
cust_2941,Company_2941,starter,299,2023-02-17,active,18,1,SaaS,8.5,9,7,0,0,0,0.1084167965158806,83.5,Healthy
cust_2942,Company_2942,starter,299,2023-11-30,active,12,1,Other,2.2,8,3,4,0,0,0.1290360067090126,52.0,At Risk
cust_2943,Company_2943,enterprise,4999,2023-10-15,active,16,30,SaaS,6.5,20,1,1,3,0,0.047372244027602,75.0,Healthy
cust_2944,Company_2944,growth,799,2023-01-10,active,4,2,Finance,6.5,2,7,5,1,0,0.0970018848262417,36.3,Critical
cust_2945,Company_2945,starter,299,2023-05-21,active,6,1,Healthcare,6.8,19,6,1,0,0,0.1147786100993305,81.0,Healthy
cust_2946,Company_2946,enterprise,4999,2023-03-24,active,8,27,Other,2.5,3,1,3,3,0,0.0442589097678907,31.2,Critical
cust_2947,Company_2947,starter,299,2023-01-22,active,1,4,Ecommerce,0.7,4,5,1,0,0,0.1417115339384581,48.1,Critical
cust_2948,Company_2948,enterprise,4999,2023-11-30,active,23,17,Other,4.8,7,8,5,3,0,0.0462284679940535,60.5,At Risk
cust_2949,Company_2949,growth,799,2023-01-13,active,23,4,SaaS,8.2,24,5,2,1,0,0.0629561760431528,90.0,Healthy
cust_2950,Company_2950,starter,299,2023-12-06,active,20,4,Healthcare,2.9,23,7,4,0,0,0.154546441035025,80.0,Healthy
cust_2951,Company_2951,enterprise,4999,2023-04-17,active,12,17,Finance,2.6,10,2,2,3,0,0.0426214485734165,60.0,At Risk
cust_2952,Company_2952,starter,299,2023-08-08,active,18,4,Finance,9.3,16,4,5,0,0,0.1267561292727844,69.0,At Risk
cust_2953,Company_2953,pro,1999,2023-05-18,active,17,3,Other,7.5,7,6,5,2,0,0.0535269375138444,60.5,At Risk
cust_2954,Company_2954,growth,799,2023-08-08,active,21,4,Healthcare,2.6,12,5,4,1,0,0.0863751113337907,68.0,At Risk
cust_2955,Company_2955,starter,299,2023-03-20,active,1,4,Healthcare,4.0,15,1,4,0,0,0.1487266107813895,29.6,Critical
cust_2956,Company_2956,enterprise,4999,2023-05-29,active,8,42,Healthcare,7.8,19,4,5,3,0,0.0382583251338231,65.2,At Risk
cust_2957,Company_2957,pro,1999,2023-05-09,active,10,4,Other,7.1,27,1,2,2,0,0.0456741087498372,65.8,At Risk
cust_2958,Company_2958,starter,299,2023-06-06,active,11,3,SaaS,6.2,17,5,3,0,0,0.0984587427889429,78.4,Healthy
cust_2959,Company_2959,growth,799,2023-01-05,active,2,3,Ecommerce,9.2,24,4,4,1,0,0.0665413574086933,54.2,At Risk
cust_2960,Company_2960,starter,299,2023-08-28,active,15,4,Ecommerce,8.5,18,6,2,0,0,0.1121819851374707,87.0,Healthy
cust_2961,Company_2961,growth,799,2023-06-26,active,22,1,Ecommerce,5.8,0,2,3,1,0,0.0724321025938138,40.0,Critical
cust_2962,Company_2962,starter,299,2023-10-14,churned,12,1,Ecommerce,7.0,20,1,2,0,1,0.1581149210111657,,
cust_2963,Company_2963,enterprise,4999,2023-01-12,active,22,36,SaaS,3.5,10,4,0,3,0,0.048113446423423,80.0,Healthy
cust_2964,Company_2964,starter,299,2023-08-26,active,20,2,Ecommerce,7.6,19,6,1,0,0,0.1074150408601593,93.5,Healthy
cust_2965,Company_2965,starter,299,2023-02-21,churned,4,3,Other,0.8,27,3,3,0,1,0.2009932220326852,,
cust_2966,Company_2966,starter,299,2023-08-24,churned,9,4,Healthcare,9.1,25,6,0,0,1,0.1534922241373127,,
cust_2967,Company_2967,growth,799,2023-09-26,active,12,5,Ecommerce,5.8,21,6,2,1,0,0.0815013426606695,90.0,Healthy
cust_2968,Company_2968,starter,299,2023-02-11,active,9,4,SaaS,8.1,26,2,4,0,0,0.1028044384724057,58.8,At Risk
cust_2969,Company_2969,starter,299,2023-02-18,active,3,3,Finance,8.4,10,4,5,0,0,0.0939214688590694,41.3,Critical
cust_2970,Company_2970,growth,799,2023-01-17,active,14,2,Other,8.5,13,8,1,1,0,0.0708896741860402,84.5,Healthy
cust_2971,Company_2971,starter,299,2023-05-09,churned,13,2,SaaS,6.8,26,8,2,0,1,0.1464458928777938,,
cust_2972,Company_2972,enterprise,4999,2023-03-27,active,14,7,Ecommerce,7.7,0,5,4,3,0,0.0305220222109389,50.0,At Risk
cust_2973,Company_2973,starter,299,2023-12-02,active,15,1,Other,6.4,1,7,4,0,0,0.1109832680077332,51.5,At Risk
cust_2974,Company_2974,starter,299,2023-11-05,active,14,2,Other,6.2,30,2,3,0,0,0.1107384265691965,70.0,At Risk
cust_2975,Company_2975,pro,1999,2023-01-31,active,10,3,Other,8.3,17,3,1,2,0,0.041403315648855,76.3,Healthy
cust_2976,Company_2976,enterprise,4999,2023-12-27,active,24,15,SaaS,9.5,30,4,2,3,0,0.130292640870293,85.0,Healthy
cust_2977,Company_2977,pro,1999,2023-09-29,active,18,1,Finance,5.3,27,2,5,2,0,0.0510985201333381,65.0,At Risk
cust_2978,Company_2978,starter,299,2023-03-19,churned,2,5,Ecommerce,4.3,11,1,5,0,1,0.1886100732519754,,
cust_2979,Company_2979,starter,299,2023-03-31,active,24,2,Finance,1.8,11,6,3,0,0,0.1291454625762733,71.5,At Risk
cust_2980,Company_2980,starter,299,2023-04-05,active,20,1,Finance,3.3,0,5,5,0,0,0.1520422587941108,50.0,At Risk
cust_2981,Company_2981,starter,299,2023-02-13,active,17,2,Finance,2.9,28,6,1,0,0,0.1671515944395642,95.0,Healthy
cust_2982,Company_2982,enterprise,4999,2023-02-13,active,2,11,Other,5.1,3,2,2,3,0,0.0416510764836663,28.7,Critical
cust_2983,Company_2983,starter,299,2023-03-17,active,22,4,Other,1.7,28,6,0,0,0,0.2907572051679681,100.0,Healthy
cust_2984,Company_2984,enterprise,4999,2023-04-20,active,6,28,Ecommerce,7.0,2,1,5,3,0,0.0431211395112043,20.5,Critical
cust_2985,Company_2985,growth,799,2023-04-28,active,20,1,Other,5.7,12,2,2,1,0,0.0675981865932554,63.0,At Risk
cust_2986,Company_2986,growth,799,2023-12-14,active,15,4,SaaS,7.8,11,3,4,1,0,0.0584017580160845,56.5,At Risk
cust_2987,Company_2987,growth,799,2023-08-20,churned,16,3,Finance,8.6,23,2,2,1,1,0.0768737830212672,,
cust_2988,Company_2988,pro,1999,2023-01-29,active,9,1,SaaS,8.2,5,1,1,2,0,0.0467846965820916,46.3,Critical
cust_2989,Company_2989,pro,1999,2023-07-13,active,24,2,Other,5.2,19,1,1,2,0,0.0405909006575936,73.5,At Risk
cust_2990,Company_2990,pro,1999,2023-06-08,active,21,1,Ecommerce,6.1,16,7,3,2,0,0.0578044399051533,79.0,Healthy
cust_2991,Company_2991,pro,1999,2023-01-25,active,8,1,Finance,0.6,24,4,2,2,0,0.0549436701631715,76.7,Healthy
cust_2992,Company_2992,growth,799,2023-12-20,active,15,3,SaaS,5.6,23,3,1,1,0,0.0797628025082041,85.0,Healthy
cust_2993,Company_2993,pro,1999,2023-10-05,active,17,1,Ecommerce,8.4,21,3,3,2,0,0.0427132163148326,75.0,Healthy
cust_2994,Company_2994,starter,299,2023-01-25,churned,11,2,Finance,4.1,3,5,1,0,1,0.128265226846918,,
cust_2995,Company_2995,starter,299,2023-02-20,active,8,5,Ecommerce,3.9,7,3,0,0,0,0.1159648517659513,62.2,At Risk
cust_2996,Company_2996,pro,1999,2023-04-11,active,22,4,Other,1.7,24,7,1,2,0,0.0410996987035132,95.0,Healthy
cust_2997,Company_2997,growth,799,2023-01-05,active,8,1,Healthcare,9.9,23,7,4,1,0,0.0514056456746239,71.7,At Risk
cust_2998,Company_2998,starter,299,2023-09-19,active,19,4,Healthcare,5.1,1,1,0,0,0,0.1285644565492094,51.5,At Risk
cust_2999,Company_2999,starter,299,2023-02-11,active,9,1,SaaS,9.7,29,1,3,0,0,0.1001554130913165,58.8,At Risk
cust_3000,Company_3000,starter,299,2023-05-04,active,9,1,Other,8.5,10,2,1,0,0,0.1008573269281805,58.8,At Risk
